Order_ID,Order_Date,Customer_ID,Customer_Name,Product_ID,Product_Name,Category,Sub_Category,Quantity,Unit_Price,Sales,Discount,Profit,Region,State,City,Payment_Mode
ORD-2023-10001,2022-07-03,CUST-1155,Elizabeth Gonzalez,PROD-TEC-101,ProBook 15.6 Inch Laptop,Technology,Laptops & Monitors,2,850.0,1190.0,0.3,-141.0,South,Florida,Orlando,Debit Card
ORD-2023-10002,2022-04-16,CUST-1447,Edward King,PROD-TEC-101,ProBook 15.6 Inch Laptop,Technology,Laptops & Monitors,1,850.0,850.0,0.0,183.0,East,Pennsylvania,Philadelphia,UPI / Net Banking
ORD-2023-10003,2022-04-27,CUST-1421,Jennifer Thomas,PROD-TEC-105,Wireless Ergonomic Mouse,Technology,Accessories,3,35.0,94.5,0.1,25.5,East,Massachusetts,Boston,Cash on Delivery
ORD-2023-10004,2022-03-29,CUST-1128,Kevin Ramirez,PROD-TEC-108,HD Pro Webcam 1080p,Technology,Accessories,4,65.0,260.0,0.0,91.8,East,Massachusetts,Boston,Credit Card
ORD-2023-10005,2022-11-01,CUST-1441,Christopher Davis,PROD-OFF-128,Precision Cutting Mat & Knife Set,Office Supplies,Art & Craft,1,22.0,20.9,0.05,5.46,West,California,San Diego,Credit Card
ORD-2024-10006,2022-08-05,CUST-1136,Richard Gonzalez,PROD-TEC-106,Mechanical RGB Keyboard,Technology,Accessories,3,75.0,225.0,0.0,72.75,West,California,San Francisco,Credit Card
ORD-2023-10007,2022-10-26,CUST-1017,Brian Ramirez,PROD-FUR-115,Adjustable Drafting Stool,Furniture,Chairs & Stools,2,110.0,187.0,0.15,17.0,East,Pennsylvania,Philadelphia,Debit Card
ORD-2024-10008,2023-08-27,CUST-1339,Anthony Wright,PROD-FUR-113,Ergonomic Executive Mesh Chair,Furniture,Chairs & Stools,2,240.0,480.0,0.0,91.0,Central,Texas,Dallas,Credit Card
ORD-2022-10009,2022-06-19,CUST-1406,Sarah Lee,PROD-FUR-120,Modern Modular Bookshelf,Furniture,Bookcases,1,210.0,157.5,0.25,-10.3,North,Wisconsin,Milwaukee,PayPal
ORD-2024-10010,2023-02-17,CUST-1140,Sandra Thomas,PROD-HOM-133,Stainless Steel Chef Knife 8-Inch,Home & Kitchen,Cookware & Dining,1,45.0,45.0,0.0,16.25,Central,Ohio,Columbus,Debit Card
ORD-2023-10011,2022-01-27,CUST-1047,Joseph Lee,PROD-FUR-115,Adjustable Drafting Stool,Furniture,Chairs & Stools,1,110.0,104.5,0.05,18.0,East,New York,New York City,UPI / Net Banking
ORD-2023-10012,2023-06-16,CUST-1334,Brian Johnson,PROD-HOM-129,Digital Touchscreen Air Fryer 5.8Qt,Home & Kitchen,Appliances,1,110.0,99.0,0.1,18.0,West,California,San Diego,Debit Card
ORD-2023-10013,2023-02-23,CUST-1171,John Flores,PROD-OFF-121,Premium Multipurpose Copy Paper 5 Reams,Office Supplies,Paper & Stationary,2,38.0,76.0,0.0,29.2,North,Wisconsin,Milwaukee,PayPal
ORD-2023-10014,2024-04-13,CUST-1390,Steven Ramirez,PROD-HOM-136,Weighted Cooling Blanket 15lbs,Home & Kitchen,Bedding & Decor,6,95.0,456.0,0.2,76.5,Central,Illinois,Chicago,UPI / Net Banking
ORD-2024-10015,2024-04-24,CUST-1001,Joshua Davis,PROD-HOM-135,100% Organic Cotton Sheet Set Queen,Home & Kitchen,Bedding & Decor,1,85.0,85.0,0.0,28.3,East,Massachusetts,Boston,Credit Card
ORD-2022-10016,2022-07-28,CUST-1137,Steven Lewis,PROD-HOM-136,Weighted Cooling Blanket 15lbs,Home & Kitchen,Bedding & Decor,2,95.0,190.0,0.0,61.5,South,Florida,Orlando,Credit Card
ORD-2024-10017,2024-03-29,CUST-1123,William Torres,PROD-TEC-111,Bluetooth Conference Speaker,Technology,Phones & Audio,1,120.0,114.0,0.05,28.4,East,Pennsylvania,Philadelphia,PayPal
ORD-2023-10018,2022-05-01,CUST-1332,Susan Clark,PROD-TEC-110,True Wireless Earbuds,Technology,Phones & Audio,1,89.0,53.4,0.4,-8.45,South,North Carolina,Charlotte,Credit Card
ORD-2023-10019,2022-09-07,CUST-1234,Mark Anderson,PROD-HOM-136,Weighted Cooling Blanket 15lbs,Home & Kitchen,Bedding & Decor,1,95.0,80.75,0.15,15.0,Central,Texas,Houston,PayPal
ORD-2023-10020,2024-03-02,CUST-1405,George Nguyen,PROD-OFF-127,Professional Acrylic Paint Set,Office Supplies,Art & Craft,3,42.0,126.0,0.0,46.92,West,California,San Diego,Credit Card
ORD-2024-10021,2023-08-17,CUST-1338,Karen Harris,PROD-HOM-132,Non-Stick Ceramic Cookware 10-Piece,Home & Kitchen,Cookware & Dining,4,180.0,648.0,0.1,151.4,West,California,San Francisco,Credit Card
ORD-2023-10022,2024-06-09,CUST-1097,George Young,PROD-FUR-116,Electric Dual-Motor Standing Desk,Furniture,Desks & Tables,1,450.0,450.0,0.0,77.0,Central,Ohio,Columbus,Debit Card
ORD-2023-10023,2023-01-31,CUST-1340,Melissa Wright,PROD-TEC-110,True Wireless Earbuds,Technology,Phones & Audio,5,89.0,422.75,0.05,125.5,East,Massachusetts,Boston,PayPal
ORD-2023-10024,2022-04-13,CUST-1270,Amanda Lopez,PROD-HOM-130,Programmable Drip Coffee Maker,Home & Kitchen,Appliances,3,75.0,213.75,0.05,61.5,South,Florida,Miami,Debit Card
ORD-2023-10025,2022-12-13,CUST-1320,Robert Jackson,PROD-OFF-126,Desktop Document Organizer,Office Supplies,Storage & Organization,2,28.0,53.2,0.05,17.4,East,New York,New York City,Credit Card
ORD-2024-10026,2024-06-27,CUST-1389,John Thompson,PROD-HOM-132,Non-Stick Ceramic Cookware 10-Piece,Home & Kitchen,Cookware & Dining,1,180.0,162.0,0.1,35.6,West,Oregon,Portland,Debit Card
ORD-2024-10027,2022-04-03,CUST-1223,Daniel Scott,PROD-TEC-107,USB-C Multi-Port Hub,Technology,Accessories,5,45.0,225.0,0.0,93.25,West,California,Los Angeles,PayPal
ORD-2023-10028,2023-01-03,CUST-1192,Michelle King,PROD-OFF-128,Precision Cutting Mat & Knife Set,Office Supplies,Art & Craft,1,22.0,22.0,0.0,6.56,West,California,San Francisco,Credit Card
ORD-2024-10029,2024-06-10,CUST-1196,Linda Miller,PROD-FUR-116,Electric Dual-Motor Standing Desk,Furniture,Desks & Tables,5,450.0,1912.5,0.15,59.5,Central,Texas,Dallas,UPI / Net Banking
ORD-2022-10030,2024-04-03,CUST-1239,Betty Perez,PROD-FUR-119,5-Shelf Ladder Bookcase,Furniture,Bookcases,4,140.0,560.0,0.0,133.0,South,Florida,Orlando,Debit Card
ORD-2024-10031,2022-09-14,CUST-1234,Mark Anderson,PROD-FUR-120,Modern Modular Bookshelf,Furniture,Bookcases,4,210.0,672.0,0.2,9.8,West,California,San Francisco,Credit Card
ORD-2023-10032,2023-12-18,CUST-1152,Sandra Jackson,PROD-TEC-102,UltraSlim 14 Inch Notebook,Technology,Laptops & Monitors,1,1100.0,1045.0,0.05,216.0,South,North Carolina,Charlotte,UPI / Net Banking
ORD-2024-10033,2024-02-03,CUST-1255,John Ramirez,PROD-FUR-119,5-Shelf Ladder Bookcase,Furniture,Bookcases,1,140.0,133.0,0.05,24.0,West,California,San Francisco,Credit Card
ORD-2024-10034,2024-02-25,CUST-1338,Karen Harris,PROD-TEC-109,Noise Canceling Headphones,Technology,Phones & Audio,1,199.0,199.0,0.0,55.7,North,Wisconsin,Milwaukee,Credit Card
ORD-2023-10035,2024-01-20,CUST-1068,Amanda Ramirez,PROD-TEC-106,Mechanical RGB Keyboard,Technology,Accessories,2,75.0,135.0,0.1,32.5,West,California,San Diego,Cash on Delivery
ORD-2023-10036,2023-06-28,CUST-1257,Steven Gonzalez,PROD-FUR-118,Solid Wood Conference Table,Furniture,Desks & Tables,6,850.0,5100.0,0.0,756.0,West,California,San Francisco,Credit Card
ORD-2023-10037,2024-04-03,CUST-1059,Steven Taylor,PROD-HOM-130,Programmable Drip Coffee Maker,Home & Kitchen,Appliances,1,75.0,75.0,0.0,22.25,Central,Illinois,Chicago,Debit Card
ORD-2024-10038,2023-01-10,CUST-1047,Joseph Lee,PROD-OFF-126,Desktop Document Organizer,Office Supplies,Storage & Organization,1,28.0,28.0,0.0,8.6,North,Michigan,Detroit,Credit Card
ORD-2023-10039,2024-04-22,CUST-1327,Dorothy Wilson,PROD-OFF-124,Heavy-Duty Plastic Storage Bins 4-Pack,Office Supplies,Storage & Organization,1,55.0,52.25,0.05,15.25,North,Michigan,Detroit,Credit Card
ORD-2024-10040,2022-08-15,CUST-1332,Susan Clark,PROD-TEC-105,Wireless Ergonomic Mouse,Technology,Accessories,3,35.0,89.25,0.15,20.25,East,Massachusetts,Boston,PayPal
ORD-2023-10041,2023-05-20,CUST-1060,Melissa Nguyen,PROD-TEC-107,USB-C Multi-Port Hub,Technology,Accessories,2,45.0,81.0,0.1,26.5,Central,Texas,Houston,Debit Card
ORD-2024-10042,2023-03-06,CUST-1301,Joseph Lopez,PROD-TEC-110,True Wireless Earbuds,Technology,Phones & Audio,1,89.0,75.65,0.15,13.8,West,Washington,Seattle,Credit Card
ORD-2024-10043,2023-01-15,CUST-1112,Mary Nguyen,PROD-HOM-129,Digital Touchscreen Air Fryer 5.8Qt,Home & Kitchen,Appliances,1,110.0,104.5,0.05,23.5,Central,Texas,Dallas,Credit Card
ORD-2024-10044,2023-01-03,CUST-1032,John Anderson,PROD-OFF-126,Desktop Document Organizer,Office Supplies,Storage & Organization,2,28.0,56.0,0.0,20.2,Central,Texas,Austin,Credit Card
ORD-2024-10045,2023-10-17,CUST-1306,William Robinson,PROD-TEC-102,UltraSlim 14 Inch Notebook,Technology,Laptops & Monitors,3,1100.0,3300.0,0.0,819.0,North,Michigan,Detroit,Credit Card
ORD-2024-10046,2022-08-01,CUST-1301,Joseph Lopez,PROD-FUR-114,High-Back Leather Gaming Chair,Furniture,Chairs & Stools,1,290.0,290.0,0.0,48.2,North,Michigan,Detroit,
ORD-2022-10047,2022-05-14,CUST-1277,Carol Lee,PROD-FUR-117,Compact Computer Desk,Furniture,Desks & Tables,1,130.0,117.0,0.1,11.6,South,Florida,Orlando,Debit Card
ORD-2024-10048,2022-11-28,CUST-1009,Susan Anderson,PROD-TEC-112,Smart Fitness Watch,Technology,Phones & Audio,2,149.0,298.0,0.0,78.44,East,Pennsylvania,Philadelphia,UPI / Net Banking
ORD-2023-10049,2023-06-10,CUST-1304,Emily Thomas,PROD-TEC-107,USB-C Multi-Port Hub,Technology,Accessories,5,45.0,202.5,0.1,70.75,West,Washington,Seattle,Credit Card
ORD-2024-10050,2022-11-05,CUST-1235,Richard Robinson,PROD-TEC-102,UltraSlim 14 Inch Notebook,Technology,Laptops & Monitors,3,1100.0,2640.0,0.2,159.0,South,Florida,Miami,PayPal
ORD-2023-10051,2022-03-17,CUST-1042,Kenneth Hernandez,PROD-OFF-121,Premium Multipurpose Copy Paper 5 Reams,Office Supplies,Paper & Stationary,3,38.0,114.0,0.0,45.3,East,New York,Buffalo,UPI / Net Banking
ORD-2024-10052,2023-06-28,CUST-1151,Matthew Taylor,PROD-HOM-130,Programmable Drip Coffee Maker,Home & Kitchen,Appliances,3,75.0,225.0,0.0,72.75,East,Massachusetts,Boston,PayPal
ORD-2024-10053,2024-06-05,CUST-1111,Robert Perez,PROD-OFF-128,Precision Cutting Mat & Knife Set,Office Supplies,Art & Craft,1,22.0,22.0,0.0,6.56,Central,Texas,Dallas,PayPal
ORD-2023-10054,2023-03-14,CUST-1161,Donna Walker,PROD-FUR-117,Compact Computer Desk,Furniture,Desks & Tables,3,130.0,390.0,0.0,79.8,Central,Texas,Austin,Credit Card
ORD-2023-10055,2022-04-09,CUST-1382,Amanda Harris,PROD-OFF-124,Heavy-Duty Plastic Storage Bins 4-Pack,Office Supplies,Storage & Organization,1,55.0,49.5,0.1,12.5,Central,Texas,Houston,UPI / Net Banking
ORD-2023-10056,2024-06-13,CUST-1341,Kenneth Anderson,PROD-OFF-128,Precision Cutting Mat & Knife Set,Office Supplies,Art & Craft,3,22.0,62.7,0.05,22.38,East,New York,New York City,Credit Card
ORD-2024-10057,2023-05-09,CUST-1115,James Jones,PROD-TEC-107,USB-C Multi-Port Hub,Technology,Accessories,1,45.0,45.0,0.0,16.25,North,Minnesota,Minneapolis,Credit Card
ORD-2024-10058,2024-02-25,CUST-1420,Kimberly Gonzalez,PROD-HOM-136,Weighted Cooling Blanket 15lbs,Home & Kitchen,Bedding & Decor,5,95.0,427.5,0.1,110.75,South,Florida,Miami,Debit Card
ORD-2023-10059,2022-12-14,CUST-1180,Sandra Lee,PROD-TEC-101,ProBook 15.6 Inch Laptop,Technology,Laptops & Monitors,2,850.0,1615.0,0.05,284.0,East,New York,Buffalo,PayPal
ORD-2022-10060,2022-04-04,CUST-1383,Betty Gonzalez,PROD-HOM-134,Insulated Stainless Steel Tumbler 30oz,Home & Kitchen,Cookware & Dining,1,25.0,25.0,0.0,8.5,Central,Texas,Houston,Credit Card
ORD-2024-10061,2023-09-03,CUST-1044,David Robinson,PROD-TEC-104,24-Inch IPS FHD Monitor,Technology,Laptops & Monitors,6,180.0,756.0,0.3,-9.0,North,Michigan,Detroit,Credit Card
ORD-2023-10062,2023-09-14,CUST-1227,Barbara Clark,PROD-OFF-127,Professional Acrylic Paint Set,Office Supplies,Art & Craft,1,42.0,31.5,0.25,3.14,West,California,San Diego,Cash on Delivery
ORD-2024-10063,2023-05-14,CUST-1270,Amanda Lopez,PROD-FUR-120,Modern Modular Bookshelf,Furniture,Bookcases,6,210.0,1008.0,0.2,16.2,West,California,Los Angeles,Credit Card
ORD-2022-10064,2024-02-22,CUST-1131,George Brown,PROD-FUR-119,5-Shelf Ladder Bookcase,Furniture,Bookcases,4,140.0,560.0,0.0,133.0,East,Pennsylvania,Philadelphia,Debit Card
ORD-2022-10065,2023-05-28,CUST-1287,Amanda Martin,PROD-OFF-123,Gel Ink Pens Box of 24,Office Supplies,Paper & Stationary,6,15.0,81.0,0.1,31.5,Central,Illinois,Chicago,Credit Card
ORD-2023-10066,2023-08-13,CUST-1220,Daniel Wilson,PROD-OFF-126,Desktop Document Organizer,Office Supplies,Storage & Organization,3,28.0,42.0,0.5,-10.2,East,Massachusetts,Boston,Debit Card
ORD-2023-10067,2024-05-01,CUST-1354,William Robinson,PROD-OFF-124,Heavy-Duty Plastic Storage Bins 4-Pack,Office Supplies,Storage & Organization,4,55.0,198.0,0.1,59.0,Central,Illinois,Chicago,PayPal
ORD-2023-10068,2024-02-03,CUST-1174,Andrew King,PROD-FUR-115,Adjustable Drafting Stool,Furniture,Chairs & Stools,2,110.0,220.0,0.0,50.0,South,Georgia,Atlanta,PayPal
ORD-2023-10069,2022-12-26,CUST-1373,Andrew Wilson,PROD-TEC-110,True Wireless Earbuds,Technology,Phones & Audio,4,89.0,267.0,0.25,28.6,West,California,San Francisco,Debit Card
ORD-2022-10070,2022-07-01,CUST-1396,Margaret White,PROD-HOM-132,Non-Stick Ceramic Cookware 10-Piece,Home & Kitchen,Cookware & Dining,4,180.0,648.0,0.1,151.4,Central,Texas,Dallas,PayPal
ORD-2024-10071,2023-10-02,CUST-1166,Kenneth Jones,PROD-OFF-121,Premium Multipurpose Copy Paper 5 Reams,Office Supplies,Paper & Stationary,5,38.0,190.0,0.0,77.5,West,California,San Francisco,Credit Card
ORD-2023-10072,2023-06-04,CUST-1038,David White,PROD-FUR-120,Modern Modular Bookshelf,Furniture,Bookcases,2,210.0,420.0,0.0,87.4,West,Washington,Seattle,Debit Card
ORD-2022-10073,2023-09-22,CUST-1305,Linda Robinson,PROD-HOM-133,Stainless Steel Chef Knife 8-Inch,Home & Kitchen,Cookware & Dining,1,45.0,42.75,0.05,14.0,East,Massachusetts,Boston,Credit Card
ORD-2024-10074,2023-10-30,CUST-1097,George Young,PROD-OFF-121,Premium Multipurpose Copy Paper 5 Reams,Office Supplies,Paper & Stationary,4,38.0,152.0,0.0,61.4,East,Massachusetts,Boston,Debit Card
ORD-2024-10075,2022-03-28,CUST-1259,Robert Perez,PROD-TEC-112,Smart Fitness Watch,Technology,Phones & Audio,3,149.0,447.0,0.0,119.16,Central,Illinois,Chicago,Credit Card
ORD-2023-10076,2022-10-17,CUST-1199,Charles Hill,PROD-OFF-127,Professional Acrylic Paint Set,Office Supplies,Art & Craft,1,42.0,39.9,0.05,11.54,Central,Texas,Austin,Debit Card
ORD-2024-10077,2023-11-26,CUST-1198,Elizabeth Moore,PROD-FUR-119,5-Shelf Ladder Bookcase,Furniture,Bookcases,3,140.0,252.0,0.4,-69.0,West,California,San Diego,Credit Card
ORD-2024-10078,2023-11-11,CUST-1073,Emily Smith,PROD-OFF-123,Gel Ink Pens Box of 24,Office Supplies,Paper & Stationary,4,15.0,60.0,0.0,26.0,West,California,San Diego,Credit Card
ORD-2023-10079,2023-07-27,CUST-1193,James Scott,PROD-OFF-122,Executive Hardcover Notebook 3-Pack,Office Supplies,Paper & Stationary,1,24.0,16.8,0.3,0.8,South,Florida,Orlando,PayPal
ORD-2024-10080,2023-11-18,CUST-1217,Margaret Rodriguez,PROD-HOM-133,Stainless Steel Chef Knife 8-Inch,Home & Kitchen,Cookware & Dining,2,45.0,90.0,0.0,35.5,East,Pennsylvania,Philadelphia,Credit Card
ORD-2022-10081,2022-08-20,CUST-1071,Kenneth Robinson,PROD-TEC-110,True Wireless Earbuds,Technology,Phones & Audio,2,89.0,160.2,0.1,39.5,Central,Illinois,Chicago,Credit Card
ORD-2024-10082,2022-02-08,CUST-1339,Anthony Wright,PROD-OFF-122,Executive Hardcover Notebook 3-Pack,Office Supplies,Paper & Stationary,6,24.0,129.6,0.1,48.6,Central,Ohio,Columbus,Debit Card
ORD-2022-10083,2024-01-09,CUST-1225,Melissa Martinez,PROD-TEC-103,27-Inch 4K UHD Monitor,Technology,Laptops & Monitors,2,350.0,700.0,0.0,191.0,West,Washington,Seattle,PayPal
ORD-2023-10084,2022-08-28,CUST-1274,Karen Jackson,PROD-FUR-116,Electric Dual-Motor Standing Desk,Furniture,Desks & Tables,1,450.0,450.0,0.0,77.0,East,Pennsylvania,Philadelphia,Credit Card
ORD-2024-10085,2023-03-28,CUST-1237,Joseph Anderson,PROD-FUR-119,5-Shelf Ladder Bookcase,Furniture,Bookcases,4,140.0,504.0,0.1,77.0,West,Washington,Seattle,Credit Card
ORD-2023-10086,2022-02-23,CUST-1329,Anthony Perez,PROD-HOM-131,Compact HEPA Air Purifier,Home & Kitchen,Appliances,2,130.0,247.0,0.05,54.8,East,Pennsylvania,Philadelphia,Debit Card
ORD-2022-10087,2022-10-07,CUST-1231,Sarah Hernandez,PROD-HOM-133,Stainless Steel Chef Knife 8-Inch,Home & Kitchen,Cookware & Dining,2,45.0,81.0,0.1,26.5,Central,Texas,Houston,Credit Card
ORD-2022-10088,2023-03-01,CUST-1028,Emily Jackson,PROD-OFF-126,Desktop Document Organizer,Office Supplies,Storage & Organization,2,28.0,50.4,0.1,14.6,West,Oregon,Portland,UPI / Net Banking
ORD-2022-10089,2024-05-09,CUST-1366,Deborah Williams,PROD-OFF-122,Executive Hardcover Notebook 3-Pack,Office Supplies,Paper & Stationary,3,24.0,72.0,0.0,30.0,East,New York,Buffalo,Debit Card
ORD-2024-10090,2023-04-26,CUST-1230,Anthony Thomas,PROD-TEC-101,ProBook 15.6 Inch Laptop,Technology,Laptops & Monitors,1,850.0,807.5,0.05,140.5,North,Michigan,Detroit,Debit Card
ORD-2023-10091,2022-04-24,CUST-1398,Dorothy Martinez,PROD-FUR-119,5-Shelf Ladder Bookcase,Furniture,Bookcases,2,140.0,252.0,0.1,37.0,West,California,San Francisco,Debit Card
ORD-2022-10092,2024-05-06,CUST-1256,,PROD-HOM-135,100% Organic Cotton Sheet Set Queen,Home & Kitchen,Bedding & Decor,6,85.0,510.0,0.0,184.8,North,Michigan,Detroit,UPI / Net Banking
ORD-2023-10093,2022-09-04,CUST-1293,Sandra Clark,PROD-OFF-127,Professional Acrylic Paint Set,Office Supplies,Art & Craft,1,42.0,42.0,0.0,13.64,East,New York,Buffalo,Credit Card
ORD-2024-10094,2024-03-16,CUST-1260,Michelle Lee,PROD-HOM-136,Weighted Cooling Blanket 15lbs,Home & Kitchen,Bedding & Decor,1,95.0,85.5,0.1,19.75,East,New York,New York City,Credit Card
ORD-2022-10095,2023-01-01,CUST-1404,Sandra Ramirez,PROD-TEC-105,Wireless Ergonomic Mouse,Technology,Accessories,4,35.0,140.0,0.0,49.0,South,Georgia,Atlanta,Credit Card
ORD-2022-10096,2022-02-15,CUST-1181,Edward Jones,PROD-HOM-135,100% Organic Cotton Sheet Set Queen,Home & Kitchen,Bedding & Decor,1,85.0,76.5,0.1,19.8,Central,Texas,Austin,UPI / Net Banking
ORD-2024-10097,2022-07-06,CUST-1416,Thomas Perez,PROD-TEC-109,Noise Canceling Headphones,Technology,Phones & Audio,3,199.0,507.45,0.15,83.55,West,California,Los Angeles,Credit Card
ORD-2022-10098,2022-11-20,CUST-1159,Patricia Lee,PROD-HOM-133,Stainless Steel Chef Knife 8-Inch,Home & Kitchen,Cookware & Dining,3,45.0,114.75,0.15,34.5,North,Minnesota,Minneapolis,Debit Card
ORD-2023-10099,2024-06-01,CUST-1400,George King,PROD-TEC-104,24-Inch IPS FHD Monitor,Technology,Laptops & Monitors,2,180.0,306.0,0.15,49.0,West,California,San Diego,UPI / Net Banking
ORD-2023-10100,2022-12-14,CUST-1096,Jennifer Garcia,PROD-HOM-132,Non-Stick Ceramic Cookware 10-Piece,Home & Kitchen,Cookware & Dining,4,180.0,684.0,0.05,187.4,South,North Carolina,Charlotte,PayPal
ORD-2023-10101,2023-09-09,CUST-1422,George Clark,PROD-TEC-112,Smart Fitness Watch,Technology,Phones & Audio,1,149.0,119.2,0.2,7.92,West,Oregon,Portland,PayPal
ORD-2024-10102,2023-03-13,CUST-1086,Kenneth Gonzalez,PROD-HOM-129,Digital Touchscreen Air Fryer 5.8Qt,Home & Kitchen,Appliances,1,110.0,88.0,0.2,7.0,West,California,San Diego,Credit Card
ORD-2024-10103,2024-03-21,CUST-1030,Lisa Torres,PROD-TEC-105,Wireless Ergonomic Mouse,Technology,Accessories,5,35.0,175.0,0.0,62.0,West,Washington,Seattle,Cash on Delivery
ORD-2024-10104,2023-11-26,CUST-1401,Carol Moore,PROD-HOM-129,Digital Touchscreen Air Fryer 5.8Qt,Home & Kitchen,Appliances,6,110.0,627.0,0.05,156.0,Central,Illinois,Chicago,Debit Card
ORD-2022-10105,2023-09-12,CUST-1079,Margaret Hernandez,PROD-HOM-129,Digital Touchscreen Air Fryer 5.8Qt,Home & Kitchen,Appliances,1,110.0,110.0,0.0,29.0,Central,Texas,Austin,PayPal
ORD-2024-10106,2022-10-13,CUST-1128,Kevin Ramirez,PROD-TEC-108,HD Pro Webcam 1080p,Technology,Accessories,4,65.0,221.0,0.15,52.8,East,New York,New York City,Debit Card
ORD-2023-10107,2023-12-22,CUST-1229,Melissa Perez,PROD-FUR-114,High-Back Leather Gaming Chair,Furniture,Chairs & Stools,1,290.0,275.5,0.05,33.7,West,Oregon,Portland,UPI / Net Banking
ORD-2023-10108,2022-06-26,CUST-1366,Deborah Williams,PROD-HOM-129,Digital Touchscreen Air Fryer 5.8Qt,Home & Kitchen,Appliances,2,110.0,220.0,0.0,61.0,East,New York,New York City,PayPal
ORD-2024-10109,2023-07-10,CUST-1149,Patricia Hernandez,PROD-FUR-120,Modern Modular Bookshelf,Furniture,Bookcases,3,210.0,630.0,0.0,132.6,East,New York,Buffalo,PayPal
ORD-2022-10110,2022-07-25,CUST-1406,Sarah Lee,PROD-TEC-109,Noise Canceling Headphones,Technology,Phones & Audio,1,199.0,169.15,0.15,25.85,Central,Texas,Houston,Credit Card
ORD-2024-10111,2022-05-13,CUST-1314,Donald Taylor,PROD-TEC-106,Mechanical RGB Keyboard,Technology,Accessories,1,75.0,45.0,0.4,-7.75,West,California,Los Angeles,Credit Card
ORD-2024-10112,2022-03-17,CUST-1065,Jennifer Brown,PROD-OFF-121,Premium Multipurpose Copy Paper 5 Reams,Office Supplies,Paper & Stationary,4,38.0,114.0,0.25,23.4,North,Wisconsin,Milwaukee,PayPal
ORD-2024-10113,2023-10-18,CUST-1301,Joseph Lopez,PROD-TEC-112,Smart Fitness Watch,Technology,Phones & Audio,2,149.0,298.0,0.0,78.44,South,Florida,Orlando,Debit Card
ORD-2022-10114,2022-06-15,CUST-1166,Kenneth Jones,PROD-FUR-115,Adjustable Drafting Stool,Furniture,Chairs & Stools,2,110.0,176.0,0.2,6.0,East,Pennsylvania,Philadelphia,Debit Card
ORD-2024-10115,2022-10-09,CUST-1065,Jennifer Brown,PROD-FUR-120,Modern Modular Bookshelf,Furniture,Bookcases,1,210.0,199.5,0.05,31.7,East,New York,New York City,Credit Card
ORD-2024-10116,2023-09-12,CUST-1173,Kevin Nguyen,PROD-TEC-103,27-Inch 4K UHD Monitor,Technology,Laptops & Monitors,1,350.0,315.0,0.1,59.0,South,Florida,Miami,Debit Card
ORD-2024-10117,2023-03-03,CUST-1317,Deborah King,PROD-TEC-102,UltraSlim 14 Inch Notebook,Technology,Laptops & Monitors,6,1100.0,6600.0,0.0,1641.0,West,Washington,Seattle,UPI / Net Banking
ORD-2024-10118,2023-02-20,CUST-1153,Margaret Scott,PROD-HOM-130,Programmable Drip Coffee Maker,Home & Kitchen,Appliances,1,75.0,52.5,0.3,-0.25,East,New York,New York City,Cash on Delivery
ORD-2022-10119,2022-11-17,CUST-1442,Melissa Wright,PROD-OFF-121,Premium Multipurpose Copy Paper 5 Reams,Office Supplies,Paper & Stationary,1,38.0,30.4,0.2,5.5,West,California,San Diego,Cash on Delivery
ORD-2023-10120,2022-05-06,CUST-1137,Steven Lewis,PROD-HOM-129,Digital Touchscreen Air Fryer 5.8Qt,Home & Kitchen,Appliances,1,110.0,104.5,0.05,23.5,North,Michigan,Detroit,Debit Card
ORD-2022-10121,2024-04-13,CUST-1168,Betty Davis,PROD-OFF-121,Premium Multipurpose Copy Paper 5 Reams,Office Supplies,Paper & Stationary,3,38.0,102.6,0.1,33.9,West,California,San Francisco,Debit Card
ORD-2022-10122,2022-04-03,CUST-1202,Paul Young,PROD-HOM-133,Stainless Steel Chef Knife 8-Inch,Home & Kitchen,Cookware & Dining,2,45.0,72.0,0.2,17.5,East,Massachusetts,Boston,Credit Card
ORD-2024-10123,2023-11-20,CUST-1241, Deborah Moore ,PROD-FUR-119,5-Shelf Ladder Bookcase,Furniture,Bookcases,6,140.0,672.0,0.2,33.0,West,Oregon,Portland,Debit Card
ORD-2023-10124,2023-01-10,CUST-1024,Kenneth Taylor,PROD-OFF-126,Desktop Document Organizer,Office Supplies,Storage & Organization,1,28.0,28.0,0.0,8.6,West,California,Los Angeles,Credit Card
ORD-2024-10125,2022-10-14,CUST-1423,Ashley Scott,PROD-TEC-108,HD Pro Webcam 1080p,Technology,Accessories,2,65.0,130.0,0.0,44.4,North,Michigan,Detroit,Cash on Delivery
ORD-2022-10126,2022-07-23,CUST-1309,Christopher Lewis,PROD-HOM-133,Stainless Steel Chef Knife 8-Inch,Home & Kitchen,Cookware & Dining,3,45.0,128.25,0.05,48.0,West,Washington,Seattle,PayPal
ORD-2023-10127,2022-06-02,CUST-1311,Margaret Scott,PROD-HOM-133,Stainless Steel Chef Knife 8-Inch,Home & Kitchen,Cookware & Dining,3,45.0,135.0,0.0,54.75,North,Michigan,Detroit,PayPal
ORD-2023-10128,2023-08-31,CUST-1173,Kevin Nguyen,PROD-HOM-133,Stainless Steel Chef Knife 8-Inch,Home & Kitchen,Cookware & Dining,6,45.0,243.0,0.1,85.5,Central,Ohio,Columbus,Debit Card
ORD-2024-10129,2022-04-23,CUST-1214,Steven Williams,PROD-FUR-120,Modern Modular Bookshelf,Furniture,Bookcases,6,210.0,1008.0,0.2,16.2,East,New York,New York City,Credit Card
ORD-2022-10130,2024-01-09,CUST-1027,Matthew Garcia,PROD-HOM-131,Compact HEPA Air Purifier,Home & Kitchen,Appliances,2,130.0,221.0,0.15,28.8,North,Michigan,Detroit,Credit Card
ORD-2022-10131,2022-02-02,CUST-1294,Joshua Torres,PROD-TEC-108,HD Pro Webcam 1080p,Technology,Accessories,2,65.0,130.0,0.0,44.4,North,Michigan,Detroit,UPI / Net Banking
ORD-2024-10132,2023-04-28,CUST-1447,Edward King,PROD-TEC-104,24-Inch IPS FHD Monitor,Technology,Laptops & Monitors,4,180.0,684.0,0.05,173.0,West,California,San Francisco,Credit Card
ORD-2022-10133,2023-04-16,CUST-1273,Emily Smith,PROD-OFF-122,Executive Hardcover Notebook 3-Pack,Office Supplies,Paper & Stationary,1,24.0,19.2,0.2,3.2,South,Georgia,Atlanta,Cash on Delivery
ORD-2023-10134,2022-07-16,CUST-1127,Michael Miller,PROD-FUR-118,Solid Wood Conference Table,Furniture,Desks & Tables,10,850.0,8075.0,0.05,837.0,South,Georgia,Atlanta,UPI / Net Banking
ORD-2024-10135,2023-05-16,CUST-1163,David Brown,PROD-HOM-131,Compact HEPA Air Purifier,Home & Kitchen,Appliances,4,130.0,520.0,0.0,138.6,West,California,San Diego,Credit Card
ORD-2024-10136,2023-01-24,CUST-1203,Thomas Brown,PROD-OFF-123,Gel Ink Pens Box of 24,Office Supplies,Paper & Stationary,6,15.0,81.0,0.1,31.5,East,New York,Buffalo,PayPal
ORD-2023-10137,2024-02-05,CUST-1246,Barbara Nguyen,PROD-FUR-114,High-Back Leather Gaming Chair,Furniture,Chairs & Stools,3,290.0,870.0,0.0,150.6,East,New York,Buffalo,PayPal
ORD-2024-10138,2023-08-24,CUST-1123,William Torres,PROD-FUR-116,Electric Dual-Motor Standing Desk,Furniture,Desks & Tables,2,450.0,765.0,0.15,22.0,West,California,Los Angeles,UPI / Net Banking
ORD-2024-10139,2023-04-29,CUST-1052,Susan Torres,PROD-TEC-109,Noise Canceling Headphones,Technology,Phones & Audio,2,199.0,378.1,0.05,94.5,South,Florida,Miami,Debit Card
ORD-2023-10140,2023-05-04,CUST-1334,Brian Johnson,PROD-FUR-113,Ergonomic Executive Mesh Chair,Furniture,Chairs & Stools,1,240.0,240.0,0.0,44.0,South,Georgia,Atlanta,Debit Card
ORD-2024-10141,2024-01-27,CUST-1371,William Walker,PROD-TEC-103,27-Inch 4K UHD Monitor,Technology,Laptops & Monitors,3,350.0,1050.0,0.0,288.0,East,New York,Buffalo,Credit Card
ORD-2023-10142,2022-07-10,CUST-1384, Robert Nguyen ,PROD-FUR-119,5-Shelf Ladder Bookcase,Furniture,Bookcases,2,140.0,266.0,0.05,51.0,West,California,Los Angeles,Debit Card
ORD-2024-10143,2023-07-11,CUST-1269,Kevin Harris,PROD-HOM-132,Non-Stick Ceramic Cookware 10-Piece,Home & Kitchen,Cookware & Dining,5,180.0,900.0,0.0,280.0,West,California,San Francisco,PayPal
ORD-2023-10144,2023-10-26,CUST-1132,Amanda Miller,PROD-TEC-112,Smart Fitness Watch,Technology,Phones & Audio,2,149.0,268.2,0.1,48.64,South,Florida,Miami,UPI / Net Banking
ORD-2024-10145,2023-02-20,CUST-1424,Edward Thomas,PROD-OFF-128,Precision Cutting Mat & Knife Set,Office Supplies,Art & Craft,1,22.0,16.5,0.25,1.06,West,Oregon,Portland,Credit Card
ORD-2022-10146,2022-01-07,CUST-1134,George Perez,PROD-OFF-125,3-Drawer Mobile File Cabinet,Office Supplies,Storage & Organization,2,145.0,174.0,0.4,-39.8,West,California,San Francisco,Credit Card
ORD-2023-10147,2023-11-01,CUST-1185,Steven Wilson,PROD-FUR-116,Electric Dual-Motor Standing Desk,Furniture,Desks & Tables,3,450.0,1350.0,0.0,237.0,East,New York,New York City,Credit Card
ORD-2024-10148,2024-02-28,CUST-1160,Patricia Brown,PROD-TEC-108,HD Pro Webcam 1080p,Technology,Accessories,1,65.0,65.0,0.0,20.7,East,Pennsylvania,Philadelphia,Debit Card
ORD-2024-10149,2023-01-18,CUST-1213,Brian Martinez,PROD-HOM-136,Weighted Cooling Blanket 15lbs,Home & Kitchen,Bedding & Decor,1,95.0,95.0,0.0,29.25,South,North Carolina,Charlotte,Debit Card
ORD-2024-10150,2024-06-13,CUST-1404,Sandra Ramirez,PROD-TEC-106,Mechanical RGB Keyboard,Technology,Accessories,3,75.0,225.0,0.0,72.75,East,Massachusetts,Boston,Credit Card
ORD-2024-10151,2022-07-27,CUST-1294,Joshua Torres,PROD-HOM-135,100% Organic Cotton Sheet Set Queen,Home & Kitchen,Bedding & Decor,1,85.0,85.0,0.0,28.3,East,New York,Buffalo,Credit Card
ORD-2023-10152,2022-04-04,CUST-1262,George Martin,PROD-HOM-129,Digital Touchscreen Air Fryer 5.8Qt,Home & Kitchen,Appliances,1,110.0,104.5,0.05,23.5,East,New York,New York City,Credit Card
ORD-2023-10153,2024-01-11,CUST-1012,Richard Wright,PROD-OFF-126,Desktop Document Organizer,Office Supplies,Storage & Organization,2,28.0,50.4,0.1,14.6,East,Pennsylvania,Philadelphia,PayPal
ORD-2022-10154,2023-07-09,CUST-1031,Richard Jones,PROD-TEC-105,Wireless Ergonomic Mouse,Technology,Accessories,3,35.0,105.0,0.0,36.0,South,North Carolina,Charlotte,UPI / Net Banking
ORD-2024-10155,2023-03-07,CUST-1192,Michelle King,PROD-OFF-125,3-Drawer Mobile File Cabinet,Office Supplies,Storage & Organization,1,145.0,145.0,0.0,36.6,South,North Carolina,Charlotte,PayPal
ORD-2024-10156,2022-05-17,CUST-1335,Edward Torres,PROD-OFF-123,Gel Ink Pens Box of 24,Office Supplies,Paper & Stationary,1,15.0,15.0,0.0,4.25,West,California,Los Angeles,Debit Card
ORD-2022-10157,2024-02-14,CUST-1012,Richard Wright,PROD-FUR-120,Modern Modular Bookshelf,Furniture,Bookcases,3,210.0,630.0,0.0,132.6,West,Washington,Seattle,PayPal
ORD-2023-10158,2022-06-08,CUST-1142,Emily Miller,PROD-FUR-113,Ergonomic Executive Mesh Chair,Furniture,Chairs & Stools,1,240.0,240.0,0.0,44.0,Central,Illinois,Chicago,UPI / Net Banking
ORD-2022-10159,2022-07-31,CUST-1035,Michael Harris,PROD-TEC-107,USB-C Multi-Port Hub,Technology,Accessories,2,45.0,85.5,0.05,31.0,East,New York,New York City,Debit Card
ORD-2023-10160,2022-08-28,CUST-1277,Carol Lee,PROD-FUR-114,High-Back Leather Gaming Chair,Furniture,Chairs & Stools,2,290.0,580.0,0.0,99.4,West,California,Los Angeles,Credit Card
ORD-2024-10161,2023-09-05,CUST-1396,Margaret White,PROD-OFF-121,Premium Multipurpose Copy Paper 5 Reams,Office Supplies,Paper & Stationary,1,38.0,38.0,0.0,13.1,East,New York,Buffalo,Credit Card
ORD-2022-10162,2023-07-25,CUST-1303,Sandra Brown,PROD-TEC-112,Smart Fitness Watch,Technology,Phones & Audio,1,149.0,119.2,0.2,7.92,Central,Texas,Dallas,PayPal
ORD-2024-10163,2022-11-23,CUST-1357,Christopher Wilson,PROD-OFF-127,Professional Acrylic Paint Set,Office Supplies,Art & Craft,4,42.0,159.6,0.05,55.16,East,Massachusetts,Boston,Debit Card
ORD-2023-10164,2024-05-28,CUST-1363,Melissa Wright,PROD-TEC-110,True Wireless Earbuds,Technology,Phones & Audio,2,89.0,160.2,0.1,39.5,West,Washington,Seattle,Credit Card
ORD-2022-10165,2022-09-19,CUST-1105,Edward Gonzalez,PROD-OFF-122,Executive Hardcover Notebook 3-Pack,Office Supplies,Paper & Stationary,1,24.0,24.0,0.0,8.0,Central,Illinois,Chicago,Debit Card
ORD-2023-10166,2023-01-22,CUST-1345,Matthew Perez,PROD-TEC-103,27-Inch 4K UHD Monitor,Technology,Laptops & Monitors,2,350.0,420.0,0.4,-89.0,Central,Illinois,Chicago,Credit Card
ORD-2023-10167,2022-11-07,CUST-1008,Mary Garcia,PROD-FUR-114,High-Back Leather Gaming Chair,Furniture,Chairs & Stools,1,290.0,290.0,0.0,48.2,East,New York,Buffalo,Credit Card
ORD-2024-10168,2023-12-22,CUST-1105,Edward Gonzalez,PROD-OFF-126,Desktop Document Organizer,Office Supplies,Storage & Organization,1,28.0,28.0,0.0,8.6,East,New York,Buffalo,UPI / Net Banking
ORD-2023-10169,2023-01-04,CUST-1263,Paul Martin,PROD-HOM-132,Non-Stick Ceramic Cookware 10-Piece,Home & Kitchen,Cookware & Dining,1,180.0,171.0,0.05,44.6,West,Washington,Seattle,Cash on Delivery
ORD-2023-10170,2022-11-17,CUST-1212,Linda Jones,PROD-TEC-103,27-Inch 4K UHD Monitor,Technology,Laptops & Monitors,1,350.0,350.0,0.0,94.0,North,Wisconsin,Milwaukee,UPI / Net Banking
ORD-2024-10171,2023-03-04,CUST-1152,Sandra Jackson,PROD-TEC-110,True Wireless Earbuds,Technology,Phones & Audio,4,89.0,356.0,0.0,117.6,East,New York,Buffalo,PayPal
ORD-2024-10172,2022-12-12,CUST-1132,Amanda Miller,PROD-HOM-132,Non-Stick Ceramic Cookware 10-Piece,Home & Kitchen,Cookware & Dining,5,180.0,855.0,0.05,235.0,Central,Texas,Dallas,Credit Card
ORD-2022-10173,2024-06-29,CUST-1278,Sandra Lewis,PROD-TEC-104,24-Inch IPS FHD Monitor,Technology,Laptops & Monitors,3,180.0,540.0,0.0,156.0,West,Oregon,Portland,Debit Card
ORD-2023-10174,2022-05-21,CUST-1432,Lisa Walker,PROD-FUR-115,Adjustable Drafting Stool,Furniture,Chairs & Stools,2,110.0,220.0,0.0,50.0,East,New York,New York City  ,Debit Card
ORD-2024-10175,2023-09-24,CUST-1248, Michael Hill ,PROD-HOM-132,Non-Stick Ceramic Cookware 10-Piece,Home & Kitchen,Cookware & Dining,1,180.0,171.0,0.05,44.6,East,New York,New York City,Debit Card
ORD-2023-10176,2022-01-18,CUST-1258,Lisa Ramirez,PROD-OFF-128,Precision Cutting Mat & Knife Set,Office Supplies,Art & Craft,2,22.0,44.0,0.0,16.12,West,California,San Francisco,Credit Card
ORD-2023-10177,2022-10-01,CUST-1408,Sarah Lewis,PROD-OFF-126,Desktop Document Organizer,Office Supplies,Storage & Organization,1,28.0,16.8,0.4,-2.6,West,California,Los Angeles,PayPal
ORD-2024-10178,2024-04-27,CUST-1435,Melissa Scott,PROD-TEC-106,Mechanical RGB Keyboard,Technology,Accessories,1,75.0,67.5,0.1,14.75,South,Florida,Miami,Debit Card
ORD-2022-10179,2022-03-26,CUST-1256,James King,PROD-OFF-128,Precision Cutting Mat & Knife Set,Office Supplies,Art & Craft,2,22.0,41.8,0.05,13.92,West,California,San Diego,UPI / Net Banking
ORD-2022-10180,2024-06-07,CUST-1355,Barbara Brown,PROD-HOM-131,Compact HEPA Air Purifier,Home & Kitchen,Appliances,4,130.0,364.0,0.3,-17.4,East,Pennsylvania,Philadelphia,PayPal
ORD-2022-10181,2022-07-03,CUST-1436,Nancy Thompson,PROD-OFF-121,Premium Multipurpose Copy Paper 5 Reams,Office Supplies,Paper & Stationary,6,38.0,228.0,0.0,93.6,East,New York,New York City,PayPal
ORD-2022-10182,2022-11-03,CUST-1084,Joshua Martin,PROD-FUR-116,Electric Dual-Motor Standing Desk,Furniture,Desks & Tables,2,450.0,765.0,0.15,22.0,East,Massachusetts,Boston,PayPal
ORD-2024-10183,2024-01-12,CUST-1041,Brian Jones,PROD-HOM-133,Stainless Steel Chef Knife 8-Inch,Home & Kitchen,Cookware & Dining,1,45.0,45.0,0.0,16.25,East,Pennsylvania,Philadelphia,PayPal
ORD-2024-10184,2023-02-11,CUST-1397,Joshua Robinson,PROD-OFF-121,Premium Multipurpose Copy Paper 5 Reams,Office Supplies,Paper & Stationary,3,38.0,108.3,0.05,39.6,West,California,Los Angeles,UPI / Net Banking
ORD-2023-10185,2023-03-19,CUST-1096,Jennifer Garcia,PROD-OFF-125,3-Drawer Mobile File Cabinet,Office Supplies,Storage & Organization,2,145.0,246.5,0.15,32.7,West,California,Los Angeles,Credit Card
ORD-2023-10186,2023/12/30,CUST-1402,Michelle Wright,PROD-TEC-110,True Wireless Earbuds,Technology,Phones & Audio,2,89.0,178.0,0.0,57.3,South,North Carolina,Charlotte,Debit Card
ORD-2023-10187,2022-04-15,CUST-1068,Amanda Ramirez,PROD-TEC-106,Mechanical RGB Keyboard,Technology,Accessories,1,75.0,60.0,0.2,7.25,West,California,San Francisco,Debit Card
ORD-2024-10188,2022-04-06,CUST-1306, William Robinson ,PROD-OFF-121,Premium Multipurpose Copy Paper 5 Reams,Office Supplies,Paper & Stationary,5,38.0,171.0,0.1,58.5,East,Massachusetts,Boston,UPI / Net Banking
ORD-2022-10189,2023-08-09,CUST-1267,Emily Rodriguez,PROD-TEC-111,Bluetooth Conference Speaker,Technology,Phones & Audio,3,120.0,360.0,0.0,109.2,East,Massachusetts,Boston,PayPal
ORD-2023-10190,2023-03-08,CUST-1154,Kevin Young,PROD-HOM-131,Compact HEPA Air Purifier,Home & Kitchen,Appliances,3,130.0,370.5,0.05,83.7,South,Florida,Miami,PayPal
ORD-2023-10191,2022-04-20,CUST-1070,Matthew Harris,PROD-FUR-120,Modern Modular Bookshelf,Furniture,Bookcases,1,210.0,210.0,0.0,42.2,East,New York,New York City,PayPal
ORD-2023-10192,2023-03-17,CUST-1418,Brian Moore,PROD-TEC-109,Noise Canceling Headphones,Technology,Phones & Audio,1,199.0,189.05,0.05,45.75,South,Georgia,Atlanta,UPI / Net Banking
ORD-2023-10193,2022-10-26,CUST-1377,Kenneth Davis,PROD-HOM-132,Non-Stick Ceramic Cookware 10-Piece,Home & Kitchen,Cookware & Dining,1,180.0,153.0,0.15,26.6,East,New York,Buffalo,UPI / Net Banking
ORD-2022-10194,2023-08-30,CUST-1280,Paul Walker,PROD-TEC-112,Smart Fitness Watch,Technology,Phones & Audio,1,149.0,149.0,0.0,37.72,South,Florida,Miami,Credit Card
ORD-2024-10195,2022-03-12,CUST-1420,Kimberly Gonzalez,PROD-OFF-127,Professional Acrylic Paint Set,Office Supplies,Art & Craft,1,42.0,37.8,0.1,9.44,Central,Texas,Dallas,Debit Card
ORD-2023-10196,2022-03-17,CUST-1230,Anthony Thomas,PROD-HOM-131,Compact HEPA Air Purifier,Home & Kitchen,Appliances,3,130.0,370.5,0.05,83.7,West,Oregon,Portland,Credit Card
ORD-2023-10197,2023-12-20,CUST-1416,Thomas Perez,PROD-HOM-135,100% Organic Cotton Sheet Set Queen,Home & Kitchen,Bedding & Decor,1,85.0,68.0,0.2,11.3,Central,Ohio,Columbus,Debit Card
ORD-2024-10198,2023-09-20,CUST-1023,Daniel Thompson,PROD-OFF-126,Desktop Document Organizer,Office Supplies,Storage & Organization,2,28.0,42.0,0.25,6.2,East,Pennsylvania,Philadelphia,Debit Card
ORD-2024-10199,2023-07-26,CUST-1298,Carol Smith,PROD-FUR-115,Adjustable Drafting Stool,Furniture,Chairs & Stools,2,110.0,198.0,0.1,28.0,East,Massachusetts,Boston,UPI / Net Banking
ORD-2022-10200,2023-05-10,CUST-1054,Susan Young,PROD-FUR-119,5-Shelf Ladder Bookcase,Furniture,Bookcases,6,140.0,798.0,0.05,159.0,Central,Texas,Dallas,UPI / Net Banking
ORD-2023-10201,2023-04-12,CUST-1402,Michelle Wright,PROD-FUR-114,High-Back Leather Gaming Chair,Furniture,Chairs & Stools,3,290.0,870.0,0.0,150.6,Central,Ohio,Columbus,Debit Card
ORD-2023-10202,2022-02-15,CUST-1415,Susan Thompson,PROD-TEC-108,HD Pro Webcam 1080p,Technology,Accessories,2,65.0,117.0,0.1,31.4,North,Michigan,Detroit,UPI / Net Banking
ORD-2022-10203,2023-06-13,CUST-1090,James Hill,PROD-HOM-136,Weighted Cooling Blanket 15lbs,Home & Kitchen,Bedding & Decor,2,95.0,190.0,0.0,61.5,North,Michigan,Detroit,UPI / Net Banking
ORD-2022-10204,2023-10-18,CUST-1337,James Thompson,PROD-OFF-128,Precision Cutting Mat & Knife Set,Office Supplies,Art & Craft,1,22.0,16.5,0.25,1.06,South,North Carolina,Charlotte,Debit Card
ORD-2024-10205,2022-08-08,CUST-1106,Dorothy Martin,PROD-FUR-118,Solid Wood Conference Table,Furniture,Desks & Tables,2,850.0,1700.0,0.0,250.0,East,New York,New York City,Credit Card
ORD-2022-10206,2022-09-26,CUST-1344,Ashley Johnson,PROD-HOM-132,Non-Stick Ceramic Cookware 10-Piece,Home & Kitchen,Cookware & Dining,4,180.0,720.0,0.0,223.4,West,Oregon,Portland,Credit Card
ORD-2023-10207,2024-05-15,CUST-1235,Richard Robinson,PROD-TEC-112,Smart Fitness Watch,Technology,Phones & Audio,2,149.0,223.5,0.25,3.94,West,California,San Diego,Credit Card
ORD-2022-10208,2022-07-07,CUST-1192,Michelle King,PROD-TEC-110,True Wireless Earbuds,Technology,Phones & Audio,3,89.0,253.65,0.05,74.1,East,Massachusetts,Boston,Debit Card
ORD-2024-10209,2023-10-23,CUST-1089,Steven King,PROD-HOM-136,Weighted Cooling Blanket 15lbs,Home & Kitchen,Bedding & Decor,1,95.0,95.0,0.0,29.25,West,California,San Francisco,Debit Card
ORD-2023-10210,2022-01-10,CUST-1249,Margaret Thompson,PROD-TEC-109,Noise Canceling Headphones,Technology,Phones & Audio,5,199.0,995.0,0.0,290.5,Central,Texas,Houston,Debit Card
ORD-2023-10211,2023-12-29,CUST-1431,Karen Nguyen,PROD-HOM-129,Digital Touchscreen Air Fryer 5.8Qt,Home & Kitchen,Appliances,1,110.0,99.0,0.1,18.0,East,Massachusetts,Boston,Cash on Delivery
ORD-2022-10212,2023-07-05,CUST-1148,Susan Sanchez,PROD-TEC-111,Bluetooth Conference Speaker,Technology,Phones & Audio,1,120.0,114.0,0.05,28.4,East,Massachusetts,Boston,Cash on Delivery
ORD-2023-10213,2024-03-04,CUST-1279,Donald Wilson,PROD-OFF-124,Heavy-Duty Plastic Storage Bins 4-Pack,Office Supplies,Storage & Organization,2,55.0,104.5,0.05,33.5,East,New York,New York City,PayPal
ORD-2024-10214,2024-02-09,CUST-1127,Michael Miller,PROD-FUR-120,Modern Modular Bookshelf,Furniture,Bookcases,1,210.0,168.0,0.2,0.2,East,New York,New York City,Credit Card
ORD-2022-10215,2022-08-03,CUST-1416,Thomas Perez,PROD-OFF-123,Gel Ink Pens Box of 24,Office Supplies,Paper & Stationary,1,15.0,14.25,0.05,3.5,Central,Ohio,Columbus,Credit Card
ORD-2022-10216,2023-08-07,CUST-1180,Sandra Lee,PROD-HOM-135,100% Organic Cotton Sheet Set Queen,Home & Kitchen,Bedding & Decor,3,85.0,242.25,0.05,78.15,West,California,San Diego,Debit Card
ORD-2024-10217,2023-11-27,CUST-1418,Brian Moore,PROD-TEC-107,USB-C Multi-Port Hub,Technology,Accessories,2,45.0,85.5,0.05,31.0,East,New York,Buffalo,Credit Card
ORD-2022-10218,2023-12-20,CUST-1444,Richard Wilson,PROD-TEC-109,Noise Canceling Headphones,Technology,Phones & Audio,4,199.0,597.0,0.25,32.8,West,California,San Francisco,Credit Card
ORD-2022-10219,2023-08-15,CUST-1324,William Martinez,PROD-FUR-118,Solid Wood Conference Table,Furniture,Desks & Tables,3,850.0,2422.5,0.05,249.0,East,Massachusetts,Boston,Credit Card
ORD-2024-10220,2022/10/12,CUST-1356,Thomas Harris,PROD-OFF-124,Heavy-Duty Plastic Storage Bins 4-Pack,Office Supplies,Storage & Organization,3,55.0,148.5,0.1,43.5,East,Massachusetts,Boston,Credit Card
ORD-2024-10221,2023-04-15,CUST-1326,Brian Martinez,PROD-OFF-123,Gel Ink Pens Box of 24,Office Supplies,Paper & Stationary,1,15.0,13.5,0.1,2.75,East,New York,New York City,Credit Card
ORD-2023-10222,2024-04-28,CUST-1146,David Clark,PROD-OFF-122,Executive Hardcover Notebook 3-Pack,Office Supplies,Paper & Stationary,4,24.0,96.0,0.0,41.0,Central,Ohio,Columbus,Credit Card
ORD-2022-10223,2022-02-17,CUST-1051,Sarah Jones,PROD-HOM-130,Programmable Drip Coffee Maker,Home & Kitchen,Appliances,1,75.0,75.0,0.0,22.25,Central,Illinois,Chicago,
ORD-2022-10224,2023-12-07,CUST-1068,Amanda Ramirez,PROD-FUR-120,Modern Modular Bookshelf,Furniture,Bookcases,4,210.0,840.0,0.0,177.8,Central,Texas,Houston,Credit Card
ORD-2024-10225,2023-10-27,CUST-1085,Joshua Allen,PROD-TEC-104,24-Inch IPS FHD Monitor,Technology,Laptops & Monitors,1,180.0,144.0,0.2,14.0,East,Massachusetts,Boston,Credit Card
ORD-2022-10226,2022-01-02,CUST-1110,Jessica Anderson,PROD-HOM-131,Compact HEPA Air Purifier,Home & Kitchen,Appliances,1,130.0,130.0,0.0,32.4,East,New York,New York City,Debit Card
ORD-2022-10227,2024-05-30,CUST-1217,Margaret Rodriguez,PROD-TEC-109,Noise Canceling Headphones,Technology,Phones & Audio,2,199.0,318.4,0.2,34.8,South,North Carolina,Charlotte,Credit Card
ORD-2023-10228,2022-05-21,CUST-1196,Linda Miller,PROD-TEC-109,Noise Canceling Headphones,Technology,Phones & Audio,1,199.0,199.0,0.0,55.7,Central,Texas,Houston,Credit Card
ORD-2022-10229,2023-10-06,CUST-1384,Robert Nguyen,PROD-TEC-110,True Wireless Earbuds,Technology,Phones & Audio,3,89.0,253.65,0.05,74.1,Central,Texas,Dallas,Debit Card
ORD-2022-10230,2023-08-27,CUST-1374,Sandra Taylor,PROD-OFF-125,3-Drawer Mobile File Cabinet,Office Supplies,Storage & Organization,1,145.0,108.75,0.25,0.35,South,Georgia,Atlanta,Credit Card
ORD-2024-10231,2023-09-08,CUST-1308,Emily Hill,PROD-FUR-119,5-Shelf Ladder Bookcase,Furniture,Bookcases,4,140.0,532.0,0.05,105.0,South,Florida,Miami,PayPal
ORD-2024-10232,2023-02-06,CUST-1152,Sandra Jackson,PROD-TEC-104,24-Inch IPS FHD Monitor,Technology,Laptops & Monitors,2,180.0,360.0,0.0,103.0,West,California,San Francisco,Debit Card
ORD-2022-10233,2023-01-05,CUST-1163,David Brown,PROD-TEC-109,Noise Canceling Headphones,Technology,Phones & Audio,3,199.0,597.0,0.0,173.1,East,Massachusetts,Boston,UPI / Net Banking
ORD-2022-10234,2022-01-18,CUST-1301,Joseph Lopez,PROD-TEC-105,Wireless Ergonomic Mouse,Technology,Accessories,8,35.0,266.0,0.05,87.0,East,New York,New York City,Credit Card
ORD-2024-10235,2023-12-31,CUST-1257,Steven Gonzalez,PROD-OFF-127,Professional Acrylic Paint Set,Office Supplies,Art & Craft,1,42.0,31.5,0.25,3.14,East,Massachusetts,Boston,Debit Card
ORD-2023-10236,2022-03-22,CUST-1262,George Martin,PROD-FUR-114,High-Back Leather Gaming Chair,Furniture,Chairs & Stools,1,290.0,275.5,0.05,33.7,Central,Texas,Houston,PayPal
ORD-2022-10237,2022-11-14,CUST-1358,Sandra Lee,PROD-OFF-128,Precision Cutting Mat & Knife Set,Office Supplies,Art & Craft,1,22.0,22.0,0.0,6.56,East,New York,Buffalo,UPI / Net Banking
ORD-2023-10238,2023-11-14,CUST-1380, Donna Johnson ,PROD-TEC-112,Smart Fitness Watch,Technology,Phones & Audio,4,149.0,566.2,0.05,130.08,Central,Illinois,Chicago,PayPal
ORD-2024-10239,2024-03-12,CUST-1422,George Clark,PROD-FUR-117,Compact Computer Desk,Furniture,Desks & Tables,1,130.0,97.5,0.25,-7.9,West,California,San Francisco,Credit Card
ORD-2022-10240,2022-12-10,CUST-1414,Barbara Young,PROD-OFF-128,Precision Cutting Mat & Knife Set,Office Supplies,Art & Craft,2,22.0,44.0,0.0,16.12,East,Pennsylvania,Philadelphia,PayPal
ORD-2024-10241,2023-01-04,CUST-1029,Joshua Flores,PROD-HOM-132,Non-Stick Ceramic Cookware 10-Piece,Home & Kitchen,Cookware & Dining,1,180.0,162.0,0.1,35.6,East,New York,Buffalo,Credit Card
ORD-2022-10242,2024-01-29,CUST-1261,Kevin Davis,PROD-TEC-101,ProBook 15.6 Inch Laptop,Technology,Laptops & Monitors,1,850.0,850.0,0.0,183.0,Central,Illinois,Chicago,Credit Card
ORD-2022-10243,2024-05-28,CUST-1019,Elizabeth Wilson,PROD-HOM-136,Weighted Cooling Blanket 15lbs,Home & Kitchen,Bedding & Decor,2,95.0,180.5,0.05,52.0,Central,Texas,Dallas,UPI / Net Banking
ORD-2024-10244,2023-01-17,CUST-1062,Betty White,PROD-HOM-133,Stainless Steel Chef Knife 8-Inch,Home & Kitchen,Cookware & Dining,3,45.0,135.0,0.0,54.75,East,New York,New York City,Credit Card
ORD-2023-10245,2024-06-05,CUST-1145,Edward Thomas,PROD-FUR-120,Modern Modular Bookshelf,Furniture,Bookcases,2,210.0,420.0,0.0,87.4,West,California,San Diego,Debit Card
ORD-2024-10246,2023-09-30,CUST-1125,Jessica Walker,PROD-HOM-130,Programmable Drip Coffee Maker,Home & Kitchen,Appliances,1,75.0,63.75,0.15,11.0,East,Pennsylvania,Philadelphia,Credit Card
ORD-2022-10247,2022-06-04,CUST-1004,William Miller,PROD-OFF-127,Professional Acrylic Paint Set,Office Supplies,Art & Craft,3,42.0,119.7,0.05,40.62,Central,Illinois,Chicago,Debit Card
ORD-2022-10248,2024-02-17,CUST-1337,James Thompson,PROD-OFF-125,3-Drawer Mobile File Cabinet,Office Supplies,Storage & Organization,1,145.0,123.25,0.15,14.85,South,Georgia,Atlanta,PayPal
ORD-2022-10249,2023-12-30,CUST-1144,James Garcia,PROD-TEC-106,Mechanical RGB Keyboard,Technology,Accessories,1,75.0,71.25,0.05,18.5,West,California,Los Angeles,Credit Card
ORD-2024-10250,2022-03-28,CUST-1298,Carol Smith,PROD-TEC-107,USB-C Multi-Port Hub,Technology,Accessories,5,45.0,225.0,0.0,93.25,North,Wisconsin,Milwaukee,Debit Card
ORD-2022-10251,2022-08-31,CUST-1150,Matthew Smith,PROD-FUR-117,Compact Computer Desk,Furniture,Desks & Tables,1,130.0,123.5,0.05,18.1,South,Georgia,Atlanta,PayPal
ORD-2022-10252,2022-03-18,CUST-1104,Susan Wright,PROD-TEC-109,Noise Canceling Headphones,Technology,Phones & Audio,4,199.0,716.4,0.1,152.2,Central,Ohio,Columbus,UPI / Net Banking
ORD-2023-10253,2024-02-28,CUST-1107,Betty White,PROD-HOM-129,Digital Touchscreen Air Fryer 5.8Qt,Home & Kitchen,Appliances,1,110.0,104.5,0.05,23.5,East,Pennsylvania,Philadelphia,Cash on Delivery
ORD-2024-10254,2023-12-15,CUST-1309,Christopher Lewis,PROD-TEC-103,27-Inch 4K UHD Monitor,Technology,Laptops & Monitors,6,350.0,2100.0,0.0,579.0,Central,Texas,Houston,UPI / Net Banking
ORD-2024-10255,2022-02-20,CUST-1347,George Hernandez,PROD-FUR-120,Modern Modular Bookshelf,Furniture,Bookcases,1,210.0,199.5,0.05,31.7,North,Minnesota,Minneapolis,Credit Card
ORD-2024-10256,2022-09-13,CUST-1049,Joseph Williams,PROD-HOM-130,Programmable Drip Coffee Maker,Home & Kitchen,Appliances,3,75.0,225.0,0.0,72.75,North,Michigan,Detroit,Cash on Delivery
ORD-2022-10257,2022-07-22,CUST-1422,George Clark,PROD-OFF-126,Desktop Document Organizer,Office Supplies,Storage & Organization,6,28.0,159.6,0.05,58.2,South,Georgia,Atlanta,UPI / Net Banking
ORD-2022-10258,2022-01-23,CUST-1034,Jennifer Anderson,PROD-FUR-113,Ergonomic Executive Mesh Chair,Furniture,Chairs & Stools,1,240.0,204.0,0.15,8.0,East,Massachusetts,Boston,Debit Card
ORD-2023-10259,2022-02-21,CUST-1087,Elizabeth White,PROD-OFF-128,Precision Cutting Mat & Knife Set,Office Supplies,Art & Craft,1,22.0,22.0,0.0,6.56,East,Massachusetts,Boston,PayPal
ORD-2023-10260,2022-10-14,CUST-1229,Melissa Perez,PROD-TEC-110,True Wireless Earbuds,Technology,Phones & Audio,1,89.0,80.1,0.1,18.25,East,New York,New York City,Credit Card
ORD-2023-10261,2022-03-04,CUST-1045,Matthew Moore,PROD-FUR-118,Solid Wood Conference Table,Furniture,Desks & Tables,2,850.0,1445.0,0.15,-5.0,West,Washington,Seattle,Debit Card
ORD-2024-10262,2024-03-24,CUST-1010,Paul Hill,PROD-OFF-125,3-Drawer Mobile File Cabinet,Office Supplies,Storage & Organization,5,145.0,652.5,0.1,122.5,East,Pennsylvania,Philadelphia,Credit Card
ORD-2023-10263,2022-07-04,CUST-1014,Donald Nguyen,PROD-OFF-121,Premium Multipurpose Copy Paper 5 Reams,Office Supplies,Paper & Stationary,4,38.0,152.0,0.0,61.4,South,Florida,Orlando,Debit Card
ORD-2023-10264,2024-02-25,CUST-1300,Deborah Ramirez,PROD-FUR-115,Adjustable Drafting Stool,Furniture,Chairs & Stools,6,110.0,561.0,0.15,57.0,North,Michigan,Detroit,Credit Card
ORD-2022-10265,2024-02-22,CUST-1113,Emily Anderson,PROD-OFF-125,3-Drawer Mobile File Cabinet,Office Supplies,Storage & Organization,3,145.0,413.25,0.05,94.05,West,California,San Diego,Debit Card
ORD-2024-10266,2023-12-16,CUST-1184,Michael Jones,PROD-TEC-102,UltraSlim 14 Inch Notebook,Technology,Laptops & Monitors,4,1100.0,2640.0,0.4,-667.0,South,Georgia,Atlanta,Debit Card
ORD-2023-10267,2023-07-10,CUST-1159,Patricia Lee,PROD-TEC-112,Smart Fitness Watch,Technology,Phones & Audio,2,149.0,268.2,0.1,48.64,East,Massachusetts,Boston,Credit Card
ORD-2023-10268,2023-09-21,CUST-1104,Susan Wright,PROD-TEC-109,Noise Canceling Headphones,Technology,Phones & Audio,2,199.0,398.0,0.0,114.4,West,California,San Diego,Credit Card
ORD-2024-10269,2023-12-23,CUST-1073,Emily Smith,PROD-TEC-108,HD Pro Webcam 1080p,Technology,Accessories,1,65.0,65.0,0.0,20.7,North,Wisconsin,Milwaukee,Debit Card
ORD-2022-10270,2022-12-11,CUST-1155,Elizabeth Gonzalez,PROD-OFF-121,Premium Multipurpose Copy Paper 5 Reams,Office Supplies,Paper & Stationary,2,38.0,68.4,0.1,21.6,East,New York,Buffalo,UPI / Net Banking
ORD-2023-10271,2022-06-28,CUST-1363,Melissa Wright,PROD-HOM-136,Weighted Cooling Blanket 15lbs,Home & Kitchen,Bedding & Decor,4,95.0,380.0,0.0,126.0,West,Oregon,Portland,UPI / Net Banking
ORD-2024-10272,2022-10-29,CUST-1066,Linda Martinez,PROD-TEC-112,Smart Fitness Watch,Technology,Phones & Audio,6,149.0,849.3,0.05,196.62,Central,Illinois,Chicago,Credit Card
ORD-2022-10273,2022-07-06,CUST-1309,Christopher Lewis,PROD-OFF-121,Premium Multipurpose Copy Paper 5 Reams,Office Supplies,Paper & Stationary,10,38.0,380.0,0.0,158.0,North,Wisconsin,Milwaukee,Debit Card
ORD-2022-10274,2022-12-22,CUST-1164,Paul Garcia,PROD-TEC-111,Bluetooth Conference Speaker,Technology,Phones & Audio,3,120.0,342.0,0.05,91.2,East,New York,New York City,Credit Card
ORD-2022-10275,2022/09/13,CUST-1355,Barbara Brown,PROD-TEC-105,Wireless Ergonomic Mouse,Technology,Accessories,1,35.0,35.0,0.0,10.0,South,Georgia,Atlanta,Credit Card
ORD-2022-10276,2024-06-24,CUST-1212,Linda Jones,PROD-HOM-132,Non-Stick Ceramic Cookware 10-Piece,Home & Kitchen,Cookware & Dining,1,180.0,126.0,0.3,-0.4,South,North Carolina,Charlotte,UPI / Net Banking
ORD-2024-10277,2022-08-19,CUST-1084,Joshua Martin,PROD-HOM-129,Digital Touchscreen Air Fryer 5.8Qt,Home & Kitchen,Appliances,10,110.0,1100.0,0.0,317.0,West,California,Los Angeles,PayPal
ORD-2023-10278,2022-06-24,CUST-1193,James Scott,PROD-TEC-111,Bluetooth Conference Speaker,Technology,Phones & Audio,3,120.0,360.0,0.0,109.2,South,Florida,Miami,Credit Card
ORD-2023-10279,2023-12-23,CUST-1016,Edward Hernandez,PROD-OFF-128,Precision Cutting Mat & Knife Set,Office Supplies,Art & Craft,1,22.0,20.9,0.05,5.46,Central,Texas,Houston,Debit Card
ORD-2023-10280,2023-12-15,CUST-1284,Kevin Flores,PROD-HOM-135,100% Organic Cotton Sheet Set Queen,Home & Kitchen,Bedding & Decor,1,85.0,68.0,0.2,11.3,West,California,San Diego,Credit Card
ORD-2023-10281,2022-06-07,CUST-1028,Emily Jackson,PROD-OFF-124,Heavy-Duty Plastic Storage Bins 4-Pack,Office Supplies,Storage & Organization,5,55.0,192.5,0.3,19.5,South,Florida,Miami,PayPal
ORD-2022-10282,2022-07-31,CUST-1088,Edward Hernandez,PROD-FUR-119,5-Shelf Ladder Bookcase,Furniture,Bookcases,3,140.0,399.0,0.05,78.0,East,New York,New York City,Debit Card
ORD-2023-10283,2022-04-04,CUST-1329,Anthony Perez,PROD-HOM-135,100% Organic Cotton Sheet Set Queen,Home & Kitchen,Bedding & Decor,2,85.0,170.0,0.0,59.6,Central,Texas,Dallas,Debit Card
ORD-2023-10284,2022-09-27,CUST-1116,Dorothy Brown,PROD-FUR-118,Solid Wood Conference Table,Furniture,Desks & Tables,1,850.0,850.0,0.0,123.5,Central,Ohio,Columbus,Credit Card
ORD-2024-10285,2023-02-28,CUST-1388,Linda Torres,PROD-FUR-115,Adjustable Drafting Stool,Furniture,Chairs & Stools,4,110.0,418.0,0.05,81.0,West,Oregon,Portland,Debit Card
ORD-2023-10286,2023-08-10,CUST-1121,Kevin Young,PROD-HOM-131,Compact HEPA Air Purifier,Home & Kitchen,Appliances,4,130.0,520.0,0.0,138.6,Central,Texas,Austin,Debit Card
ORD-2024-10287,2023-11-25,CUST-1318,Ashley Thomas,PROD-TEC-110,True Wireless Earbuds,Technology,Phones & Audio,1,89.0,71.2,0.2,9.35,South,Florida,Miami,PayPal
ORD-2022-10288,2022-05-10,CUST-1022,Matthew Miller,PROD-OFF-128,Precision Cutting Mat & Knife Set,Office Supplies,Art & Craft,4,22.0,70.4,0.2,17.64,Central,Illinois,Chicago,UPI / Net Banking
ORD-2023-10289,2022-11-24,CUST-1373,Andrew Wilson,PROD-TEC-105,Wireless Ergonomic Mouse,Technology,Accessories,3,35.0,94.5,0.1,25.5,Central,Illinois,Chicago,PayPal
ORD-2022-10290,2024-03-16,CUST-1359,Nancy Harris,PROD-HOM-134,Insulated Stainless Steel Tumbler 30oz,Home & Kitchen,Cookware & Dining,1,25.0,20.0,0.2,3.5,South,North Carolina,Charlotte,Credit Card
ORD-2022-10291,2022-04-19,CUST-1289,Elizabeth Johnson,PROD-TEC-107,USB-C Multi-Port Hub,Technology,Accessories,4,45.0,180.0,0.0,74.0,West,California,San Diego,PayPal
ORD-2024-10292,2023-09-16,CUST-1243,Betty Wright,PROD-TEC-103,27-Inch 4K UHD Monitor,Technology,Laptops & Monitors,1,350.0,297.5,0.15,41.5,South,Florida,Orlando,Debit Card
ORD-2023-10293,2023-12-09,CUST-1122,Susan Wright,PROD-TEC-104,24-Inch IPS FHD Monitor,Technology,Laptops & Monitors,1,180.0,180.0,0.0,50.0,Central,Texas,Dallas,Cash on Delivery
ORD-2023-10294,2024-05-13,CUST-1252,Paul Davis,PROD-TEC-107,USB-C Multi-Port Hub,Technology,Accessories,3,45.0,135.0,0.0,54.75,Central,Texas,Houston,Debit Card
ORD-2023-10295,2023-09-12,CUST-1331,Anthony Brown,PROD-TEC-106,Mechanical RGB Keyboard,Technology,Accessories,3,75.0,225.0,0.0,72.75,South,Florida,Orlando,Debit Card
ORD-2023-10296,2024-04-20,CUST-1029,Joshua Flores,PROD-HOM-133,Stainless Steel Chef Knife 8-Inch,Home & Kitchen,Cookware & Dining,6,45.0,270.0,0.0,112.5,Central,Texas,Houston,UPI / Net Banking
ORD-2024-10297,2022-01-30,CUST-1089,Steven King,PROD-FUR-113,Ergonomic Executive Mesh Chair,Furniture,Chairs & Stools,1,240.0,180.0,0.25,-16.0,Central,Texas,Houston,Credit Card
ORD-2023-10298,2023-01-13,CUST-1422,George Clark,PROD-HOM-130,Programmable Drip Coffee Maker,Home & Kitchen,Appliances,1,75.0,67.5,0.1,14.75,East,Massachusetts,Boston,Debit Card
ORD-2022-10299,2024-06-10,CUST-1243,Betty Wright,PROD-HOM-136,Weighted Cooling Blanket 15lbs,Home & Kitchen,Bedding & Decor,1,95.0,85.5,0.1,19.75,East,Pennsylvania,Philadelphia,UPI / Net Banking
ORD-2022-10300,2023-01-31,CUST-1026,Steven Davis,PROD-TEC-111,Bluetooth Conference Speaker,Technology,Phones & Audio,8,120.0,672.0,0.3,8.2,South,Florida,Orlando,Credit Card
ORD-2022-10301,2024-06-04,CUST-1400,George King,PROD-TEC-101,ProBook 15.6 Inch Laptop,Technology,Laptops & Monitors,3,850.0,2550.0,0.0,555.0,East,Massachusetts,Boston,Credit Card
ORD-2023-10302,2023-12-31,CUST-1364,Patricia Thompson,PROD-FUR-118,Solid Wood Conference Table,Furniture,Desks & Tables,2,850.0,1445.0,0.15,-5.0,Central,Texas,Dallas,Debit Card
ORD-2024-10303,2024-04-24,CUST-1320,Robert Jackson,PROD-OFF-126,Desktop Document Organizer,Office Supplies,Storage & Organization,1,28.0,14.0,0.5,-5.4,West,Oregon,Portland,Debit Card
ORD-2024-10304,2023-09-01,CUST-1312,Donald Hernandez,PROD-FUR-119,5-Shelf Ladder Bookcase,Furniture,Bookcases,1,140.0,119.0,0.15,10.0,Central,Texas,Austin,Credit Card
ORD-2023-10305,2022-09-25,CUST-1336,Matthew Walker,PROD-FUR-120,Modern Modular Bookshelf,Furniture,Bookcases,1,210.0,189.0,0.1,21.2,Central,Texas,Houston,Credit Card
ORD-2024-10306,2023-02-18,CUST-1339,Anthony Wright,PROD-OFF-121,Premium Multipurpose Copy Paper 5 Reams,Office Supplies,Paper & Stationary,6,38.0,228.0,0.0,93.6,West,California,San Francisco,UPI / Net Banking
ORD-2023-10307,2024-01-25,CUST-1019,Elizabeth Wilson,PROD-FUR-113,Ergonomic Executive Mesh Chair,Furniture,Chairs & Stools,2,240.0,432.0,0.1,43.0,West,California,San Diego,Credit Card
ORD-2024-10308,2023-01-03,CUST-1260,Michelle Lee,PROD-FUR-120,Modern Modular Bookshelf,Furniture,Bookcases,8,210.0,1596.0,0.05,274.6,South,Florida,Orlando,Credit Card
ORD-2023-10309,2024-01-13,CUST-1414,Barbara Young,PROD-HOM-136,Weighted Cooling Blanket 15lbs,Home & Kitchen,Bedding & Decor,1,95.0,95.0,0.0,29.25,Central,Texas,Houston,Credit Card
ORD-2023-10310,2023-03-07,CUST-1404,Sandra Ramirez,PROD-OFF-122,Executive Hardcover Notebook 3-Pack,Office Supplies,Paper & Stationary,4,24.0,91.2,0.05,36.2,North,Minnesota,Minneapolis,Credit Card
ORD-2024-10311,2023-08-18,CUST-1318,Ashley Thomas,PROD-TEC-105,Wireless Ergonomic Mouse,Technology,Accessories,4,35.0,119.0,0.15,28.0,South,North Carolina,Charlotte,UPI / Net Banking
ORD-2022-10312,2024-06-10,CUST-1438,Sarah Martin,PROD-TEC-110,True Wireless Earbuds,Technology,Phones & Audio,3,89.0,240.3,0.1,60.75,East,New York,Buffalo,Credit Card
ORD-2022-10313,2022-11-20,CUST-1442,Melissa Wright,PROD-TEC-112,Smart Fitness Watch,Technology,Phones & Audio,5,149.0,670.5,0.1,126.1,South,Florida,Miami,Debit Card
ORD-2023-10314,2022-08-03,CUST-1390,Steven Ramirez,PROD-TEC-111,Bluetooth Conference Speaker,Technology,Phones & Audio,1,120.0,120.0,0.0,34.4,Central,Ohio,Columbus,Debit Card
ORD-2024-10315,2023-03-16,CUST-1207,Deborah Rodriguez,PROD-OFF-128,Precision Cutting Mat & Knife Set,Office Supplies,Art & Craft,1,22.0,20.9,0.05,5.46,East,Massachusetts,Boston,Debit Card
ORD-2023-10316,2024-02-15,CUST-1427,Donald Johnson,PROD-HOM-134,Insulated Stainless Steel Tumbler 30oz,Home & Kitchen,Cookware & Dining,1,25.0,21.25,0.15,4.75,West,California,San Francisco  ,Debit Card
ORD-2023-10317,2022-05-13,CUST-1053,Dorothy Lee,PROD-OFF-125,3-Drawer Mobile File Cabinet,Office Supplies,Storage & Organization,1,145.0,145.0,0.0,36.6,West,Oregon,Portland,Debit Card
ORD-2024-10318,2023-06-17,CUST-1306,William Robinson,PROD-HOM-134,Insulated Stainless Steel Tumbler 30oz,Home & Kitchen,Cookware & Dining,3,25.0,75.0,0.0,31.5,Central,Texas,Austin,UPI / Net Banking
ORD-2022-10319,2022-06-18,CUST-1416,Thomas Perez,PROD-OFF-126,Desktop Document Organizer,Office Supplies,Storage & Organization,3,28.0,84.0,0.0,31.8,West,California,Los Angeles,Credit Card
ORD-2022-10320,2022-05-07,CUST-1188,Robert Thomas,PROD-TEC-103,27-Inch 4K UHD Monitor,Technology,Laptops & Monitors,1,350.0,210.0,0.4,-46.0,East,Massachusetts,Boston,Debit Card
ORD-2024-10321,2022-04-21,CUST-1335,Edward Torres,PROD-TEC-102,UltraSlim 14 Inch Notebook,Technology,Laptops & Monitors,3,1100.0,2970.0,0.1,489.0,Central,Illinois,Chicago,Credit Card
ORD-2022-10322,2022-07-30,CUST-1356,Thomas Harris,PROD-TEC-101,ProBook 15.6 Inch Laptop,Technology,Laptops & Monitors,1,850.0,807.5,0.05,140.5,East,Pennsylvania,Philadelphia,Credit Card
ORD-2023-10323,2024-04-30,CUST-1054,Susan Young,PROD-HOM-133,Stainless Steel Chef Knife 8-Inch,Home & Kitchen,Cookware & Dining,1,45.0,45.0,0.0,16.25,West,Oregon,Portland,Credit Card
ORD-2023-10324,2024-05-01,CUST-1268,Richard Clark,PROD-FUR-113,Ergonomic Executive Mesh Chair,Furniture,Chairs & Stools,2,240.0,432.0,0.1,43.0,South,Georgia,Atlanta,Credit Card
ORD-2023-10325,2022-12-05,CUST-1121,Kevin Young,PROD-TEC-101,ProBook 15.6 Inch Laptop,Technology,Laptops & Monitors,1,850.0,850.0,0.0,183.0,Central,Illinois,Chicago,PayPal
ORD-2022-10326,2024-03-09,CUST-1262,George Martin,PROD-TEC-105,Wireless Ergonomic Mouse,Technology,Accessories,1,35.0,26.25,0.25,1.25,East,New York,New York City,Debit Card
ORD-2022-10327,2022-04-13,CUST-1417,Sarah Hill,PROD-TEC-112,Smart Fitness Watch,Technology,Phones & Audio,3,149.0,357.6,0.2,29.76,Central,Illinois,Chicago,PayPal
ORD-2022-10328,2022-01-10,CUST-1437,Brian Robinson,PROD-TEC-109,Noise Canceling Headphones,Technology,Phones & Audio,1,199.0,169.15,0.15,25.85,East,New York,Buffalo,UPI / Net Banking
ORD-2023-10329,2024-04-14,CUST-1176,Susan Lee,PROD-TEC-112,Smart Fitness Watch,Technology,Phones & Audio,2,149.0,253.3,0.15,33.74,West,California,Los Angeles,Debit Card
ORD-2023-10330,2023-10-27,CUST-1409,Jessica Robinson,PROD-TEC-111,Bluetooth Conference Speaker,Technology,Phones & Audio,2,120.0,216.0,0.1,47.8,East,New York,New York City,Credit Card
ORD-2024-10331,2023-05-10,CUST-1411,Kevin Harris,PROD-HOM-129,Digital Touchscreen Air Fryer 5.8Qt,Home & Kitchen,Appliances,1,110.0,110.0,0.0,29.0,South,Florida,Orlando,Credit Card
ORD-2024-10332,2022-05-14,CUST-1248,Michael Hill,PROD-HOM-132,Non-Stick Ceramic Cookware 10-Piece,Home & Kitchen,Cookware & Dining,8,180.0,1440.0,0.0,449.8,East,New York,New York City,PayPal
ORD-2024-10333,2023-06-22,CUST-1393,Carol Perez,PROD-FUR-115,Adjustable Drafting Stool,Furniture,Chairs & Stools,3,110.0,313.5,0.05,60.0,Central,Texas,Austin,PayPal
ORD-2023-10334,2022-12-21,CUST-1340,Melissa Wright,PROD-OFF-125,3-Drawer Mobile File Cabinet,Office Supplies,Storage & Organization,1,145.0,72.5,0.5,-35.9,North,Michigan,Detroit,PayPal
ORD-2022-10335,2023-06-02,CUST-1435,Melissa Scott,PROD-HOM-131,Compact HEPA Air Purifier,Home & Kitchen,Appliances,1,130.0,117.0,0.1,19.4,East,Massachusetts,Boston,Credit Card
ORD-2022-10336,2023-06-04,CUST-1115,James Jones,PROD-HOM-136,Weighted Cooling Blanket 15lbs,Home & Kitchen,Bedding & Decor,1,95.0,90.25,0.05,24.5,South,North Carolina,Charlotte,PayPal
ORD-2023-10337,2023-04-03,CUST-1162,Paul King,PROD-TEC-108,HD Pro Webcam 1080p,Technology,Accessories,3,65.0,185.25,0.05,58.35,West,Washington,Seattle,Credit Card
ORD-2022-10338,2024-03-21,CUST-1310,Michelle Allen,PROD-FUR-120,Modern Modular Bookshelf,Furniture,Bookcases,8,210.0,1680.0,0.0,358.6,South,Florida,Orlando,Debit Card
ORD-2023-10339,2022-12-06,CUST-1287,Amanda Martin,PROD-HOM-131,Compact HEPA Air Purifier,Home & Kitchen,Appliances,2,130.0,234.0,0.1,41.8,West,California,San Diego,UPI / Net Banking
ORD-2024-10340,2024-03-30,CUST-1150,Matthew Smith,PROD-HOM-136,Weighted Cooling Blanket 15lbs,Home & Kitchen,Bedding & Decor,5,95.0,451.25,0.05,134.5,West,Oregon,Portland,Debit Card
ORD-2024-10341,2024-01-09,CUST-1210,Emily Ramirez,PROD-TEC-107,USB-C Multi-Port Hub,Technology,Accessories,5,45.0,225.0,0.0,93.25,Central,Texas,Austin,Debit Card
ORD-2022-10342,2024-01-04,CUST-1174,Andrew King,PROD-TEC-107,USB-C Multi-Port Hub,Technology,Accessories,3,45.0,135.0,0.0,54.75,Central,Texas,Dallas,UPI / Net Banking
ORD-2023-10343,2023-11-06,CUST-1302,Brian King,PROD-HOM-133,Stainless Steel Chef Knife 8-Inch,Home & Kitchen,Cookware & Dining,1,45.0,45.0,0.0,16.25,North,Michigan,Detroit  ,Credit Card
ORD-2024-10344,2023-05-10,CUST-1261,Kevin Davis,PROD-TEC-112,Smart Fitness Watch,Technology,Phones & Audio,4,149.0,566.2,0.05,130.08,East,New York,Buffalo,UPI / Net Banking
ORD-2024-10345,2024-06-21,CUST-1197,Melissa Scott,PROD-OFF-127,Professional Acrylic Paint Set,Office Supplies,Art & Craft,2,42.0,79.8,0.05,26.08,West,Oregon,Portland,Debit Card
ORD-2023-10346,2024-04-04,CUST-1069,Kenneth Jones,PROD-TEC-109,Noise Canceling Headphones,Technology,Phones & Audio,1,199.0,199.0,0.0,55.7,North,Minnesota,Minneapolis,Credit Card
ORD-2023-10347,2023-12-30,CUST-1378,Deborah Hernandez,PROD-HOM-136,Weighted Cooling Blanket 15lbs,Home & Kitchen,Bedding & Decor,3,95.0,285.0,0.0,93.75,South,Florida,Orlando,Credit Card
ORD-2024-10348,2023-10-28,CUST-1092,Mary Davis,PROD-HOM-133,Stainless Steel Chef Knife 8-Inch,Home & Kitchen,Cookware & Dining,6,45.0,256.5,0.05,99.0,East,Pennsylvania,Philadelphia,Credit Card
ORD-2024-10349,2023-03-04,CUST-1346,Kevin Sanchez,PROD-HOM-135,100% Organic Cotton Sheet Set Queen,Home & Kitchen,Bedding & Decor,1,85.0,80.75,0.05,24.05,West,California,San Diego,PayPal
ORD-2022-10350,2023-11-18,CUST-1029,Joshua Flores,PROD-FUR-113,Ergonomic Executive Mesh Chair,Furniture,Chairs & Stools,2,240.0,480.0,0.0,91.0,Central,Texas,Austin,PayPal
ORD-2024-10351,2024-03-14,CUST-1152,Sandra Jackson,PROD-FUR-114,High-Back Leather Gaming Chair,Furniture,Chairs & Stools,1,290.0,290.0,0.0,48.2,East,New York,New York City,PayPal
ORD-2022-10352,2024-01-31,CUST-1332,Susan Clark,PROD-HOM-136,Weighted Cooling Blanket 15lbs,Home & Kitchen,Bedding & Decor,3,95.0,270.75,0.05,79.5,South,North Carolina,Charlotte,PayPal
ORD-2023-10353,2023-02-01,CUST-1214, Steven Williams ,PROD-OFF-121,Premium Multipurpose Copy Paper 5 Reams,Office Supplies,Paper & Stationary,2,38.0,60.8,0.2,14.0,East,New York,New York City,Credit Card
ORD-2022-10354,2023-10-11,CUST-1361,Thomas Garcia,PROD-OFF-124,Heavy-Duty Plastic Storage Bins 4-Pack,Office Supplies,Storage & Organization,1,55.0,55.0,0.0,18.0,Central,Ohio,Columbus,UPI / Net Banking
ORD-2022-10355,2023-12-01,CUST-1039,Daniel Wilson,PROD-TEC-112,Smart Fitness Watch,Technology,Phones & Audio,1,149.0,149.0,0.0,37.72,West,California,San Francisco,UPI / Net Banking
ORD-2022-10356,2023-08-22,CUST-1434,Daniel Ramirez,PROD-FUR-117,Compact Computer Desk,Furniture,Desks & Tables,1,130.0,123.5,0.05,18.1,East,New York,New York City,Credit Card
ORD-2022-10357,2024-03-03,CUST-1321,Jessica Moore,PROD-FUR-120,Modern Modular Bookshelf,Furniture,Bookcases,8,210.0,1176.0,0.3,-145.4,East,Massachusetts,Boston,Cash on Delivery
ORD-2022-10358,2023-06-18,CUST-1035,Michael Harris,PROD-HOM-133,Stainless Steel Chef Knife 8-Inch,Home & Kitchen,Cookware & Dining,3,45.0,108.0,0.2,27.75,West,California,San Francisco,Debit Card
ORD-2023-10359,2022-12-06,CUST-1185,Steven Wilson,PROD-FUR-119,5-Shelf Ladder Bookcase,Furniture,Bookcases,2,140.0,252.0,0.1,37.0,East,New York,Buffalo,Credit Card
ORD-2024-10360,2022-01-10,CUST-1059,Steven Taylor,PROD-OFF-123,Gel Ink Pens Box of 24,Office Supplies,Paper & Stationary,1,15.0,13.5,0.1,2.75,East,Massachusetts,Boston,PayPal
ORD-2023-10361,2023-01-26,CUST-1408,Sarah Lewis,PROD-TEC-108,HD Pro Webcam 1080p,Technology,Accessories,6,65.0,390.0,0.0,139.2,Central,Texas,Dallas,Debit Card
ORD-2024-10362,2024-04-02,CUST-1261,Kevin Davis,PROD-HOM-129,Digital Touchscreen Air Fryer 5.8Qt,Home & Kitchen,Appliances,4,110.0,440.0,0.0,125.0,Central,Texas,Dallas,UPI / Net Banking
ORD-2022-10363,2024-03-02,CUST-1276,Donna Hill,PROD-HOM-135,100% Organic Cotton Sheet Set Queen,Home & Kitchen,Bedding & Decor,6,85.0,459.0,0.1,133.8,West,California,Los Angeles,Debit Card
ORD-2022-10364,2022-07-30,CUST-1276,Donna Hill,PROD-OFF-128,Precision Cutting Mat & Knife Set,Office Supplies,Art & Craft,4,22.0,83.6,0.05,30.84,East,New York,New York City,UPI / Net Banking
ORD-2022-10365,2022-07-02,CUST-1407,Jessica Garcia,PROD-FUR-117,Compact Computer Desk,Furniture,Desks & Tables,3,130.0,351.0,0.1,40.8,East,New York,New York City,PayPal
ORD-2023-10366,2022-11-20,CUST-1009,Susan Anderson,PROD-OFF-125,3-Drawer Mobile File Cabinet,Office Supplies,Storage & Organization,2,145.0,261.0,0.1,47.2,East,New York,New York City,PayPal
ORD-2024-10367,2024-05-18,CUST-1038,David White,PROD-OFF-123,Gel Ink Pens Box of 24,Office Supplies,Paper & Stationary,10,15.0,150.0,0.0,69.5,North,Wisconsin,Milwaukee,Debit Card
ORD-2023-10368,2023-01-26,CUST-1203,Thomas Brown,PROD-TEC-102,UltraSlim 14 Inch Notebook,Technology,Laptops & Monitors,4,1100.0,3740.0,0.15,433.0,Central,Texas,Dallas,PayPal
ORD-2023-10369,2023-10-12,CUST-1074,Amanda Davis,PROD-FUR-120,Modern Modular Bookshelf,Furniture,Bookcases,4,210.0,798.0,0.05,135.8,West,California,San Diego,PayPal
ORD-2024-10370,2023-09-03,CUST-1202,Paul Young,PROD-HOM-135,100% Organic Cotton Sheet Set Queen,Home & Kitchen,Bedding & Decor,4,85.0,289.0,0.15,71.2,South,Florida,Miami,Debit Card
ORD-2024-10371,2024-05-21,CUST-1263,Paul Martin,PROD-TEC-110,True Wireless Earbuds,Technology,Phones & Audio,4,89.0,356.0,0.0,117.6,Central,Texas,Houston,Credit Card
ORD-2024-10372,2024-05-22,CUST-1028,Emily Jackson,PROD-HOM-136,Weighted Cooling Blanket 15lbs,Home & Kitchen,Bedding & Decor,1,95.0,95.0,0.0,29.25,West,Washington,Seattle,PayPal
ORD-2024-10373,2023-05-14,CUST-1170,Donna Hill,PROD-OFF-123,Gel Ink Pens Box of 24,Office Supplies,Paper & Stationary,2,15.0,28.5,0.05,10.0,East,New York,Buffalo,Credit Card
ORD-2023-10374,2023-04-07,CUST-1169,Andrew Thomas,PROD-FUR-120,Modern Modular Bookshelf,Furniture,Bookcases,1,210.0,210.0,0.0,42.2,Central,Ohio,Columbus,PayPal
ORD-2023-10375,2022-09-10,CUST-1403,Deborah Walker,PROD-FUR-115,Adjustable Drafting Stool,Furniture,Chairs & Stools,3,110.0,313.5,0.05,60.0,West,Washington,Seattle,UPI / Net Banking
ORD-2023-10376,2023-01-03,CUST-1397,Joshua Robinson,PROD-FUR-120,Modern Modular Bookshelf,Furniture,Bookcases,2,210.0,399.0,0.05,66.4,East,Massachusetts,Boston,Credit Card
ORD-2022-10377,2023-07-06,CUST-1101,Emily Hernandez,PROD-FUR-117,Compact Computer Desk,Furniture,Desks & Tables,2,130.0,260.0,0.0,52.2,Central,Illinois,Chicago,Debit Card
ORD-2024-10378,2023-02-19,CUST-1394,James Clark,PROD-FUR-114,High-Back Leather Gaming Chair,Furniture,Chairs & Stools,3,290.0,739.5,0.15,20.1,South,Florida,Miami,PayPal
ORD-2023-10379,2023-02-06,CUST-1115,James Jones,PROD-FUR-119,5-Shelf Ladder Bookcase,Furniture,Bookcases,6,140.0,840.0,0.0,201.0,East,New York,Buffalo,Credit Card
ORD-2024-10380,2023-12-02,CUST-1085,Joshua Allen,PROD-HOM-133,Stainless Steel Chef Knife 8-Inch,Home & Kitchen,Cookware & Dining,3,45.0,108.0,0.2,27.75,East,New York,Buffalo,UPI / Net Banking
ORD-2024-10381,2024-01-20,CUST-1248,Michael Hill,PROD-OFF-123,Gel Ink Pens Box of 24,Office Supplies,Paper & Stationary,1,15.0,11.25,0.25,0.5,West,California,Los Angeles,Credit Card
ORD-2022-10382,2023-06-15,CUST-1406,Sarah Lee,PROD-OFF-124,Heavy-Duty Plastic Storage Bins 4-Pack,Office Supplies,Storage & Organization,2,55.0,110.0,0.0,39.0,West,Washington,Seattle,Credit Card
ORD-2024-10383,2023-06-18,CUST-1325,Joseph Harris,PROD-FUR-118,Solid Wood Conference Table,Furniture,Desks & Tables,4,850.0,3230.0,0.05,333.0,West,California,San Diego,Debit Card
ORD-2022-10384,2023-06-14,CUST-1129,Daniel Ramirez,PROD-OFF-125,3-Drawer Mobile File Cabinet,Office Supplies,Storage & Organization,3,145.0,435.0,0.0,115.8,West,California,San Francisco,Credit Card
ORD-2024-10385,2022-01-07,CUST-1257,Steven Gonzalez,PROD-TEC-109,Noise Canceling Headphones,Technology,Phones & Audio,1,199.0,179.1,0.1,35.8,East,Massachusetts,Boston,Debit Card
ORD-2023-10386,2023-09-09,CUST-1368,Jessica Gonzalez,PROD-TEC-108,HD Pro Webcam 1080p,Technology,Accessories,3,65.0,195.0,0.0,68.1,Central,Texas,Houston,Credit Card
ORD-2024-10387,2022-06-15,CUST-1332,Susan Clark,PROD-OFF-127,Professional Acrylic Paint Set,Office Supplies,Art & Craft,6,42.0,239.4,0.05,84.24,South,Florida,Miami,Debit Card
ORD-2024-10388,2022-05-31,CUST-1029,Joshua Flores,PROD-TEC-111,Bluetooth Conference Speaker,Technology,Phones & Audio,1,120.0,108.0,0.1,22.4,North,Minnesota,Minneapolis,Debit Card
ORD-2024-10389,2024-01-16,CUST-1339,Anthony Wright,PROD-FUR-119,5-Shelf Ladder Bookcase,Furniture,Bookcases,4,140.0,448.0,0.2,21.0,East,New York,New York City,Credit Card
ORD-2023-10390,2023-09-08,CUST-1074,Amanda Davis,PROD-TEC-112,Smart Fitness Watch,Technology,Phones & Audio,3,149.0,424.65,0.05,96.81,South,Georgia,Atlanta,UPI / Net Banking
ORD-2023-10391,2023-01-30,CUST-1068,Amanda Ramirez,PROD-TEC-107,USB-C Multi-Port Hub,Technology,Accessories,2,45.0,90.0,0.0,35.5,South,Florida,Miami,Credit Card
ORD-2022-10392,2022-07-01,CUST-1244,Nancy Johnson,PROD-TEC-103,27-Inch 4K UHD Monitor,Technology,Laptops & Monitors,4,350.0,1330.0,0.05,315.0,Central,Ohio,Columbus,Credit Card
ORD-2022-10393,2024-03-04,CUST-1348,Sandra Rodriguez,PROD-OFF-128,Precision Cutting Mat & Knife Set,Office Supplies,Art & Craft,3,22.0,62.7,0.05,22.38,Central,Ohio,Columbus,Credit Card
ORD-2023-10394,2024-03-19,CUST-1394,James Clark,PROD-OFF-125,3-Drawer Mobile File Cabinet,Office Supplies,Storage & Organization,3,145.0,348.0,0.2,28.8,East,Pennsylvania,Philadelphia,Credit Card
ORD-2022-10395,2022-09-18,CUST-1245,Linda Taylor,PROD-FUR-115,Adjustable Drafting Stool,Furniture,Chairs & Stools,1,110.0,99.0,0.1,12.5,Central,Illinois,Chicago,Debit Card
ORD-2022-10396,2023-08-15,CUST-1268, Richard Clark ,PROD-TEC-108,HD Pro Webcam 1080p,Technology,Accessories,1,65.0,65.0,0.0,20.7,Central,Ohio,Columbus,Debit Card
ORD-2022-10397,2023-03-13,CUST-1334,Brian Johnson,PROD-FUR-117,Compact Computer Desk,Furniture,Desks & Tables,8,130.0,1040.0,0.0,217.8,Central,Texas,Austin,Debit Card
ORD-2022-10398,2023-02-28,CUST-1283,Charles Allen,PROD-HOM-136,Weighted Cooling Blanket 15lbs,Home & Kitchen,Bedding & Decor,2,95.0,171.0,0.1,42.5,Central,Texas,Dallas,Cash on Delivery
ORD-2024-10399,2023-02-12,CUST-1377,Kenneth Davis,PROD-TEC-109,Noise Canceling Headphones,Technology,Phones & Audio,1,199.0,199.0,0.0,55.7,Central,Illinois,Chicago,Debit Card
ORD-2023-10400,2024/03/15,CUST-1174,Andrew King,PROD-HOM-136,Weighted Cooling Blanket 15lbs,Home & Kitchen,Bedding & Decor,1,95.0,95.0,0.0,29.25,East,New York,New York City,UPI / Net Banking
ORD-2024-10401,2023-03-22,CUST-1046,Joshua Scott,PROD-TEC-105,Wireless Ergonomic Mouse,Technology,Accessories,1,35.0,35.0,0.0,10.0,East,Pennsylvania,Philadelphia,Credit Card
ORD-2024-10402,2023-11-03,CUST-1267,Emily Rodriguez,PROD-FUR-119,5-Shelf Ladder Bookcase,Furniture,Bookcases,1,140.0,133.0,0.05,24.0,East,New York,New York City,PayPal
ORD-2024-10403,2024-04-03,CUST-1266,Brian Jackson,PROD-FUR-119,5-Shelf Ladder Bookcase,Furniture,Bookcases,1,140.0,133.0,0.05,24.0,South,Florida,Orlando,PayPal
ORD-2022-10404,2023-01-04,CUST-1123,William Torres,PROD-TEC-101,ProBook 15.6 Inch Laptop,Technology,Laptops & Monitors,2,850.0,1700.0,0.0,369.0,West,California,San Francisco,PayPal
ORD-2022-10405,2023-06-15,CUST-1008,Mary Garcia,PROD-TEC-105,Wireless Ergonomic Mouse,Technology,Accessories,10,35.0,315.0,0.1,92.0,Central,Illinois,Chicago,PayPal
ORD-2023-10406,2022-08-20,CUST-1311,Margaret Scott,PROD-FUR-113,Ergonomic Executive Mesh Chair,Furniture,Chairs & Stools,2,240.0,480.0,0.0,91.0,Central,Texas,Dallas,Cash on Delivery
ORD-2022-10407,2023-05-31,CUST-1151,Matthew Taylor,PROD-OFF-122,Executive Hardcover Notebook 3-Pack,Office Supplies,Paper & Stationary,1,24.0,21.6,0.1,5.6,East,New York,New York City,Debit Card
ORD-2024-10408,2023-03-30,CUST-1194,Karen Miller,PROD-HOM-131,Compact HEPA Air Purifier,Home & Kitchen,Appliances,1,130.0,123.5,0.05,25.9,South,Florida,Orlando,Credit Card
ORD-2022-10409,2023-05-09,CUST-1060,Melissa Nguyen,PROD-FUR-117,Compact Computer Desk,Furniture,Desks & Tables,3,130.0,331.5,0.15,21.3,North,Michigan,Detroit,Credit Card
ORD-2023-10410,2022-12-28,CUST-1265,Christopher Sanchez,PROD-HOM-135,100% Organic Cotton Sheet Set Queen,Home & Kitchen,Bedding & Decor,2,85.0,170.0,0.0,59.6,North,Michigan,Detroit,UPI / Net Banking
ORD-2023-10411,2022-03-19,CUST-1284,Kevin Flores,PROD-TEC-112,Smart Fitness Watch,Technology,Phones & Audio,2,149.0,253.3,0.15,33.74,West,Washington,Seattle,Debit Card
ORD-2022-10412,2023-05-26,CUST-1378,Deborah Hernandez,PROD-FUR-113,Ergonomic Executive Mesh Chair,Furniture,Chairs & Stools,1,240.0,204.0,0.15,8.0,East,New York,Buffalo,PayPal
ORD-2024-10413,2022-12-31,CUST-1080,Sandra Smith,PROD-TEC-107,USB-C Multi-Port Hub,Technology,Accessories,4,45.0,162.0,0.1,56.0,East,New York,New York City,Credit Card
ORD-2024-10414,2022-02-13,CUST-1435,Melissa Scott,PROD-HOM-131,Compact HEPA Air Purifier,Home & Kitchen,Appliances,1,130.0,130.0,0.0,32.4,East,Pennsylvania,Philadelphia,UPI / Net Banking
ORD-2023-10415,2022-07-07,CUST-1392,Robert Allen,PROD-HOM-133,Stainless Steel Chef Knife 8-Inch,Home & Kitchen,Cookware & Dining,2,45.0,90.0,0.0,35.5,West,California,San Diego,Debit Card
ORD-2024-10416,2022-02-03,CUST-1258,Lisa Ramirez,PROD-OFF-123,Gel Ink Pens Box of 24,Office Supplies,Paper & Stationary,3,15.0,42.75,0.05,16.5,North,Minnesota,Minneapolis,Debit Card
ORD-2023-10417,2023-12-07,CUST-1005,Amanda Wright,PROD-TEC-101,ProBook 15.6 Inch Laptop,Technology,Laptops & Monitors,10,850.0,6800.0,0.2,157.0,East,New York,Buffalo,UPI / Net Banking
ORD-2023-10418,2022-08-31,CUST-1138,William Ramirez,PROD-HOM-131,Compact HEPA Air Purifier,Home & Kitchen,Appliances,1,130.0,110.5,0.15,12.9,West,Oregon,Portland,UPI / Net Banking
ORD-2023-10419,2024-05-24,CUST-1206,James Perez,PROD-FUR-118,Solid Wood Conference Table,Furniture,Desks & Tables,4,850.0,2890.0,0.15,-7.0,South,North Carolina,Charlotte,Credit Card
ORD-2023-10420,2024-04-03,CUST-1121,Kevin Young,PROD-HOM-136,Weighted Cooling Blanket 15lbs,Home & Kitchen,Bedding & Decor,1,95.0,90.25,0.05,24.5,East,Massachusetts,Boston,PayPal
ORD-2022-10421,2022-06-30,CUST-1216,Emily Martinez,PROD-HOM-132,Non-Stick Ceramic Cookware 10-Piece,Home & Kitchen,Cookware & Dining,1,180.0,108.0,0.4,-18.4,Central,Texas,Houston,PayPal
ORD-2023-10422,2022-09-14,CUST-1288,Joseph Gonzalez,PROD-TEC-104,24-Inch IPS FHD Monitor,Technology,Laptops & Monitors,1,180.0,144.0,0.2,14.0,North,Minnesota,Minneapolis,Debit Card
ORD-2022-10423,2023-04-06,CUST-1382,Amanda Harris,PROD-OFF-122,Executive Hardcover Notebook 3-Pack,Office Supplies,Paper & Stationary,3,24.0,61.2,0.15,19.2,East,Pennsylvania,Philadelphia,Debit Card
ORD-2022-10424,2022-12-26,CUST-1445,Melissa Walker,PROD-FUR-113,Ergonomic Executive Mesh Chair,Furniture,Chairs & Stools,2,240.0,480.0,0.0,91.0,West,Oregon,Portland,Credit Card
ORD-2024-10425,2023-06-07,CUST-1250,George Lee,PROD-HOM-129,Digital Touchscreen Air Fryer 5.8Qt,Home & Kitchen,Appliances,1,110.0,110.0,0.0,29.0,North,Michigan,Detroit,Debit Card
ORD-2023-10426,2023-03-08,CUST-1324,William Martinez,PROD-OFF-126,Desktop Document Organizer,Office Supplies,Storage & Organization,6,28.0,159.6,0.05,58.2,West,California,Los Angeles,Debit Card
ORD-2024-10427,2023-10-23,CUST-1203,Thomas Brown,PROD-FUR-118,Solid Wood Conference Table,Furniture,Desks & Tables,2,850.0,1700.0,0.0,250.0,Central,Texas,Dallas,Credit Card
ORD-2022-10428,2022-07-08,CUST-1438,Sarah Martin,PROD-TEC-102,UltraSlim 14 Inch Notebook,Technology,Laptops & Monitors,3,1100.0,2970.0,0.1,489.0,East,New York,Buffalo,Credit Card
ORD-2022-10429,2023-02-11,CUST-1053,Dorothy Lee,PROD-TEC-107,USB-C Multi-Port Hub,Technology,Accessories,4,45.0,171.0,0.05,65.0,East,New York,New York City,Cash on Delivery
ORD-2022-10430,2022-04-17,CUST-1135,Michael Thomas,PROD-TEC-110,True Wireless Earbuds,Technology,Phones & Audio,1,89.0,80.1,0.1,18.25,North,Michigan,Detroit,Credit Card
ORD-2024-10431,2022-05-10,CUST-1068,Amanda Ramirez,PROD-HOM-134,Insulated Stainless Steel Tumbler 30oz,Home & Kitchen,Cookware & Dining,1,25.0,25.0,0.0,8.5,West,California,San Francisco,Credit Card
ORD-2024-10432,2022-10-06,CUST-1281,Melissa Hernandez,PROD-HOM-129,Digital Touchscreen Air Fryer 5.8Qt,Home & Kitchen,Appliances,3,110.0,330.0,0.0,93.0,West,California,San Francisco,Cash on Delivery
ORD-2024-10433,2024-06-17,CUST-1289,Elizabeth Johnson,PROD-OFF-128,Precision Cutting Mat & Knife Set,Office Supplies,Art & Craft,4,22.0,79.2,0.1,26.44,West,Oregon,Portland,Debit Card
ORD-2022-10434,2023/03/29,CUST-1158,Melissa Wright,PROD-OFF-124,Heavy-Duty Plastic Storage Bins 4-Pack,Office Supplies,Storage & Organization,2,55.0,104.5,0.05,33.5,East,Massachusetts,Boston,UPI / Net Banking
ORD-2023-10435,2022-10-21,CUST-1241,Deborah Moore,PROD-HOM-135,100% Organic Cotton Sheet Set Queen,Home & Kitchen,Bedding & Decor,2,85.0,170.0,0.0,59.6,West,California,Los Angeles,Debit Card
ORD-2023-10436,2023-09-04,CUST-1119,Robert Allen,PROD-TEC-101,ProBook 15.6 Inch Laptop,Technology,Laptops & Monitors,4,850.0,3060.0,0.1,401.0,South,Georgia,Atlanta,Credit Card
ORD-2024-10437,2023-02-04,CUST-1425,Brian Walker,PROD-OFF-125,3-Drawer Mobile File Cabinet,Office Supplies,Storage & Organization,2,145.0,275.5,0.05,61.7,East,New York,Buffalo,Credit Card
ORD-2024-10438,2023-12-03,CUST-1140,Sandra Thomas,PROD-FUR-119,5-Shelf Ladder Bookcase,Furniture,Bookcases,3,140.0,420.0,0.0,99.0,Central,Ohio,Columbus,Credit Card
ORD-2024-10439,2023-04-12,CUST-1317,Deborah King,PROD-HOM-129,Digital Touchscreen Air Fryer 5.8Qt,Home & Kitchen,Appliances,1,110.0,110.0,0.0,29.0,North,Minnesota,Minneapolis,PayPal
ORD-2022-10440,2022-07-10,CUST-1053,Dorothy Lee,PROD-FUR-119,5-Shelf Ladder Bookcase,Furniture,Bookcases,6,140.0,798.0,0.05,159.0,East,Pennsylvania,Philadelphia,Debit Card
ORD-2022-10441,2022-12-17,CUST-1216,Emily Martinez,PROD-FUR-120,Modern Modular Bookshelf,Furniture,Bookcases,2,210.0,357.0,0.15,24.4,East,Massachusetts,Boston,Debit Card
ORD-2022-10442,2022-02-27,CUST-1137,Steven Lewis,PROD-OFF-126,Desktop Document Organizer,Office Supplies,Storage & Organization,1,28.0,28.0,0.0,8.6,South,Florida,Miami,Debit Card
ORD-2022-10443,2022-05-05,CUST-1394,James Clark,PROD-FUR-116,Electric Dual-Motor Standing Desk,Furniture,Desks & Tables,2,450.0,900.0,0.0,157.0,West,Washington,Seattle,PayPal
ORD-2022-10444,2023-06-18,CUST-1341,Kenneth Anderson,PROD-FUR-114,High-Back Leather Gaming Chair,Furniture,Chairs & Stools,5,290.0,1015.0,0.3,-182.0,South,North Carolina,Charlotte,Credit Card
ORD-2024-10445,2023-07-17,CUST-1267,Emily Rodriguez,PROD-TEC-108,HD Pro Webcam 1080p,Technology,Accessories,3,65.0,185.25,0.05,58.35,West,California,San Diego,UPI / Net Banking
ORD-2022-10446,2022-08-30,CUST-1325,Joseph Harris,PROD-OFF-128,Precision Cutting Mat & Knife Set,Office Supplies,Art & Craft,1,22.0,17.6,0.2,2.16,West,California,San Diego,Debit Card
ORD-2022-10447,2023-08-19,CUST-1402,Michelle Wright,PROD-HOM-131,Compact HEPA Air Purifier,Home & Kitchen,Appliances,3,130.0,312.0,0.2,25.2,Central,Ohio,Columbus,Debit Card
ORD-2023-10448,2024-02-17,CUST-1321,Jessica Moore,PROD-TEC-104,24-Inch IPS FHD Monitor,Technology,Laptops & Monitors,1,180.0,171.0,0.05,41.0,East,New York,New York City,PayPal
ORD-2023-10449,2023-07-26,CUST-1404,Sandra Ramirez,PROD-OFF-123,Gel Ink Pens Box of 24,Office Supplies,Paper & Stationary,2,15.0,27.0,0.1,8.5,East,Massachusetts,Boston,Credit Card
ORD-2022-10450,2023-05-12,CUST-1362,Mark Johnson,PROD-HOM-129,Digital Touchscreen Air Fryer 5.8Qt,Home & Kitchen,Appliances,3,110.0,330.0,0.0,93.0,East,Pennsylvania,Philadelphia,Credit Card
ORD-2023-10451,2022-10-09,CUST-1445,Melissa Walker,PROD-HOM-136,Weighted Cooling Blanket 15lbs,Home & Kitchen,Bedding & Decor,6,95.0,513.0,0.1,133.5,West,California,San Francisco,Credit Card
ORD-2022-10452,2024-03-05,CUST-1327,Dorothy Wilson,PROD-HOM-133,Stainless Steel Chef Knife 8-Inch,Home & Kitchen,Cookware & Dining,1,45.0,38.25,0.15,9.5,Central,Texas,Dallas,Credit Card
ORD-2023-10453,2024-01-09,CUST-1033,Deborah Jackson,PROD-HOM-135,100% Organic Cotton Sheet Set Queen,Home & Kitchen,Bedding & Decor,1,85.0,85.0,0.0,28.3,Central,Texas,Dallas,PayPal
ORD-2023-10454,2023-10-19,CUST-1165,Barbara Jones,PROD-TEC-108,HD Pro Webcam 1080p,Technology,Accessories,1,65.0,65.0,0.0,20.7,East,New York,New York City,Cash on Delivery
ORD-2022-10455,2022-04-20,CUST-1249,Margaret Thompson,PROD-FUR-113,Ergonomic Executive Mesh Chair,Furniture,Chairs & Stools,1,240.0,204.0,0.15,8.0,Central,Illinois,Chicago,Credit Card
ORD-2024-10456,2022-09-20,CUST-1026,Steven Davis,PROD-OFF-124,Heavy-Duty Plastic Storage Bins 4-Pack,Office Supplies,Storage & Organization,1,55.0,55.0,0.0,18.0,Central,Texas,Houston,PayPal
ORD-2022-10457,2023-04-25,CUST-1411,Kevin Harris,PROD-TEC-104,24-Inch IPS FHD Monitor,Technology,Laptops & Monitors,3,180.0,513.0,0.05,129.0,East,Pennsylvania,Philadelphia,Cash on Delivery
ORD-2024-10458,2022-09-30,CUST-1271,Michelle Torres,PROD-TEC-103,27-Inch 4K UHD Monitor,Technology,Laptops & Monitors,4,350.0,1400.0,0.0,385.0,North,Wisconsin,Milwaukee,Debit Card
ORD-2024-10459,2022-08-25,CUST-1273,Emily Smith,PROD-OFF-125,3-Drawer Mobile File Cabinet,Office Supplies,Storage & Organization,2,145.0,261.0,0.1,47.2,South,Florida,Orlando,PayPal
ORD-2024-10460,2023-03-02,CUST-1383,Betty Gonzalez,PROD-TEC-107,USB-C Multi-Port Hub,Technology,Accessories,1,45.0,45.0,0.0,16.25,North,Wisconsin,Milwaukee,Credit Card
ORD-2022-10461,2023-07-18,CUST-1206,James Perez,PROD-HOM-133,Stainless Steel Chef Knife 8-Inch,Home & Kitchen,Cookware & Dining,2,45.0,85.5,0.05,31.0,West,California,San Diego,Debit Card
ORD-2024-10462,2022-11-29,CUST-1433,Emily King,PROD-OFF-124,Heavy-Duty Plastic Storage Bins 4-Pack,Office Supplies,Storage & Organization,6,55.0,330.0,0.0,123.0,East,Massachusetts,Boston,Credit Card
ORD-2022-10463,2023-01-20,CUST-1393,Carol Perez,PROD-HOM-136,Weighted Cooling Blanket 15lbs,Home & Kitchen,Bedding & Decor,5,95.0,427.5,0.1,110.75,West,California,San Diego,
ORD-2023-10464,2023-09-03,CUST-1009,Susan Anderson,PROD-HOM-134,Insulated Stainless Steel Tumbler 30oz,Home & Kitchen,Cookware & Dining,4,25.0,85.0,0.15,28.0,North,Michigan,Detroit,Credit Card
ORD-2022-10465,2024-03-01,CUST-1421,Jennifer Thomas,PROD-FUR-118,Solid Wood Conference Table,Furniture,Desks & Tables,3,850.0,2422.5,0.05,249.0,South,Florida,Orlando,PayPal
ORD-2022-10466,2022-08-27,CUST-1132,Amanda Miller,PROD-FUR-120,Modern Modular Bookshelf,Furniture,Bookcases,3,210.0,567.0,0.1,69.6,East,New York,New York City,Debit Card
ORD-2023-10467,2022-06-27,CUST-1250,George Lee,PROD-TEC-107,USB-C Multi-Port Hub,Technology,Accessories,8,45.0,270.0,0.25,61.0,East,Pennsylvania,Philadelphia,Credit Card
ORD-2023-10468,2022-12-23,CUST-1419,Emily Smith,PROD-OFF-128,Precision Cutting Mat & Knife Set,Office Supplies,Art & Craft,1,22.0,19.8,0.1,4.36,South,North Carolina,Charlotte,Credit Card
ORD-2022-10469,2023-10-12,CUST-1399,Margaret Lopez,PROD-OFF-125,3-Drawer Mobile File Cabinet,Office Supplies,Storage & Organization,2,145.0,246.5,0.15,32.7,South,Florida,Miami,Debit Card
ORD-2022-10470,2022-06-06,CUST-1026,Steven Davis,PROD-OFF-126,Desktop Document Organizer,Office Supplies,Storage & Organization,2,28.0,53.2,0.05,17.4,West,Washington,Seattle,Debit Card
ORD-2022-10471,2022-05-16,CUST-1173,Kevin Nguyen,PROD-TEC-106,Mechanical RGB Keyboard,Technology,Accessories,3,75.0,180.0,0.2,27.75,Central,Texas,Dallas,PayPal
ORD-2024-10472,2022-05-14,CUST-1391,Kevin White,PROD-TEC-109,Noise Canceling Headphones,Technology,Phones & Audio,1,199.0,189.05,0.05,45.75,East,Massachusetts,Boston,Credit Card
ORD-2024-10473,2023-06-21,CUST-1127,Michael Miller,PROD-FUR-116,Electric Dual-Motor Standing Desk,Furniture,Desks & Tables,3,450.0,675.0,0.5,-438.0,East,New York,New York City,Debit Card
ORD-2023-10474,2023-03-10,CUST-1188,Robert Thomas,PROD-OFF-123,Gel Ink Pens Box of 24,Office Supplies,Paper & Stationary,4,15.0,60.0,0.0,26.0,Central,Texas,Houston,PayPal
ORD-2024-10475,2024-04-21,CUST-1412,Nancy Johnson,PROD-HOM-129,Digital Touchscreen Air Fryer 5.8Qt,Home & Kitchen,Appliances,3,110.0,330.0,0.0,93.0,West,Oregon,Portland,PayPal
ORD-2024-10476,2024-05-23,CUST-1044,David Robinson,PROD-TEC-108,HD Pro Webcam 1080p,Technology,Accessories,2,65.0,130.0,0.0,44.4,South,Florida,Miami,Credit Card
ORD-2023-10477,2023-12-12,CUST-1412,Nancy Johnson,PROD-TEC-108,HD Pro Webcam 1080p,Technology,Accessories,3,65.0,195.0,0.0,68.1,North,Minnesota,Minneapolis,Credit Card
ORD-2024-10478,2024-02-08,CUST-1133,Patricia Sanchez,PROD-HOM-136,Weighted Cooling Blanket 15lbs,Home & Kitchen,Bedding & Decor,1,95.0,95.0,0.0,29.25,West,Washington,Seattle,UPI / Net Banking
ORD-2024-10479,2023-06-24,CUST-1023,Daniel Thompson,PROD-FUR-117,Compact Computer Desk,Furniture,Desks & Tables,10,130.0,1300.0,0.0,273.0,West,California,San Francisco,PayPal
ORD-2022-10480,2022-03-10,CUST-1199,Charles Hill,PROD-FUR-118,Solid Wood Conference Table,Furniture,Desks & Tables,5,850.0,4037.5,0.05,417.0,West,California,San Diego,Debit Card
ORD-2023-10481,2023-06-05,CUST-1364,Patricia Thompson,PROD-TEC-107,USB-C Multi-Port Hub,Technology,Accessories,3,45.0,135.0,0.0,54.75,Central,Texas,Austin,Credit Card
ORD-2024-10482,2023-12-31,CUST-1012,Richard Wright,PROD-TEC-103,27-Inch 4K UHD Monitor,Technology,Laptops & Monitors,4,350.0,1400.0,0.0,385.0,Central,Texas,Houston,Debit Card
ORD-2024-10483,2022-12-27,CUST-1182,James Robinson,PROD-FUR-120,Modern Modular Bookshelf,Furniture,Bookcases,3,210.0,630.0,0.0,132.6,Central,Texas,Houston,Debit Card
ORD-2023-10484,2024-06-30,CUST-1418,Brian Moore,PROD-TEC-102,UltraSlim 14 Inch Notebook,Technology,Laptops & Monitors,2,1100.0,1980.0,0.1,325.0,Central,Ohio,Columbus,PayPal
ORD-2024-10485,2023-01-27,CUST-1267,Emily Rodriguez,PROD-FUR-115,Adjustable Drafting Stool,Furniture,Chairs & Stools,1,110.0,93.5,0.15,7.0,West,Washington,Seattle,Credit Card
ORD-2024-10486,2022-05-15,CUST-1106,Dorothy Martin,PROD-TEC-109,Noise Canceling Headphones,Technology,Phones & Audio,1,199.0,199.0,0.0,55.7,South,Florida,Orlando,PayPal
ORD-2022-10487,2023-11-03,CUST-1290,John Thomas,PROD-TEC-111,Bluetooth Conference Speaker,Technology,Phones & Audio,4,120.0,456.0,0.05,122.6,West,California,San Diego,Credit Card
ORD-2022-10488,2024-01-15,CUST-1016,Edward Hernandez,PROD-OFF-121,Premium Multipurpose Copy Paper 5 Reams,Office Supplies,Paper & Stationary,1,38.0,36.1,0.05,11.2,East,Massachusetts,Boston,Credit Card
ORD-2024-10489,2022-10-08,CUST-1078,Linda Jackson,PROD-FUR-113,Ergonomic Executive Mesh Chair,Furniture,Chairs & Stools,2,240.0,432.0,0.1,43.0,North,Michigan,Detroit,UPI / Net Banking
ORD-2024-10490,2022-08-25,CUST-1306,William Robinson,PROD-FUR-115,Adjustable Drafting Stool,Furniture,Chairs & Stools,3,110.0,313.5,0.05,60.0,Central,Texas,Houston,PayPal
ORD-2024-10491,2023-04-26,CUST-1365,Joseph Jones,PROD-OFF-124,Heavy-Duty Plastic Storage Bins 4-Pack,Office Supplies,Storage & Organization,1,55.0,52.25,0.05,15.25,South,Florida,Orlando,Credit Card
ORD-2022-10492,2022-10-04,CUST-1212,Linda Jones,PROD-FUR-115,Adjustable Drafting Stool,Furniture,Chairs & Stools,2,110.0,209.0,0.05,39.0,East,New York,Buffalo,Credit Card
ORD-2023-10493,2023-12-06,CUST-1167,Amanda Thomas,PROD-HOM-130,Programmable Drip Coffee Maker,Home & Kitchen,Appliances,1,75.0,75.0,0.0,22.25,East,New York,Buffalo,UPI / Net Banking
ORD-2023-10494,2023-09-19,CUST-1381,Karen Torres,PROD-HOM-135,100% Organic Cotton Sheet Set Queen,Home & Kitchen,Bedding & Decor,1,85.0,80.75,0.05,24.05,West,Oregon,Portland,UPI / Net Banking
ORD-2022-10495,2024-06-17,CUST-1126,Anthony Gonzalez,PROD-HOM-134,Insulated Stainless Steel Tumbler 30oz,Home & Kitchen,Cookware & Dining,1,25.0,23.75,0.05,7.25,South,North Carolina,Charlotte,UPI / Net Banking
ORD-2022-10496,2022-10-26,CUST-1226,Jessica Hernandez,PROD-OFF-126,Desktop Document Organizer,Office Supplies,Storage & Organization,1,28.0,23.8,0.15,4.4,West,California,San Diego,Debit Card
ORD-2024-10497,2023-06-14,CUST-1073,Emily Smith,PROD-HOM-130,Programmable Drip Coffee Maker,Home & Kitchen,Appliances,1,75.0,75.0,0.0,22.25,Central,Texas,Dallas,Debit Card
ORD-2024-10498,2022-05-19,CUST-1202,Paul Young,PROD-OFF-127,Professional Acrylic Paint Set,Office Supplies,Art & Craft,2,42.0,75.6,0.1,21.88,South,Georgia,Atlanta,Credit Card
ORD-2023-10499,2022-04-03,CUST-1129,Daniel Ramirez,PROD-OFF-121,Premium Multipurpose Copy Paper 5 Reams,Office Supplies,Paper & Stationary,3,38.0,114.0,0.0,45.3,South,Florida,Orlando,PayPal
ORD-2024-10500,2023-12-26,CUST-1197,Melissa Scott,PROD-HOM-133,Stainless Steel Chef Knife 8-Inch,Home & Kitchen,Cookware & Dining,6,45.0,270.0,0.0,112.5,East,New York,Buffalo,Credit Card
ORD-2024-10501,2024-06-02,CUST-1077,Deborah Perez,PROD-TEC-111,Bluetooth Conference Speaker,Technology,Phones & Audio,1,120.0,120.0,0.0,34.4,North,Michigan,Detroit,Credit Card
ORD-2023-10502,2022/10/23,CUST-1321,Jessica Moore,PROD-TEC-112,Smart Fitness Watch,Technology,Phones & Audio,1,149.0,126.65,0.15,15.37,West,California,Los Angeles,PayPal
ORD-2023-10503,2024-05-25,CUST-1256,James King,PROD-HOM-135,100% Organic Cotton Sheet Set Queen,Home & Kitchen,Bedding & Decor,1,85.0,80.75,0.05,24.05,East,New York,New York City,Credit Card
ORD-2023-10504,2022-03-23,CUST-1308,Emily Hill,PROD-TEC-101,ProBook 15.6 Inch Laptop,Technology,Laptops & Monitors,5,850.0,4250.0,0.0,927.0,Central,Texas,Houston,Debit Card
ORD-2022-10505,2022-06-01,CUST-1029,Joshua Flores,PROD-OFF-123,Gel Ink Pens Box of 24,Office Supplies,Paper & Stationary,1,15.0,12.0,0.2,1.25,East,New York,New York City,PayPal
ORD-2022-10506,2022-02-20,CUST-1056,Elizabeth Taylor,PROD-OFF-127,Professional Acrylic Paint Set,Office Supplies,Art & Craft,6,42.0,239.4,0.05,84.24,North,Michigan,Detroit,Credit Card
ORD-2024-10507,2022-07-01,CUST-1234,Mark Anderson,PROD-OFF-124,Heavy-Duty Plastic Storage Bins 4-Pack,Office Supplies,Storage & Organization,2,55.0,110.0,0.0,39.0,South,Florida,Miami,Cash on Delivery
ORD-2023-10508,2024-05-13,CUST-1282,Kevin Garcia,PROD-TEC-105,Wireless Ergonomic Mouse,Technology,Accessories,1,35.0,31.5,0.1,6.5,East,Pennsylvania,Philadelphia,Debit Card
ORD-2022-10509,2023-12-14,CUST-1108,Donald King,PROD-TEC-104,24-Inch IPS FHD Monitor,Technology,Laptops & Monitors,2,180.0,252.0,0.3,-5.0,Central,Illinois,Chicago,Credit Card
ORD-2024-10510,2024-03-18,CUST-1362,Mark Johnson,PROD-FUR-119,5-Shelf Ladder Bookcase,Furniture,Bookcases,1,140.0,140.0,0.0,31.0,East,Massachusetts,Boston,Credit Card
ORD-2022-10511,2023-09-22,CUST-1289,Elizabeth Johnson,PROD-HOM-132,Non-Stick Ceramic Cookware 10-Piece,Home & Kitchen,Cookware & Dining,4,180.0,684.0,0.05,187.4,West,Oregon,Portland,Credit Card
ORD-2023-10512,2022-07-18,CUST-1001,Joshua Davis,PROD-TEC-108,HD Pro Webcam 1080p,Technology,Accessories,4,65.0,234.0,0.1,65.8,East,New York,New York City,PayPal
ORD-2023-10513,2023-02-28,CUST-1024,Kenneth Taylor,PROD-OFF-122,Executive Hardcover Notebook 3-Pack,Office Supplies,Paper & Stationary,2,24.0,48.0,0.0,19.0,West,California,San Diego,Debit Card
ORD-2022-10514,2022-11-12,CUST-1154,Kevin Young,PROD-HOM-133,Stainless Steel Chef Knife 8-Inch,Home & Kitchen,Cookware & Dining,1,45.0,33.75,0.25,5.0,South,Georgia,Atlanta,PayPal
ORD-2022-10515,2024-05-02,CUST-1090,James Hill,PROD-FUR-113,Ergonomic Executive Mesh Chair,Furniture,Chairs & Stools,2,240.0,456.0,0.05,67.0,Central,Texas,Austin,Debit Card
ORD-2022-10516,2023-05-09,CUST-1080,Sandra Smith,PROD-HOM-130,Programmable Drip Coffee Maker,Home & Kitchen,Appliances,1,75.0,71.25,0.05,18.5,South,Georgia,Atlanta,Debit Card
ORD-2024-10517,2024-01-13,CUST-1348,Sandra Rodriguez,PROD-OFF-121,Premium Multipurpose Copy Paper 5 Reams,Office Supplies,Paper & Stationary,1,38.0,32.3,0.15,7.4,East,New York,New York City,Credit Card
ORD-2022-10518,2022-10-15,CUST-1431,Karen Nguyen,PROD-TEC-102,UltraSlim 14 Inch Notebook,Technology,Laptops & Monitors,1,1100.0,1100.0,0.0,271.0,South,Georgia,Atlanta,Debit Card
ORD-2024-10519,2022-04-30,CUST-1443,Edward Lopez,PROD-FUR-120,Modern Modular Bookshelf,Furniture,Bookcases,1,210.0,168.0,0.2,0.2,South,Georgia,Atlanta,UPI / Net Banking
ORD-2023-10520,2022-08-10,CUST-1269,Kevin Harris,PROD-FUR-120,Modern Modular Bookshelf,Furniture,Bookcases,1,210.0,199.5,0.05,31.7,North,Michigan,Detroit,PayPal
ORD-2022-10521,2024-03-29,CUST-1248,Michael Hill,PROD-HOM-133,Stainless Steel Chef Knife 8-Inch,Home & Kitchen,Cookware & Dining,1,45.0,45.0,0.0,16.25,West,California,San Francisco,UPI / Net Banking
ORD-2022-10522,2024-02-27,CUST-1447,Edward King,PROD-TEC-107,USB-C Multi-Port Hub,Technology,Accessories,2,45.0,85.5,0.05,31.0,East,New York,Buffalo,PayPal
ORD-2023-10523,2022-02-15,CUST-1352,Kevin Johnson,PROD-TEC-106,Mechanical RGB Keyboard,Technology,Accessories,4,75.0,300.0,0.0,98.0,South,Georgia,Atlanta,Cash on Delivery
ORD-2024-10524,2024-02-16,CUST-1160,Patricia Brown,PROD-FUR-114,High-Back Leather Gaming Chair,Furniture,Chairs & Stools,1,290.0,275.5,0.05,33.7,West,California,San Diego,PayPal
ORD-2023-10525,2022-06-02,CUST-1081,George Taylor,PROD-FUR-118,Solid Wood Conference Table,Furniture,Desks & Tables,2,850.0,1530.0,0.1,80.0,South,Florida,Miami,Credit Card
ORD-2023-10526,2022-10-05,CUST-1073,Emily Smith,PROD-FUR-119,5-Shelf Ladder Bookcase,Furniture,Bookcases,5,140.0,665.0,0.05,132.0,East,New York,Buffalo,PayPal
ORD-2022-10527,2023-04-28,CUST-1346,Kevin Sanchez,PROD-TEC-104,24-Inch IPS FHD Monitor,Technology,Laptops & Monitors,4,180.0,720.0,0.0,209.0,South,Florida,Miami,UPI / Net Banking
ORD-2024-10528,2024-05-06,CUST-1354,William Robinson,PROD-HOM-129,Digital Touchscreen Air Fryer 5.8Qt,Home & Kitchen,Appliances,1,110.0,66.0,0.4,-15.0,East,Pennsylvania,Philadelphia,Credit Card
ORD-2023-10529,2023-08-05,CUST-1068,Amanda Ramirez,PROD-TEC-106,Mechanical RGB Keyboard,Technology,Accessories,1,75.0,60.0,0.2,7.25,Central,Texas,Dallas,Credit Card
ORD-2022-10530,2022-05-28,CUST-1441,Christopher Davis,PROD-FUR-117,Compact Computer Desk,Furniture,Desks & Tables,2,130.0,234.0,0.1,26.2,East,Pennsylvania,Philadelphia,UPI / Net Banking
ORD-2023-10531,2023-05-15,CUST-1016,Edward Hernandez,PROD-TEC-105,Wireless Ergonomic Mouse,Technology,Accessories,4,35.0,133.0,0.05,42.0,North,Minnesota,Minneapolis,Debit Card
ORD-2024-10532,2022-05-11,CUST-1261,Kevin Davis,PROD-TEC-107,USB-C Multi-Port Hub,Technology,Accessories,8,45.0,324.0,0.1,115.0,Central,Texas,Dallas,Credit Card
ORD-2024-10533,2023-04-18,CUST-1206,James Perez,PROD-OFF-127,Professional Acrylic Paint Set,Office Supplies,Art & Craft,5,42.0,199.5,0.05,69.7,East,New York,Buffalo,Credit Card
ORD-2024-10534,2023-08-29,CUST-1221,Amanda Thomas,PROD-OFF-128,Precision Cutting Mat & Knife Set,Office Supplies,Art & Craft,2,22.0,41.8,0.05,13.92,Central,Ohio,Columbus,UPI / Net Banking
ORD-2024-10535,2023-08-11,CUST-1429,Joseph Sanchez,PROD-HOM-132,Non-Stick Ceramic Cookware 10-Piece,Home & Kitchen,Cookware & Dining,1,180.0,162.0,0.1,35.6,East,New York,New York City,UPI / Net Banking
ORD-2023-10536,2022-03-13,CUST-1307,Kevin King,PROD-TEC-107,USB-C Multi-Port Hub,Technology,Accessories,4,45.0,171.0,0.05,65.0,Central,Ohio,Columbus,Credit Card
ORD-2022-10537,2024-06-27,CUST-1298,Carol Smith,PROD-TEC-101,ProBook 15.6 Inch Laptop,Technology,Laptops & Monitors,2,850.0,1445.0,0.15,114.0,West,California,San Francisco,Credit Card
ORD-2022-10538,2023-11-29,CUST-1450,Charles Anderson,PROD-OFF-121,Premium Multipurpose Copy Paper 5 Reams,Office Supplies,Paper & Stationary,2,38.0,64.6,0.15,17.8,West,California,San Diego,Credit Card
ORD-2023-10539,2022-04-02,CUST-1299,Edward Miller,PROD-TEC-101,ProBook 15.6 Inch Laptop,Technology,Laptops & Monitors,3,850.0,2167.5,0.15,172.5,East,Massachusetts,Boston,Credit Card
ORD-2022-10540,2023-12-22,CUST-1287,Amanda Martin,PROD-OFF-123,Gel Ink Pens Box of 24,Office Supplies,Paper & Stationary,1,15.0,15.0,0.0,4.25,West,California,Los Angeles,PayPal
ORD-2023-10541,2023-12-30,CUST-1196,Linda Miller,PROD-OFF-126,Desktop Document Organizer,Office Supplies,Storage & Organization,3,28.0,75.6,0.1,23.4,West,Washington,Seattle,UPI / Net Banking
ORD-2023-10542,2024-05-10,CUST-1214,Steven Williams,PROD-TEC-110,True Wireless Earbuds,Technology,Phones & Audio,2,89.0,106.8,0.4,-13.9,Central,Texas,Austin,Credit Card
ORD-2024-10543,2024-06-25,CUST-1250,George Lee,PROD-OFF-128,Precision Cutting Mat & Knife Set,Office Supplies,Art & Craft,3,22.0,66.0,0.0,25.68,Central,Texas,Houston,Credit Card
ORD-2024-10544,2023-03-12,CUST-1320,Robert Jackson,PROD-TEC-112,Smart Fitness Watch,Technology,Phones & Audio,1,149.0,119.2,0.2,7.92,East,Massachusetts,Boston,UPI / Net Banking
ORD-2024-10545,2022-01-08,CUST-1296,Ashley Sanchez,PROD-HOM-132,Non-Stick Ceramic Cookware 10-Piece,Home & Kitchen,Cookware & Dining,1,180.0,162.0,0.1,35.6,Central,Texas,Houston,Debit Card
ORD-2022-10546,2023-08-05,CUST-1248,Michael Hill,PROD-OFF-124,Heavy-Duty Plastic Storage Bins 4-Pack,Office Supplies,Storage & Organization,1,55.0,55.0,0.0,18.0,East,New York,New York City,Credit Card
ORD-2023-10547,2023-04-22,CUST-1265,Christopher Sanchez,PROD-TEC-106,Mechanical RGB Keyboard,Technology,Accessories,3,75.0,168.75,0.25,16.5,South,Florida,Miami,PayPal
ORD-2024-10548,2024-03-28,CUST-1297,Jessica Martinez,PROD-FUR-120,Modern Modular Bookshelf,Furniture,Bookcases,4,210.0,756.0,0.1,93.8,West,Oregon,Portland,UPI / Net Banking
ORD-2023-10549,2023-08-11,CUST-1376,David Hill,PROD-OFF-122,Executive Hardcover Notebook 3-Pack,Office Supplies,Paper & Stationary,3,24.0,68.4,0.05,26.4,East,Massachusetts,Boston,Debit Card
ORD-2024-10550,2024-02-07,CUST-1156,Charles Wilson,PROD-FUR-117,Compact Computer Desk,Furniture,Desks & Tables,2,130.0,208.0,0.2,0.2,Central,Illinois,Chicago,Credit Card
ORD-2024-10551,2023-10-02,CUST-1014,Donald Nguyen,PROD-FUR-119,5-Shelf Ladder Bookcase,Furniture,Bookcases,8,140.0,1120.0,0.0,269.0,West,Washington,Seattle,Credit Card
ORD-2023-10552,2022-10-09,CUST-1440,Linda Gonzalez,PROD-FUR-117,Compact Computer Desk,Furniture,Desks & Tables,3,130.0,292.5,0.25,-17.7,West,California,Los Angeles,UPI / Net Banking
ORD-2023-10553,2024-04-07,CUST-1090,James Hill,PROD-FUR-117,Compact Computer Desk,Furniture,Desks & Tables,1,130.0,97.5,0.25,-7.9,South,Florida,Orlando,PayPal
ORD-2022-10554,2023-09-02,CUST-1421,Jennifer Thomas,PROD-TEC-110,True Wireless Earbuds,Technology,Phones & Audio,1,89.0,62.3,0.3,0.45,Central,Texas,Dallas,Credit Card
ORD-2022-10555,2022-08-04,CUST-1296,Ashley Sanchez,PROD-OFF-123,Gel Ink Pens Box of 24,Office Supplies,Paper & Stationary,4,15.0,60.0,0.0,26.0,South,Florida,Miami,Credit Card
ORD-2023-10556,2023-05-03,CUST-1383,Betty Gonzalez,PROD-HOM-135,100% Organic Cotton Sheet Set Queen,Home & Kitchen,Bedding & Decor,3,85.0,242.25,0.05,78.15,East,New York,Buffalo,Credit Card
ORD-2022-10557,2022-10-23,CUST-1409,Jessica Robinson,PROD-HOM-129,Digital Touchscreen Air Fryer 5.8Qt,Home & Kitchen,Appliances,1,110.0,104.5,0.05,23.5,West,Washington,Seattle,Debit Card
ORD-2024-10558,2022-12-29,CUST-1433,Emily King,PROD-OFF-128,Precision Cutting Mat & Knife Set,Office Supplies,Art & Craft,1,22.0,22.0,0.0,6.56,South,Georgia,Atlanta,Credit Card
ORD-2024-10559,2024-02-07,CUST-1124,Andrew Walker,PROD-FUR-113,Ergonomic Executive Mesh Chair,Furniture,Chairs & Stools,5,240.0,960.0,0.2,-8.0,Central,Ohio,Columbus,Debit Card
ORD-2022-10560,2022-01-13,CUST-1211,Emily Smith,PROD-TEC-107,USB-C Multi-Port Hub,Technology,Accessories,5,45.0,225.0,0.0,93.25,East,New York,New York City,Credit Card
ORD-2024-10561,2022-04-05,CUST-1030,Lisa Torres,PROD-FUR-114,High-Back Leather Gaming Chair,Furniture,Chairs & Stools,4,290.0,1160.0,0.0,201.8,Central,Ohio,Columbus,Cash on Delivery
ORD-2024-10562,2024-02-22,CUST-1332,Susan Clark,PROD-TEC-112,Smart Fitness Watch,Technology,Phones & Audio,4,149.0,566.2,0.05,130.08,East,New York,New York City,UPI / Net Banking
ORD-2023-10563,2024-02-27,CUST-1219,Lisa Williams,PROD-OFF-121,Premium Multipurpose Copy Paper 5 Reams,Office Supplies,Paper & Stationary,2,38.0,76.0,0.0,29.2,East,Pennsylvania,Philadelphia,UPI / Net Banking
ORD-2022-10564,2022-09-22,CUST-1417,Sarah Hill,PROD-FUR-117,Compact Computer Desk,Furniture,Desks & Tables,3,130.0,331.5,0.15,21.3,South,Florida,Orlando,Debit Card
ORD-2023-10565,2022-04-22,CUST-1074,Amanda Davis,PROD-HOM-135,100% Organic Cotton Sheet Set Queen,Home & Kitchen,Bedding & Decor,2,85.0,161.5,0.05,51.1,West,Washington,Seattle,Debit Card
ORD-2022-10566,2022-03-14,CUST-1293,Sandra Clark,PROD-FUR-117,Compact Computer Desk,Furniture,Desks & Tables,3,130.0,351.0,0.1,40.8,South,North Carolina,Charlotte,
ORD-2023-10567,2022-09-30,CUST-1078,Linda Jackson,PROD-OFF-122,Executive Hardcover Notebook 3-Pack,Office Supplies,Paper & Stationary,3,24.0,64.8,0.1,22.8,Central,Texas,Dallas,PayPal
ORD-2024-10568,2024-03-10,CUST-1416, Thomas Perez ,PROD-TEC-105,Wireless Ergonomic Mouse,Technology,Accessories,1,35.0,33.25,0.05,8.25,East,New York,Buffalo,Credit Card
ORD-2023-10569,2022-12-08,CUST-1350,Mary Sanchez,PROD-FUR-120,Modern Modular Bookshelf,Furniture,Bookcases,2,210.0,378.0,0.1,45.4,North,Minnesota,Minneapolis,Debit Card
ORD-2023-10570,2022-03-24,CUST-1431,Karen Nguyen,PROD-HOM-130,Programmable Drip Coffee Maker,Home & Kitchen,Appliances,3,75.0,213.75,0.05,61.5,Central,Texas,Austin,Credit Card
ORD-2024-10571,2023-02-04,CUST-1055,Betty Robinson,PROD-OFF-123,Gel Ink Pens Box of 24,Office Supplies,Paper & Stationary,1,15.0,15.0,0.0,4.25,West,Washington,Seattle,Credit Card
ORD-2024-10572,2023-08-31,CUST-1123,William Torres,PROD-HOM-132,Non-Stick Ceramic Cookware 10-Piece,Home & Kitchen,Cookware & Dining,1,180.0,180.0,0.0,53.6,North,Minnesota,Minneapolis,Credit Card
ORD-2023-10573,2022-01-17,CUST-1019,Elizabeth Wilson,PROD-OFF-122,Executive Hardcover Notebook 3-Pack,Office Supplies,Paper & Stationary,2,24.0,48.0,0.0,19.0,Central,Illinois,Chicago,Credit Card
ORD-2024-10574,2023-04-15,CUST-1348,Sandra Rodriguez,PROD-HOM-135,100% Organic Cotton Sheet Set Queen,Home & Kitchen,Bedding & Decor,1,85.0,80.75,0.05,24.05,East,New York,Buffalo,Credit Card
ORD-2022-10575,2023-04-28,CUST-1317,Deborah King,PROD-TEC-103,27-Inch 4K UHD Monitor,Technology,Laptops & Monitors,1,350.0,350.0,0.0,94.0,East,New York,Buffalo,Credit Card
ORD-2022-10576,2023-04-13,CUST-1313,Melissa Walker,PROD-TEC-111,Bluetooth Conference Speaker,Technology,Phones & Audio,4,120.0,456.0,0.05,122.6,West,Oregon,Portland,Credit Card
ORD-2022-10577,2024-04-03,CUST-1104,Susan Wright,PROD-OFF-128,Precision Cutting Mat & Knife Set,Office Supplies,Art & Craft,6,22.0,132.0,0.0,54.36,East,Pennsylvania,Philadelphia,Debit Card
ORD-2024-10578,2023-07-13,CUST-1071,Kenneth Robinson,PROD-OFF-121,Premium Multipurpose Copy Paper 5 Reams,Office Supplies,Paper & Stationary,1,38.0,38.0,0.0,13.1,West,California,San Francisco,UPI / Net Banking
ORD-2023-10579,2022-06-22,CUST-1357,Christopher Wilson,PROD-OFF-124,Heavy-Duty Plastic Storage Bins 4-Pack,Office Supplies,Storage & Organization,2,55.0,99.0,0.1,28.0,North,Wisconsin,Milwaukee,Credit Card
ORD-2024-10580,2023/09/20,CUST-1193,James Scott,PROD-TEC-111,Bluetooth Conference Speaker,Technology,Phones & Audio,1,120.0,120.0,0.0,34.4,West,California,Los Angeles,Debit Card
ORD-2024-10581,2024-06-27,CUST-1146,David Clark,PROD-OFF-127,Professional Acrylic Paint Set,Office Supplies,Art & Craft,5,42.0,189.0,0.1,59.2,Central,Texas,Dallas,Credit Card
ORD-2022-10582,2023-09-18,CUST-1355,Barbara Brown,PROD-TEC-103,27-Inch 4K UHD Monitor,Technology,Laptops & Monitors,4,350.0,980.0,0.3,-35.0,South,Florida,Orlando,Credit Card
ORD-2023-10583,2022-01-05,CUST-1286,Edward Thomas,PROD-FUR-116,Electric Dual-Motor Standing Desk,Furniture,Desks & Tables,3,450.0,1350.0,0.0,237.0,West,California,San Francisco,Credit Card
ORD-2024-10584,2023-06-04,CUST-1113,Emily Anderson,PROD-HOM-130,Programmable Drip Coffee Maker,Home & Kitchen,Appliances,3,75.0,202.5,0.1,50.25,East,New York,Buffalo,Credit Card
ORD-2023-10585,2023-05-25,CUST-1091,Christopher Young,PROD-TEC-111,Bluetooth Conference Speaker,Technology,Phones & Audio,2,120.0,240.0,0.0,71.8,East,New York,New York City,Debit Card
ORD-2023-10586,2022-02-14,CUST-1054,Susan Young,PROD-TEC-104,24-Inch IPS FHD Monitor,Technology,Laptops & Monitors,3,180.0,540.0,0.0,156.0,East,New York,Buffalo,Credit Card
ORD-2023-10587,2023-08-30,CUST-1297,Jessica Martinez,PROD-OFF-121,Premium Multipurpose Copy Paper 5 Reams,Office Supplies,Paper & Stationary,6,38.0,205.2,0.1,70.8,Central,Texas,Dallas,Credit Card
ORD-2022-10588,2022-08-31,CUST-1378,Deborah Hernandez,PROD-OFF-127,Professional Acrylic Paint Set,Office Supplies,Art & Craft,2,42.0,84.0,0.0,30.28,Central,Texas,Houston,UPI / Net Banking
ORD-2022-10589,2022-08-10,CUST-1313,Melissa Walker,PROD-HOM-130,Programmable Drip Coffee Maker,Home & Kitchen,Appliances,3,75.0,180.0,0.2,27.75,Central,Texas,Houston,Credit Card
ORD-2022-10590,2022-12-10,CUST-1066,Linda Martinez,PROD-TEC-103,27-Inch 4K UHD Monitor,Technology,Laptops & Monitors,5,350.0,1750.0,0.0,482.0,Central,Ohio,Columbus,Credit Card
ORD-2023-10591,2022-08-14,CUST-1152,Sandra Jackson,PROD-TEC-111,Bluetooth Conference Speaker,Technology,Phones & Audio,1,120.0,114.0,0.05,28.4,West,Oregon,Portland,Debit Card
ORD-2024-10592,2023-05-16,CUST-1442,Melissa Wright,PROD-FUR-114,High-Back Leather Gaming Chair,Furniture,Chairs & Stools,2,290.0,580.0,0.0,99.4,East,Massachusetts,Boston,Debit Card
ORD-2023-10593,2023-03-21,CUST-1297,Jessica Martinez,PROD-FUR-115,Adjustable Drafting Stool,Furniture,Chairs & Stools,1,110.0,99.0,0.1,12.5,Central,Ohio,Columbus,UPI / Net Banking
ORD-2023-10594,2024-01-22,CUST-1394,James Clark,PROD-HOM-133,Stainless Steel Chef Knife 8-Inch,Home & Kitchen,Cookware & Dining,3,45.0,128.25,0.05,48.0,Central,Illinois,Chicago,Credit Card
ORD-2023-10595,2022-09-04,CUST-1043,Steven Thomas,PROD-HOM-136,Weighted Cooling Blanket 15lbs,Home & Kitchen,Bedding & Decor,1,95.0,80.75,0.15,15.0,West,California,Los Angeles,PayPal
ORD-2022-10596,2022-01-17,CUST-1246,Barbara Nguyen,PROD-FUR-120,Modern Modular Bookshelf,Furniture,Bookcases,4,210.0,672.0,0.2,9.8,North,Michigan,Detroit,Debit Card
ORD-2022-10597,2024-06-14,CUST-1361,Thomas Garcia,PROD-OFF-126,Desktop Document Organizer,Office Supplies,Storage & Organization,1,28.0,26.6,0.05,7.2,West,California,San Francisco,Debit Card
ORD-2022-10598,2023-01-30,CUST-1354,William Robinson,PROD-OFF-122,Executive Hardcover Notebook 3-Pack,Office Supplies,Paper & Stationary,3,24.0,64.8,0.1,22.8,West,Oregon,Portland,Credit Card
ORD-2022-10599,2024-03-17,CUST-1351,Donna Torres,PROD-TEC-106,Mechanical RGB Keyboard,Technology,Accessories,2,75.0,150.0,0.0,47.5,South,Georgia,Atlanta,Credit Card
ORD-2022-10600,2023-01-28,CUST-1188,Robert Thomas,PROD-HOM-130,Programmable Drip Coffee Maker,Home & Kitchen,Appliances,1,75.0,75.0,0.0,22.25,Central,Ohio,Columbus,Debit Card
ORD-2022-10601,2022-05-22,CUST-1172,Jennifer Clark,PROD-FUR-116,Electric Dual-Motor Standing Desk,Furniture,Desks & Tables,1,450.0,450.0,0.0,77.0,West,Oregon,Portland,Credit Card
ORD-2022-10602,2024-02-11,CUST-1382,Amanda Harris,PROD-FUR-115,Adjustable Drafting Stool,Furniture,Chairs & Stools,3,110.0,297.0,0.1,43.5,West,California,San Diego,Credit Card
ORD-2023-10603,2023-04-09,CUST-1249,Margaret Thompson,PROD-HOM-133,Stainless Steel Chef Knife 8-Inch,Home & Kitchen,Cookware & Dining,8,45.0,342.0,0.05,133.0,Central,Ohio,Columbus,Credit Card
ORD-2023-10604,2023-09-28,CUST-1189,Lisa Jackson,PROD-TEC-105,Wireless Ergonomic Mouse,Technology,Accessories,2,35.0,70.0,0.0,23.0,West,California,San Francisco,Cash on Delivery
ORD-2022-10605,2022-04-22,CUST-1085,Joshua Allen,PROD-FUR-118,Solid Wood Conference Table,Furniture,Desks & Tables,2,850.0,1700.0,0.0,250.0,East,New York,New York City,Credit Card
ORD-2023-10606,2023-03-03,CUST-1350,Mary Sanchez,PROD-HOM-135,100% Organic Cotton Sheet Set Queen,Home & Kitchen,Bedding & Decor,1,85.0,85.0,0.0,28.3,South,Florida,Orlando,Debit Card
ORD-2022-10607,2024-06-11,CUST-1411,Kevin Harris,PROD-FUR-115,Adjustable Drafting Stool,Furniture,Chairs & Stools,1,110.0,88.0,0.2,1.5,East,Pennsylvania,Philadelphia,Cash on Delivery
ORD-2024-10608,2023-06-27,CUST-1432,Lisa Walker,PROD-HOM-136,Weighted Cooling Blanket 15lbs,Home & Kitchen,Bedding & Decor,1,95.0,76.0,0.2,10.25,Central,Texas,Dallas,PayPal
ORD-2022-10609,2023-05-11,CUST-1191,Steven Martin,PROD-FUR-119,5-Shelf Ladder Bookcase,Furniture,Bookcases,8,140.0,1120.0,0.0,269.0,North,Michigan,Detroit,Credit Card
ORD-2024-10610,2022-10-20,CUST-1094,Jessica Brown,PROD-TEC-112,Smart Fitness Watch,Technology,Phones & Audio,2,149.0,298.0,0.0,78.44,Central,Texas,Houston,Credit Card
ORD-2023-10611,2022-07-08,CUST-1106,Dorothy Martin,PROD-HOM-136,Weighted Cooling Blanket 15lbs,Home & Kitchen,Bedding & Decor,2,95.0,180.5,0.05,52.0,South,Florida,Miami,UPI / Net Banking
ORD-2024-10612,2022-11-05,CUST-1063,Joseph Rodriguez,PROD-TEC-102,UltraSlim 14 Inch Notebook,Technology,Laptops & Monitors,2,1100.0,2200.0,0.0,545.0,West,Washington,Seattle,Credit Card
ORD-2024-10613,2023-07-14,CUST-1260,Michelle Lee,PROD-OFF-122,Executive Hardcover Notebook 3-Pack,Office Supplies,Paper & Stationary,1,24.0,24.0,0.0,8.0,West,California,San Diego,Cash on Delivery
ORD-2022-10614,2024-03-29,CUST-1290,John Thomas,PROD-HOM-129,Digital Touchscreen Air Fryer 5.8Qt,Home & Kitchen,Appliances,2,110.0,220.0,0.0,61.0,Central,Texas,Austin,Credit Card
ORD-2023-10615,2022-01-26,CUST-1206,James Perez,PROD-FUR-115,Adjustable Drafting Stool,Furniture,Chairs & Stools,2,110.0,198.0,0.1,28.0,West,Washington,Seattle,Debit Card
ORD-2023-10616,2022-07-20,CUST-1012,Richard Wright,PROD-TEC-106,Mechanical RGB Keyboard,Technology,Accessories,10,75.0,600.0,0.2,99.5,Central,Ohio,Columbus,Debit Card
ORD-2023-10617,2022-11-22,CUST-1309,Christopher Lewis,PROD-HOM-133,Stainless Steel Chef Knife 8-Inch,Home & Kitchen,Cookware & Dining,3,45.0,135.0,0.0,54.75,West,California,Los Angeles,Credit Card
ORD-2023-10618,2022-01-13,CUST-1146,David Clark,PROD-OFF-123,Gel Ink Pens Box of 24,Office Supplies,Paper & Stationary,2,15.0,28.5,0.05,10.0,East,Pennsylvania,Philadelphia,Cash on Delivery
ORD-2024-10619,2023-03-02,CUST-1412,Nancy Johnson,PROD-HOM-129,Digital Touchscreen Air Fryer 5.8Qt,Home & Kitchen,Appliances,5,110.0,495.0,0.1,102.0,Central,Texas,Austin,UPI / Net Banking
ORD-2024-10620,2023-09-05,CUST-1045,Matthew Moore,PROD-TEC-110,True Wireless Earbuds,Technology,Phones & Audio,1,89.0,75.65,0.15,13.8,East,New York,Buffalo,PayPal
ORD-2024-10621,2024-02-14,CUST-1193,James Scott,PROD-TEC-106,Mechanical RGB Keyboard,Technology,Accessories,1,75.0,60.0,0.2,7.25,North,Michigan,Detroit,Credit Card
ORD-2022-10622,2022-07-24,CUST-1096,Jennifer Garcia,PROD-OFF-125,3-Drawer Mobile File Cabinet,Office Supplies,Storage & Organization,2,145.0,174.0,0.4,-39.8,West,California,San Diego,UPI / Net Banking
ORD-2024-10623,2024-01-28,CUST-1238,Mary Gonzalez,PROD-FUR-115,Adjustable Drafting Stool,Furniture,Chairs & Stools,2,110.0,220.0,0.0,50.0,West,California,Los Angeles,Credit Card
ORD-2022-10624,2023-11-01,CUST-1341,Kenneth Anderson,PROD-FUR-119,5-Shelf Ladder Bookcase,Furniture,Bookcases,3,140.0,420.0,0.0,99.0,West,Washington,Seattle,Debit Card
ORD-2023-10625,2022-03-10,CUST-1307,Kevin King,PROD-OFF-124,Heavy-Duty Plastic Storage Bins 4-Pack,Office Supplies,Storage & Organization,2,55.0,88.0,0.2,17.0,North,Wisconsin,Milwaukee,Debit Card
ORD-2022-10626,2023-01-18,CUST-1263,Paul Martin,PROD-TEC-102,UltraSlim 14 Inch Notebook,Technology,Laptops & Monitors,4,1100.0,3740.0,0.15,433.0,Central,Texas,Austin,Cash on Delivery
ORD-2022-10627,2022-02-24,CUST-1140,Sandra Thomas,PROD-OFF-124,Heavy-Duty Plastic Storage Bins 4-Pack,Office Supplies,Storage & Organization,1,55.0,55.0,0.0,18.0,South,North Carolina,Charlotte,Debit Card
ORD-2022-10628,2023-06-11,CUST-1100,William Walker,PROD-TEC-112,Smart Fitness Watch,Technology,Phones & Audio,4,149.0,476.8,0.2,40.68,East,New York,New York City,UPI / Net Banking
ORD-2023-10629,2022-10-05,CUST-1351,Donna Torres,PROD-OFF-124,Heavy-Duty Plastic Storage Bins 4-Pack,Office Supplies,Storage & Organization,2,55.0,104.5,0.05,33.5,Central,Illinois,Chicago,UPI / Net Banking
ORD-2023-10630,2023-02-26,CUST-1175,Christopher Taylor,PROD-TEC-111,Bluetooth Conference Speaker,Technology,Phones & Audio,1,120.0,114.0,0.05,28.4,Central,Illinois,Chicago,PayPal
ORD-2024-10631,2024-05-01,CUST-1270,Amanda Lopez,PROD-HOM-135,100% Organic Cotton Sheet Set Queen,Home & Kitchen,Bedding & Decor,3,85.0,255.0,0.0,90.9,West,Oregon,Portland,Credit Card
ORD-2022-10632,2022-01-18,CUST-1246,Barbara Nguyen,PROD-OFF-123,Gel Ink Pens Box of 24,Office Supplies,Paper & Stationary,4,15.0,60.0,0.0,26.0,East,Pennsylvania,Philadelphia,Cash on Delivery
ORD-2023-10633,2022-06-26,CUST-1364,Patricia Thompson,PROD-FUR-120,Modern Modular Bookshelf,Furniture,Bookcases,1,210.0,105.0,0.5,-62.8,Central,Illinois,Chicago,PayPal
ORD-2023-10634,2022-05-09,CUST-1108,Donald King,PROD-TEC-109,Noise Canceling Headphones,Technology,Phones & Audio,1,199.0,199.0,0.0,55.7,South,Florida,Miami,UPI / Net Banking
ORD-2023-10635,2022-02-13,CUST-1101,Emily Hernandez,PROD-TEC-107,USB-C Multi-Port Hub,Technology,Accessories,3,45.0,135.0,0.0,54.75,South,Florida,Miami,PayPal
ORD-2022-10636,2022-11-05,CUST-1342,Ashley Anderson,PROD-TEC-101,ProBook 15.6 Inch Laptop,Technology,Laptops & Monitors,3,850.0,2167.5,0.15,172.5,South,Florida,Miami,Debit Card
ORD-2023-10637,2022-01-30,CUST-1047,Joseph Lee,PROD-TEC-110,True Wireless Earbuds,Technology,Phones & Audio,1,89.0,84.55,0.05,22.7,East,Pennsylvania,Philadelphia,Debit Card
ORD-2022-10638,2023-06-02,CUST-1292,Deborah Jones,PROD-TEC-105,Wireless Ergonomic Mouse,Technology,Accessories,2,35.0,70.0,0.0,23.0,West,California,Los Angeles,Credit Card
ORD-2022-10639,2024-02-12,CUST-1276,Donna Hill,PROD-TEC-101,ProBook 15.6 Inch Laptop,Technology,Laptops & Monitors,4,850.0,2550.0,0.25,-109.0,East,New York,New York City,Cash on Delivery
ORD-2022-10640,2023-03-27,CUST-1345,Matthew Perez,PROD-TEC-107,USB-C Multi-Port Hub,Technology,Accessories,2,45.0,90.0,0.0,35.5,East,New York,Buffalo,Debit Card
ORD-2023-10641,2022-05-07,CUST-1239,Betty Perez,PROD-TEC-108,HD Pro Webcam 1080p,Technology,Accessories,4,65.0,234.0,0.1,65.8,East,New York,Buffalo,Credit Card
ORD-2023-10642,2022-04-29,CUST-1198,Elizabeth Moore,PROD-FUR-119,5-Shelf Ladder Bookcase,Furniture,Bookcases,2,140.0,280.0,0.0,65.0,East,Massachusetts,Boston,Credit Card
ORD-2023-10643,2024-05-25,CUST-1220,Daniel Wilson,PROD-FUR-113,Ergonomic Executive Mesh Chair,Furniture,Chairs & Stools,4,240.0,720.0,0.25,-55.0,West,California,Los Angeles,UPI / Net Banking
ORD-2024-10644,2023-05-19,CUST-1345,Matthew Perez,PROD-TEC-107,USB-C Multi-Port Hub,Technology,Accessories,1,45.0,42.75,0.05,14.0,East,Massachusetts,Boston,Debit Card
ORD-2024-10645,2022-04-15,CUST-1380,Donna Johnson,PROD-TEC-111,Bluetooth Conference Speaker,Technology,Phones & Audio,8,120.0,864.0,0.1,200.2,West,California,Los Angeles,Debit Card
ORD-2022-10646,2024-05-08,CUST-1218,John Martin,PROD-HOM-132,Non-Stick Ceramic Cookware 10-Piece,Home & Kitchen,Cookware & Dining,1,180.0,144.0,0.2,17.6,West,California,San Diego,Debit Card
ORD-2023-10647,2022-12-31,CUST-1244,Nancy Johnson,PROD-OFF-126,Desktop Document Organizer,Office Supplies,Storage & Organization,2,28.0,50.4,0.1,14.6,East,Massachusetts,Boston,PayPal
ORD-2022-10648,2023-10-06,CUST-1069,Kenneth Jones,PROD-TEC-102,UltraSlim 14 Inch Notebook,Technology,Laptops & Monitors,1,1100.0,990.0,0.1,161.0,South,Florida,Miami,PayPal
ORD-2024-10649,2023-11-27,CUST-1168,Betty Davis,PROD-TEC-110,True Wireless Earbuds,Technology,Phones & Audio,2,89.0,169.1,0.05,48.4,East,Pennsylvania,Philadelphia,PayPal
ORD-2023-10650,2022-07-26,CUST-1151,Matthew Taylor,PROD-HOM-132,Non-Stick Ceramic Cookware 10-Piece,Home & Kitchen,Cookware & Dining,1,180.0,171.0,0.05,44.6,West,Washington,Seattle,Credit Card
ORD-2022-10651,2023-03-17,CUST-1061,Margaret Nguyen,PROD-OFF-125,3-Drawer Mobile File Cabinet,Office Supplies,Storage & Organization,3,145.0,435.0,0.0,115.8,South,North Carolina,Charlotte,Credit Card
ORD-2023-10652,2024-06-24,CUST-1362,Mark Johnson,PROD-TEC-111,Bluetooth Conference Speaker,Technology,Phones & Audio,1,120.0,114.0,0.05,28.4,East,Massachusetts,Boston,Credit Card
ORD-2023-10653,2023-11-07,CUST-1284,Kevin Flores,PROD-HOM-135,100% Organic Cotton Sheet Set Queen,Home & Kitchen,Bedding & Decor,3,85.0,255.0,0.0,90.9,South,North Carolina,Charlotte,Credit Card
ORD-2023-10654,2023-09-24,CUST-1347,George Hernandez,PROD-OFF-123,Gel Ink Pens Box of 24,Office Supplies,Paper & Stationary,1,15.0,13.5,0.1,2.75,West,California,San Diego,Credit Card
ORD-2024-10655,2023-08-21,CUST-1014,Donald Nguyen,PROD-OFF-122,Executive Hardcover Notebook 3-Pack,Office Supplies,Paper & Stationary,2,24.0,48.0,0.0,19.0,South,North Carolina,Charlotte,Credit Card
ORD-2022-10656,2022-08-29,CUST-1332,Susan Clark,PROD-FUR-120,Modern Modular Bookshelf,Furniture,Bookcases,4,210.0,672.0,0.2,9.8,West,Oregon,Portland,UPI / Net Banking
ORD-2024-10657,2022-11-30,CUST-1020,Edward Perez,PROD-HOM-130,Programmable Drip Coffee Maker,Home & Kitchen,Appliances,2,75.0,105.0,0.3,2.5,East,Massachusetts,Boston,PayPal
ORD-2023-10658,2023-01-22,CUST-1293,Sandra Clark,PROD-OFF-125,3-Drawer Mobile File Cabinet,Office Supplies,Storage & Organization,2,145.0,290.0,0.0,76.2,Central,Texas,Austin,PayPal
ORD-2024-10659,2024-04-10,CUST-1392,Robert Allen,PROD-OFF-122,Executive Hardcover Notebook 3-Pack,Office Supplies,Paper & Stationary,1,24.0,24.0,0.0,8.0,Central,Texas,Houston,PayPal
ORD-2022-10660,2024-05-10,CUST-1436,Nancy Thompson,PROD-HOM-135,100% Organic Cotton Sheet Set Queen,Home & Kitchen,Bedding & Decor,6,85.0,433.5,0.15,108.3,North,Michigan,Detroit,PayPal
ORD-2024-10661,2022-04-05,CUST-1368,Jessica Gonzalez,PROD-TEC-107,USB-C Multi-Port Hub,Technology,Accessories,1,45.0,45.0,0.0,16.25,South,Georgia,Atlanta,Debit Card
ORD-2022-10662,2023-10-30,CUST-1422,George Clark,PROD-FUR-120,Modern Modular Bookshelf,Furniture,Bookcases,1,210.0,210.0,0.0,42.2,North,Wisconsin,Milwaukee,Debit Card
ORD-2024-10663,2023-06-12,CUST-1233,Matthew Williams,PROD-HOM-136,Weighted Cooling Blanket 15lbs,Home & Kitchen,Bedding & Decor,2,95.0,180.5,0.05,52.0,East,New York,Buffalo,Credit Card
ORD-2024-10664,2024-04-23,CUST-1381,Karen Torres,PROD-HOM-130,Programmable Drip Coffee Maker,Home & Kitchen,Appliances,2,75.0,150.0,0.0,47.5,South,Georgia,Atlanta,Debit Card
ORD-2024-10665,2024-01-15,CUST-1321,Jessica Moore,PROD-TEC-104,24-Inch IPS FHD Monitor,Technology,Laptops & Monitors,4,180.0,576.0,0.2,65.0,East,New York,Buffalo,PayPal
ORD-2023-10666,2023-02-25,CUST-1164,Paul Garcia,PROD-TEC-105,Wireless Ergonomic Mouse,Technology,Accessories,2,35.0,56.0,0.2,9.0,East,New York,Buffalo,PayPal
ORD-2022-10667,2023-02-20,CUST-1123,William Torres,PROD-TEC-108,HD Pro Webcam 1080p,Technology,Accessories,3,65.0,195.0,0.0,68.1,East,New York,Buffalo,PayPal
ORD-2023-10668,2023-03-09,CUST-1332,Susan Clark,PROD-TEC-103,27-Inch 4K UHD Monitor,Technology,Laptops & Monitors,3,350.0,1050.0,0.0,288.0,Central,Texas,Houston,Credit Card
ORD-2022-10669,2023-10-22,CUST-1437,Brian Robinson,PROD-TEC-103,27-Inch 4K UHD Monitor,Technology,Laptops & Monitors,3,350.0,1050.0,0.0,288.0,South,North Carolina,Charlotte,Credit Card
ORD-2022-10670,2023-02-21,CUST-1187,William Thompson,PROD-TEC-106,Mechanical RGB Keyboard,Technology,Accessories,2,75.0,150.0,0.0,47.5,East,Massachusetts,Boston,Debit Card
ORD-2022-10671,2023-06-19,CUST-1341,Kenneth Anderson,PROD-HOM-134,Insulated Stainless Steel Tumbler 30oz,Home & Kitchen,Cookware & Dining,1,25.0,21.25,0.15,4.75,East,Pennsylvania,Philadelphia,Credit Card
ORD-2024-10672,2024-01-25,CUST-1200,Susan Perez,PROD-FUR-116,Electric Dual-Motor Standing Desk,Furniture,Desks & Tables,1,450.0,450.0,0.0,77.0,East,Massachusetts,Boston,Debit Card
ORD-2024-10673,2022-02-27,CUST-1252,Paul Davis,PROD-HOM-135,100% Organic Cotton Sheet Set Queen,Home & Kitchen,Bedding & Decor,2,85.0,161.5,0.05,51.1,Central,Texas,Austin,Debit Card
ORD-2023-10674,2024-06-19,CUST-1402,Michelle Wright,PROD-TEC-110,True Wireless Earbuds,Technology,Phones & Audio,1,89.0,84.55,0.05,22.7,North,Minnesota,Minneapolis,Debit Card
ORD-2022-10675,2024-05-11,CUST-1379,Karen Miller,PROD-TEC-104,24-Inch IPS FHD Monitor,Technology,Laptops & Monitors,3,180.0,540.0,0.0,156.0,South,Florida,Orlando,PayPal
ORD-2024-10676,2022-05-05,CUST-1274,Karen Jackson,PROD-FUR-116,Electric Dual-Motor Standing Desk,Furniture,Desks & Tables,2,450.0,540.0,0.4,-203.0,East,Massachusetts,Boston,Credit Card
ORD-2022-10677,2024-04-22,CUST-1388,Linda Torres,PROD-FUR-116,Electric Dual-Motor Standing Desk,Furniture,Desks & Tables,3,450.0,1147.5,0.15,34.5,East,Pennsylvania,Philadelphia,Credit Card
ORD-2024-10678,2023-02-21,CUST-1405,George Nguyen,PROD-TEC-103,27-Inch 4K UHD Monitor,Technology,Laptops & Monitors,1,350.0,350.0,0.0,94.0,South,Georgia,Atlanta,Debit Card
ORD-2023-10679,2024-01-05,CUST-1217,Margaret Rodriguez,PROD-TEC-107,USB-C Multi-Port Hub,Technology,Accessories,1,45.0,45.0,0.0,16.25,East,New York,Buffalo,Credit Card
ORD-2024-10680,2022-12-01,CUST-1233,,PROD-TEC-102,UltraSlim 14 Inch Notebook,Technology,Laptops & Monitors,3,1100.0,2310.0,0.3,-171.0,South,Florida,Miami,Credit Card
ORD-2022-10681,2023-10-06,CUST-1157,Patricia Nguyen,PROD-OFF-121,Premium Multipurpose Copy Paper 5 Reams,Office Supplies,Paper & Stationary,5,38.0,161.5,0.15,49.0,South,Florida,Miami,Debit Card
ORD-2022-10682,2024-05-17,CUST-1305,Linda Robinson,PROD-OFF-127,Professional Acrylic Paint Set,Office Supplies,Art & Craft,2,42.0,84.0,0.0,30.28,East,Pennsylvania,Philadelphia,Credit Card
ORD-2023-10683,2024-03-29,CUST-1145,Edward Thomas,PROD-FUR-113,Ergonomic Executive Mesh Chair,Furniture,Chairs & Stools,1,240.0,228.0,0.05,32.0,South,Florida,Miami,Debit Card
ORD-2022-10684,2022-01-22,CUST-1012,Richard Wright,PROD-HOM-136,Weighted Cooling Blanket 15lbs,Home & Kitchen,Bedding & Decor,1,95.0,66.5,0.3,0.75,North,Wisconsin,Milwaukee,PayPal
ORD-2022-10685,2022-02-20,CUST-1206,James Perez,PROD-OFF-128,Precision Cutting Mat & Knife Set,Office Supplies,Art & Craft,10,22.0,209.0,0.05,81.6,North,Wisconsin,Milwaukee,Credit Card
ORD-2024-10686,2023-06-23,CUST-1223,Daniel Scott,PROD-HOM-130,Programmable Drip Coffee Maker,Home & Kitchen,Appliances,2,75.0,150.0,0.0,47.5,East,Massachusetts,Boston,Credit Card
ORD-2023-10687,2024-02-04,CUST-1254,Richard Taylor,PROD-OFF-125,3-Drawer Mobile File Cabinet,Office Supplies,Storage & Organization,3,145.0,369.75,0.15,50.55,Central,Texas,Houston,Credit Card
ORD-2022-10688,2023-03-05,CUST-1093,Lisa Martin,PROD-OFF-127,Professional Acrylic Paint Set,Office Supplies,Art & Craft,4,42.0,151.2,0.1,46.76,West,California,San Francisco,PayPal
ORD-2024-10689,2023-12-02,CUST-1332, Susan Clark ,PROD-HOM-130,Programmable Drip Coffee Maker,Home & Kitchen,Appliances,1,75.0,75.0,0.0,22.25,North,Michigan,Detroit,Credit Card
ORD-2024-10690,2023-01-28,CUST-1363,Melissa Wright,PROD-OFF-128,Precision Cutting Mat & Knife Set,Office Supplies,Art & Craft,2,22.0,35.2,0.2,7.32,Central,Ohio,Columbus,Credit Card
ORD-2023-10691,2023-09-13,CUST-1344,Ashley Johnson,PROD-TEC-103,27-Inch 4K UHD Monitor,Technology,Laptops & Monitors,1,350.0,350.0,0.0,94.0,Central,Illinois,Chicago,Debit Card
ORD-2024-10692,2022-02-12,CUST-1298,Carol Smith,PROD-TEC-112,Smart Fitness Watch,Technology,Phones & Audio,1,149.0,104.3,0.3,-6.98,West,California,San Diego,Credit Card
ORD-2024-10693,2023-06-28,CUST-1222,Kevin Miller,PROD-TEC-110,True Wireless Earbuds,Technology,Phones & Audio,2,89.0,160.2,0.1,39.5,East,Pennsylvania,Philadelphia,Credit Card
ORD-2024-10694,2023-01-05,CUST-1221,Amanda Thomas,PROD-FUR-119,5-Shelf Ladder Bookcase,Furniture,Bookcases,4,140.0,532.0,0.05,105.0,Central,Texas,Austin,Debit Card
ORD-2023-10695,2024-01-25,CUST-1252,Paul Davis,PROD-TEC-110,True Wireless Earbuds,Technology,Phones & Audio,1,89.0,89.0,0.0,27.15,West,Oregon,Portland,Credit Card
ORD-2022-10696,2022-07-07,CUST-1019,Elizabeth Wilson,PROD-HOM-131,Compact HEPA Air Purifier,Home & Kitchen,Appliances,1,130.0,110.5,0.15,12.9,North,Minnesota,Minneapolis,PayPal
ORD-2023-10697,2023-01-01,CUST-1364,Patricia Thompson,PROD-HOM-136,Weighted Cooling Blanket 15lbs,Home & Kitchen,Bedding & Decor,4,95.0,380.0,0.0,126.0,North,Minnesota,Minneapolis,Credit Card
ORD-2022-10698,2024-06-08,CUST-1146,David Clark,PROD-TEC-112,Smart Fitness Watch,Technology,Phones & Audio,6,149.0,447.0,0.5,-205.68,Central,Texas,Houston,Cash on Delivery
ORD-2022-10699,2023-06-23,CUST-1393,Carol Perez,PROD-TEC-112,Smart Fitness Watch,Technology,Phones & Audio,2,149.0,298.0,0.0,78.44,West,Washington,Seattle,Debit Card
ORD-2023-10700,2023-11-29,CUST-1349,Michelle Wright,PROD-TEC-108,HD Pro Webcam 1080p,Technology,Accessories,1,65.0,58.5,0.1,14.2,North,Minnesota,Minneapolis,Credit Card
ORD-2023-10701,2024-04-30,CUST-1363,Melissa Wright,PROD-HOM-131,Compact HEPA Air Purifier,Home & Kitchen,Appliances,4,130.0,416.0,0.2,34.6,North,Minnesota,Minneapolis,Cash on Delivery
ORD-2024-10702,2023-04-09,CUST-1167,Amanda Thomas,PROD-TEC-109,Noise Canceling Headphones,Technology,Phones & Audio,2,199.0,238.8,0.4,-44.8,South,Florida,Orlando,Credit Card
ORD-2024-10703,2023-09-09,CUST-1196,Linda Miller,PROD-TEC-106,Mechanical RGB Keyboard,Technology,Accessories,2,75.0,135.0,0.1,32.5,East,Massachusetts,Boston,Debit Card
ORD-2022-10704,2022-06-16,CUST-1199,Charles Hill,PROD-OFF-126,Desktop Document Organizer,Office Supplies,Storage & Organization,3,28.0,84.0,0.0,31.8,Central,Texas,Austin,PayPal
ORD-2024-10705,2024-04-05,CUST-1159,Patricia Lee,PROD-TEC-109,Noise Canceling Headphones,Technology,Phones & Audio,2,199.0,398.0,0.0,114.4,East,Pennsylvania,Philadelphia,Credit Card
ORD-2023-10706,2022-10-02,CUST-1289,Elizabeth Johnson,PROD-OFF-128,Precision Cutting Mat & Knife Set,Office Supplies,Art & Craft,5,22.0,110.0,0.0,44.8,Central,Illinois,Chicago,Credit Card
ORD-2022-10707,2023-06-10,CUST-1175,Christopher Taylor,PROD-HOM-130,Programmable Drip Coffee Maker,Home & Kitchen,Appliances,1,75.0,63.75,0.15,11.0,Central,Texas,Houston,Credit Card
ORD-2022-10708,2022-10-25,CUST-1240,Sarah Jones,PROD-OFF-128,Precision Cutting Mat & Knife Set,Office Supplies,Art & Craft,2,22.0,44.0,0.0,16.12,West,California,Los Angeles,PayPal
ORD-2022-10709,2023-06-20,CUST-1219,Lisa Williams,PROD-FUR-119,5-Shelf Ladder Bookcase,Furniture,Bookcases,1,140.0,140.0,0.0,31.0,West,Oregon,Portland,UPI / Net Banking
ORD-2022-10710,2023-04-21,CUST-1339,Anthony Wright,PROD-FUR-117,Compact Computer Desk,Furniture,Desks & Tables,10,130.0,1300.0,0.0,273.0,South,Georgia,Atlanta,Credit Card
ORD-2022-10711,2024-03-16,CUST-1094,Jessica Brown,PROD-OFF-126,Desktop Document Organizer,Office Supplies,Storage & Organization,2,28.0,47.6,0.15,11.8,North,Michigan,Detroit,Cash on Delivery
ORD-2024-10712,2023-04-06,CUST-1320,Robert Jackson,PROD-FUR-117,Compact Computer Desk,Furniture,Desks & Tables,2,130.0,260.0,0.0,52.2,South,Georgia,Atlanta,Credit Card
ORD-2024-10713,2022-09-23,CUST-1447,Edward King,PROD-TEC-107,USB-C Multi-Port Hub,Technology,Accessories,2,45.0,90.0,0.0,35.5,Central,Texas,Dallas  ,Credit Card
ORD-2024-10714,2023-02-19,CUST-1445,Melissa Walker,PROD-HOM-132,Non-Stick Ceramic Cookware 10-Piece,Home & Kitchen,Cookware & Dining,1,180.0,135.0,0.25,8.6,East,Pennsylvania,Philadelphia,Debit Card
ORD-2023-10715,2024-04-03,CUST-1155,Elizabeth Gonzalez,PROD-TEC-106,Mechanical RGB Keyboard,Technology,Accessories,1,75.0,75.0,0.0,22.25,East,New York,Buffalo,Credit Card
ORD-2022-10716,2022-08-03,CUST-1247,Thomas Williams,PROD-TEC-110,True Wireless Earbuds,Technology,Phones & Audio,4,89.0,356.0,0.0,117.6,North,Wisconsin,Milwaukee,Debit Card
ORD-2023-10717,2022-06-01,CUST-1243,Betty Wright,PROD-OFF-128,Precision Cutting Mat & Knife Set,Office Supplies,Art & Craft,2,22.0,41.8,0.05,13.92,West,California,Los Angeles,PayPal
ORD-2022-10718,2024-05-30,CUST-1231,Sarah Hernandez,PROD-FUR-116,Electric Dual-Motor Standing Desk,Furniture,Desks & Tables,1,450.0,450.0,0.0,77.0,South,Florida,Orlando,UPI / Net Banking
ORD-2024-10719,2023-03-19,CUST-1213,Brian Martinez,PROD-HOM-132,Non-Stick Ceramic Cookware 10-Piece,Home & Kitchen,Cookware & Dining,5,180.0,855.0,0.05,235.0,South,Georgia,Atlanta,Debit Card
ORD-2023-10720,2022-08-26,CUST-1366,Deborah Williams,PROD-TEC-104,24-Inch IPS FHD Monitor,Technology,Laptops & Monitors,2,180.0,360.0,0.0,103.0,Central,Ohio,Columbus,Credit Card
ORD-2023-10721,2022-04-30,CUST-1254,Richard Taylor,PROD-OFF-123,Gel Ink Pens Box of 24,Office Supplies,Paper & Stationary,1,15.0,12.0,0.2,1.25,East,Massachusetts,Boston,Credit Card
ORD-2022-10722,2023-06-04,CUST-1113,Emily Anderson,PROD-OFF-122,Executive Hardcover Notebook 3-Pack,Office Supplies,Paper & Stationary,1,24.0,18.0,0.25,2.0,West,Oregon,Portland,Debit Card
ORD-2023-10723,2023-03-03,CUST-1427,Donald Johnson,PROD-OFF-124,Heavy-Duty Plastic Storage Bins 4-Pack,Office Supplies,Storage & Organization,4,55.0,187.0,0.15,48.0,West,Washington,Seattle,PayPal
ORD-2024-10724,2023-05-10,CUST-1067,Joshua Hernandez,PROD-TEC-112,Smart Fitness Watch,Technology,Phones & Audio,3,149.0,402.3,0.1,74.46,East,New York,Buffalo,UPI / Net Banking
ORD-2022-10725,2022-08-03,CUST-1286,Edward Thomas,PROD-TEC-104,24-Inch IPS FHD Monitor,Technology,Laptops & Monitors,2,180.0,360.0,0.0,103.0,West,California,Los Angeles,Credit Card
ORD-2024-10726,2022-02-02,CUST-1414,Barbara Young,PROD-TEC-105,Wireless Ergonomic Mouse,Technology,Accessories,1,35.0,29.75,0.15,4.75,East,Pennsylvania,Philadelphia,Debit Card
ORD-2023-10727,2024-03-14,CUST-1182,James Robinson,PROD-TEC-103,27-Inch 4K UHD Monitor,Technology,Laptops & Monitors,2,350.0,700.0,0.0,191.0,North,Wisconsin,Milwaukee,Credit Card
ORD-2024-10728,2022-02-21,CUST-1225,Melissa Martinez,PROD-HOM-130,Programmable Drip Coffee Maker,Home & Kitchen,Appliances,1,75.0,75.0,0.0,22.25,East,New York,New York City,Credit Card
ORD-2024-10729,2022-02-12,CUST-1260,Michelle Lee,PROD-TEC-107,USB-C Multi-Port Hub,Technology,Accessories,3,45.0,94.5,0.3,14.25,East,New York,Buffalo,PayPal
ORD-2023-10730,2024-02-20,CUST-1260,Michelle Lee,PROD-HOM-132,Non-Stick Ceramic Cookware 10-Piece,Home & Kitchen,Cookware & Dining,3,180.0,459.0,0.15,85.8,West,California,Los Angeles,Credit Card
ORD-2023-10731,2024-02-27,CUST-1394,James Clark,PROD-TEC-101,ProBook 15.6 Inch Laptop,Technology,Laptops & Monitors,1,850.0,765.0,0.1,98.0,South,Florida,Orlando,Credit Card
ORD-2024-10732,2024-02-12,CUST-1213,Brian Martinez,PROD-OFF-124,Heavy-Duty Plastic Storage Bins 4-Pack,Office Supplies,Storage & Organization,2,55.0,88.0,0.2,17.0,South,Florida,Orlando,Cash on Delivery
ORD-2023-10733,2023-02-24,CUST-1235,Richard Robinson,PROD-HOM-134,Insulated Stainless Steel Tumbler 30oz,Home & Kitchen,Cookware & Dining,3,25.0,75.0,0.0,31.5,Central,Texas,Austin,PayPal
ORD-2022-10734,2022-03-28,CUST-1174,Andrew King,PROD-OFF-121,Premium Multipurpose Copy Paper 5 Reams,Office Supplies,Paper & Stationary,1,38.0,36.1,0.05,11.2,Central,Texas,Dallas,Credit Card
ORD-2024-10735,2022-06-04,CUST-1295,Richard Harris,PROD-TEC-104,24-Inch IPS FHD Monitor,Technology,Laptops & Monitors,4,180.0,684.0,0.05,173.0,North,Wisconsin,Milwaukee,Credit Card
ORD-2024-10736,2023-12-19,CUST-1284,Kevin Flores,PROD-FUR-120,Modern Modular Bookshelf,Furniture,Bookcases,1,210.0,189.0,0.1,21.2,West,California,San Diego  ,PayPal
ORD-2024-10737,2023-02-18,CUST-1229,Melissa Perez,PROD-FUR-114,High-Back Leather Gaming Chair,Furniture,Chairs & Stools,3,290.0,870.0,0.0,150.6,West,Oregon,Portland,Debit Card
ORD-2024-10738,2023-02-19,CUST-1398,Dorothy Martinez,PROD-FUR-113,Ergonomic Executive Mesh Chair,Furniture,Chairs & Stools,2,240.0,360.0,0.25,-29.0,South,Georgia,Atlanta,PayPal
ORD-2024-10739,2023-07-08,CUST-1146,David Clark,PROD-FUR-114,High-Back Leather Gaming Chair,Furniture,Chairs & Stools,3,290.0,826.5,0.05,107.1,North,Michigan,Detroit,PayPal
ORD-2024-10740,2023-08-30,CUST-1133,Patricia Sanchez,PROD-FUR-116,Electric Dual-Motor Standing Desk,Furniture,Desks & Tables,3,450.0,1080.0,0.2,-33.0,West,California,San Diego,PayPal
ORD-2024-10741,2023-06-04,CUST-1182,James Robinson,PROD-TEC-108,HD Pro Webcam 1080p,Technology,Accessories,1,65.0,65.0,0.0,20.7,West,California,Los Angeles,Cash on Delivery
ORD-2023-10742,2022-08-30,CUST-1413,Ashley Lee,PROD-HOM-135,100% Organic Cotton Sheet Set Queen,Home & Kitchen,Bedding & Decor,4,85.0,306.0,0.1,88.2,Central,Ohio,Columbus,Debit Card
ORD-2022-10743,2024-01-02,CUST-1194,Karen Miller,PROD-HOM-134,Insulated Stainless Steel Tumbler 30oz,Home & Kitchen,Cookware & Dining,6,25.0,142.5,0.05,58.5,West,California,San Francisco,Credit Card
ORD-2022-10744,2023-12-30,CUST-1218,John Martin,PROD-OFF-127,Professional Acrylic Paint Set,Office Supplies,Art & Craft,4,42.0,151.2,0.1,46.76,West,California,Los Angeles,Credit Card
ORD-2024-10745,2023-06-23,CUST-1207,Deborah Rodriguez,PROD-HOM-136,Weighted Cooling Blanket 15lbs,Home & Kitchen,Bedding & Decor,4,95.0,380.0,0.0,126.0,Central,Ohio,Columbus,Cash on Delivery
ORD-2024-10746,2023-05-17,CUST-1375,Deborah White,PROD-OFF-127,Professional Acrylic Paint Set,Office Supplies,Art & Craft,2,42.0,84.0,0.0,30.28,Central,Texas,Houston,PayPal
ORD-2024-10747,2022-05-01,CUST-1356,Thomas Harris,PROD-FUR-114,High-Back Leather Gaming Chair,Furniture,Chairs & Stools,2,290.0,406.0,0.3,-74.6,East,Massachusetts,Boston,Debit Card
ORD-2024-10748,2024-05-22,CUST-1210,Emily Ramirez,PROD-TEC-108,HD Pro Webcam 1080p,Technology,Accessories,3,65.0,156.0,0.2,29.1,East,New York,New York City,PayPal
ORD-2023-10749,2022-11-07,CUST-1151,Matthew Taylor,PROD-HOM-132,Non-Stick Ceramic Cookware 10-Piece,Home & Kitchen,Cookware & Dining,2,180.0,360.0,0.0,110.2,East,New York,New York City,UPI / Net Banking
ORD-2023-10750,2022-08-09,CUST-1094,Jessica Brown,PROD-HOM-132,Non-Stick Ceramic Cookware 10-Piece,Home & Kitchen,Cookware & Dining,1,180.0,180.0,0.0,53.6,West,California,Los Angeles,UPI / Net Banking
ORD-2024-10751,2023-04-09,CUST-1173,Kevin Nguyen,PROD-OFF-125,3-Drawer Mobile File Cabinet,Office Supplies,Storage & Organization,3,145.0,369.75,0.15,50.55,West,Washington,Seattle,Debit Card
ORD-2023-10752,2023-11-15,CUST-1230,Anthony Thomas,PROD-TEC-110,True Wireless Earbuds,Technology,Phones & Audio,2,89.0,151.3,0.15,30.6,North,Wisconsin,Milwaukee,Credit Card
ORD-2023-10753,2022-12-14,CUST-1277,Carol Lee,PROD-TEC-103,27-Inch 4K UHD Monitor,Technology,Laptops & Monitors,3,350.0,1050.0,0.0,288.0,Central,Texas,Dallas,Credit Card
ORD-2024-10754,2022-11-13,CUST-1288,Joseph Gonzalez,PROD-TEC-108,HD Pro Webcam 1080p,Technology,Accessories,1,65.0,65.0,0.0,20.7,Central,Ohio,Columbus,Credit Card
ORD-2024-10755,2022-07-13,CUST-1385,Brian Thomas,PROD-HOM-131,Compact HEPA Air Purifier,Home & Kitchen,Appliances,3,130.0,370.5,0.05,83.7,East,New York,New York City,PayPal
ORD-2022-10756,2024-04-29,CUST-1362,Mark Johnson,PROD-HOM-129,Digital Touchscreen Air Fryer 5.8Qt,Home & Kitchen,Appliances,1,110.0,104.5,0.05,23.5,Central,Illinois,Chicago,Credit Card
ORD-2022-10757,2022-12-15,CUST-1224,Anthony Flores,PROD-TEC-112,Smart Fitness Watch,Technology,Phones & Audio,1,149.0,149.0,0.0,37.72,North,Minnesota,Minneapolis,Debit Card
ORD-2024-10758,2022-06-22,CUST-1147,Ashley Walker,PROD-TEC-110,True Wireless Earbuds,Technology,Phones & Audio,3,89.0,240.3,0.1,60.75,East,New York,Buffalo,Debit Card
ORD-2024-10759,2022-11-30,CUST-1093,Lisa Martin,PROD-TEC-102,UltraSlim 14 Inch Notebook,Technology,Laptops & Monitors,3,1100.0,3300.0,0.0,819.0,West,California,Los Angeles,Credit Card
ORD-2022-10760,2022-02-23,CUST-1104,Susan Wright,PROD-FUR-116,Electric Dual-Motor Standing Desk,Furniture,Desks & Tables,2,450.0,540.0,0.4,-203.0,East,New York,Buffalo,Debit Card
ORD-2023-10761,2023-07-21,CUST-1209,David Lewis,PROD-TEC-105,Wireless Ergonomic Mouse,Technology,Accessories,1,35.0,24.5,0.3,-0.5,East,Massachusetts,Boston,Debit Card
ORD-2024-10762,2023-11-23,CUST-1052,Susan Torres,PROD-FUR-116,Electric Dual-Motor Standing Desk,Furniture,Desks & Tables,3,450.0,1215.0,0.1,102.0,West,Oregon,Portland,Credit Card
ORD-2024-10763,2022-07-28,CUST-1401,Carol Moore,PROD-TEC-110,True Wireless Earbuds,Technology,Phones & Audio,2,89.0,178.0,0.0,57.3,East,Pennsylvania,Philadelphia,Debit Card
ORD-2024-10764,2023-04-08,CUST-1022,Matthew Miller,PROD-TEC-101,ProBook 15.6 Inch Laptop,Technology,Laptops & Monitors,1,850.0,850.0,0.0,183.0,Central,Texas,Dallas,Cash on Delivery
ORD-2023-10765,2022-10-07,CUST-1307,Kevin King,PROD-FUR-117,Compact Computer Desk,Furniture,Desks & Tables,3,130.0,390.0,0.0,79.8,East,Massachusetts,Boston,Cash on Delivery
ORD-2022-10766,2024-01-27,CUST-1274,Karen Jackson,PROD-TEC-105,Wireless Ergonomic Mouse,Technology,Accessories,1,35.0,35.0,0.0,10.0,Central,Texas,Austin,Debit Card
ORD-2023-10767,2022-08-04,CUST-1313,Melissa Walker,PROD-HOM-133,Stainless Steel Chef Knife 8-Inch,Home & Kitchen,Cookware & Dining,3,45.0,135.0,0.0,54.75,East,Pennsylvania,Philadelphia,Cash on Delivery
ORD-2023-10768,2022-09-09,CUST-1340,Melissa Wright,PROD-OFF-121,Premium Multipurpose Copy Paper 5 Reams,Office Supplies,Paper & Stationary,1,38.0,34.2,0.1,9.3,Central,Texas,Austin,Debit Card
ORD-2022-10769,2023-09-16,CUST-1244,Nancy Johnson,PROD-TEC-101,ProBook 15.6 Inch Laptop,Technology,Laptops & Monitors,1,850.0,850.0,0.0,183.0,Central,Illinois,Chicago,UPI / Net Banking
ORD-2024-10770,2022-03-25,CUST-1404,Sandra Ramirez,PROD-TEC-105,Wireless Ergonomic Mouse,Technology,Accessories,6,35.0,210.0,0.0,75.0,East,New York,New York City,UPI / Net Banking
ORD-2023-10771,2024-04-27,CUST-1308,Emily Hill,PROD-OFF-123,Gel Ink Pens Box of 24,Office Supplies,Paper & Stationary,3,15.0,36.0,0.2,9.75,East,Massachusetts,Boston,Debit Card
ORD-2022-10772,2023-04-01,CUST-1005,Amanda Wright,PROD-FUR-115,Adjustable Drafting Stool,Furniture,Chairs & Stools,3,110.0,297.0,0.1,43.5,West,California,Los Angeles,Credit Card
ORD-2024-10773,2022-11-07,CUST-1414,Barbara Young,PROD-FUR-115,Adjustable Drafting Stool,Furniture,Chairs & Stools,2,110.0,220.0,0.0,50.0,West,California,San Francisco,Cash on Delivery
ORD-2024-10774,2022-08-03,CUST-1004,William Miller,PROD-FUR-113,Ergonomic Executive Mesh Chair,Furniture,Chairs & Stools,2,240.0,408.0,0.15,19.0,East,Massachusetts,Boston,PayPal
ORD-2024-10775,2023-08-03,CUST-1345,Matthew Perez,PROD-TEC-112,Smart Fitness Watch,Technology,Phones & Audio,8,149.0,1192.0,0.0,322.76,East,New York,New York City,Debit Card
ORD-2024-10776,2024-01-17,CUST-1401,Carol Moore,PROD-FUR-118,Solid Wood Conference Table,Furniture,Desks & Tables,1,850.0,765.0,0.1,38.5,North,Michigan,Detroit,Debit Card
ORD-2024-10777,2023-07-28,CUST-1233,Matthew Williams,PROD-TEC-101,ProBook 15.6 Inch Laptop,Technology,Laptops & Monitors,1,850.0,807.5,0.05,140.5,Central,Texas,Dallas,Credit Card
ORD-2023-10778,2022-10-08,CUST-1063,Joseph Rodriguez,PROD-HOM-134,Insulated Stainless Steel Tumbler 30oz,Home & Kitchen,Cookware & Dining,2,25.0,45.0,0.1,15.0,Central,Texas,Dallas,Credit Card
ORD-2023-10779,2023-06-30,CUST-1230,Anthony Thomas,PROD-OFF-121,Premium Multipurpose Copy Paper 5 Reams,Office Supplies,Paper & Stationary,3,38.0,114.0,0.0,45.3,East,New York,New York City,UPI / Net Banking
ORD-2022-10780,2023-12-08,CUST-1217,Margaret Rodriguez,PROD-TEC-105,Wireless Ergonomic Mouse,Technology,Accessories,3,35.0,105.0,0.0,36.0,East,New York,Buffalo,Credit Card
ORD-2023-10781,2024-04-07,CUST-1013,Anthony Anderson,PROD-OFF-122,Executive Hardcover Notebook 3-Pack,Office Supplies,Paper & Stationary,1,24.0,24.0,0.0,8.0,East,Pennsylvania,Philadelphia,Debit Card
ORD-2024-10782,2024-03-24,CUST-1122,Susan Wright,PROD-TEC-105,Wireless Ergonomic Mouse,Technology,Accessories,3,35.0,94.5,0.1,25.5,Central,Ohio,Columbus,Credit Card
ORD-2022-10783,2022-02-04,CUST-1194,Karen Miller,PROD-OFF-121,Premium Multipurpose Copy Paper 5 Reams,Office Supplies,Paper & Stationary,6,38.0,193.8,0.15,59.4,South,Florida,Miami,PayPal
ORD-2023-10784,2022-03-09,CUST-1053,Dorothy Lee,PROD-TEC-104,24-Inch IPS FHD Monitor,Technology,Laptops & Monitors,6,180.0,1026.0,0.05,261.0,East,New York,New York City,Debit Card
ORD-2024-10785,2024-03-17,CUST-1338,Karen Harris,PROD-TEC-101,ProBook 15.6 Inch Laptop,Technology,Laptops & Monitors,3,850.0,2295.0,0.1,300.0,West,Washington,Seattle,Credit Card
ORD-2024-10786,2024-03-12,CUST-1014,Donald Nguyen,PROD-HOM-130,Programmable Drip Coffee Maker,Home & Kitchen,Appliances,2,75.0,112.5,0.25,10.0,Central,Ohio,Columbus,Debit Card
ORD-2022-10787,2023-08-10,CUST-1065,Jennifer Brown,PROD-HOM-133,Stainless Steel Chef Knife 8-Inch,Home & Kitchen,Cookware & Dining,1,45.0,45.0,0.0,16.25,South,Georgia,Atlanta,PayPal
ORD-2022-10788,2022-03-03,CUST-1066,Linda Martinez,PROD-FUR-120,Modern Modular Bookshelf,Furniture,Bookcases,4,210.0,798.0,0.05,135.8,Central,Ohio,Columbus,Credit Card
ORD-2022-10789,2022-05-31,CUST-1241,Deborah Moore,PROD-FUR-120,Modern Modular Bookshelf,Furniture,Bookcases,3,210.0,598.5,0.05,101.1,West,Oregon,Portland,Debit Card
ORD-2022-10790,2022-09-01,CUST-1260,Michelle Lee,PROD-HOM-136,Weighted Cooling Blanket 15lbs,Home & Kitchen,Bedding & Decor,6,95.0,570.0,0.0,190.5,South,Florida,Miami,Credit Card
ORD-2023-10791,2022-07-13,CUST-1342,Ashley Anderson,PROD-HOM-131,Compact HEPA Air Purifier,Home & Kitchen,Appliances,2,130.0,260.0,0.0,67.8,West,Washington,Seattle,Debit Card
ORD-2023-10792,2022-12-03,CUST-1084,Joshua Martin,PROD-TEC-107,USB-C Multi-Port Hub,Technology,Accessories,1,45.0,42.75,0.05,14.0,North,Minnesota,Minneapolis,Credit Card
ORD-2024-10793,2022-08-24,CUST-1239,Betty Perez,PROD-FUR-114,High-Back Leather Gaming Chair,Furniture,Chairs & Stools,3,290.0,826.5,0.05,107.1,Central,Texas,Houston,Credit Card
ORD-2023-10794,2022-07-08,CUST-1423, Ashley Scott ,PROD-TEC-101,ProBook 15.6 Inch Laptop,Technology,Laptops & Monitors,1,850.0,850.0,0.0,183.0,East,Pennsylvania,Philadelphia,Credit Card
ORD-2024-10795,2023-08-23,CUST-1392,Robert Allen,PROD-OFF-124,Heavy-Duty Plastic Storage Bins 4-Pack,Office Supplies,Storage & Organization,3,55.0,132.0,0.2,27.0,South,Florida,Miami,PayPal
ORD-2022-10796,2022-12-14,CUST-1434,Daniel Ramirez,PROD-HOM-136,Weighted Cooling Blanket 15lbs,Home & Kitchen,Bedding & Decor,1,95.0,95.0,0.0,29.25,West,California,San Francisco,Credit Card
ORD-2024-10797,2022-05-21,CUST-1195,William Taylor,PROD-TEC-108,HD Pro Webcam 1080p,Technology,Accessories,2,65.0,123.5,0.05,37.9,West,California,San Diego,Credit Card
ORD-2024-10798,2024-03-29,CUST-1320,Robert Jackson,PROD-OFF-128,Precision Cutting Mat & Knife Set,Office Supplies,Art & Craft,4,22.0,74.8,0.15,22.04,West,California,Los Angeles,UPI / Net Banking
ORD-2024-10799,2023-01-19,CUST-1163,David Brown,PROD-OFF-128,Precision Cutting Mat & Knife Set,Office Supplies,Art & Craft,6,22.0,132.0,0.0,54.36,West,California,San Francisco,Debit Card
ORD-2022-10800,2022-12-02,CUST-1127,Michael Miller,PROD-TEC-104,24-Inch IPS FHD Monitor,Technology,Laptops & Monitors,6,180.0,864.0,0.2,99.0,East,Pennsylvania,Philadelphia,Credit Card
ORD-2022-10801,2024-03-14,CUST-1241,Deborah Moore,PROD-TEC-105,Wireless Ergonomic Mouse,Technology,Accessories,2,35.0,66.5,0.05,19.5,East,New York,Buffalo,UPI / Net Banking
ORD-2023-10802,2022-07-03,CUST-1165,Barbara Jones,PROD-OFF-124,Heavy-Duty Plastic Storage Bins 4-Pack,Office Supplies,Storage & Organization,3,55.0,140.25,0.15,35.25,South,North Carolina,Charlotte,PayPal
ORD-2024-10803,2023-10-28,CUST-1019,Elizabeth Wilson,PROD-FUR-114,High-Back Leather Gaming Chair,Furniture,Chairs & Stools,2,290.0,522.0,0.1,41.4,East,New York,Buffalo,PayPal
ORD-2023-10804,2023-08-09,CUST-1081,George Taylor,PROD-OFF-124,Heavy-Duty Plastic Storage Bins 4-Pack,Office Supplies,Storage & Organization,1,55.0,49.5,0.1,12.5,East,Pennsylvania,Philadelphia,Credit Card
ORD-2024-10805,2022-02-12,CUST-1239,Betty Perez,PROD-HOM-133,Stainless Steel Chef Knife 8-Inch,Home & Kitchen,Cookware & Dining,1,45.0,45.0,0.0,16.25,Central,Ohio,Columbus,PayPal
ORD-2023-10806,2023-01-27,CUST-1013,Anthony Anderson,PROD-TEC-112,Smart Fitness Watch,Technology,Phones & Audio,2,149.0,298.0,0.0,78.44,East,Massachusetts,Boston,Credit Card
ORD-2024-10807,2023-07-14,CUST-1330,Steven Robinson,PROD-TEC-106,Mechanical RGB Keyboard,Technology,Accessories,1,75.0,60.0,0.2,7.25,East,Pennsylvania,Philadelphia,Credit Card
ORD-2022-10808,2023-11-23,CUST-1169,Andrew Thomas,PROD-FUR-117,Compact Computer Desk,Furniture,Desks & Tables,1,130.0,130.0,0.0,24.6,West,California,San Diego,Debit Card
ORD-2022-10809,2024-05-25,CUST-1386, Michael Martin ,PROD-HOM-135,100% Organic Cotton Sheet Set Queen,Home & Kitchen,Bedding & Decor,1,85.0,85.0,0.0,28.3,West,California,San Diego,Credit Card
ORD-2023-10810,2024-04-21,CUST-1297,Jessica Martinez,PROD-TEC-101,ProBook 15.6 Inch Laptop,Technology,Laptops & Monitors,1,850.0,595.0,0.3,-72.0,Central,Texas,Dallas,Debit Card
ORD-2024-10811,2024-02-07,CUST-1108,Donald King,PROD-HOM-131,Compact HEPA Air Purifier,Home & Kitchen,Appliances,2,130.0,247.0,0.05,54.8,Central,Texas,Houston,PayPal
ORD-2022-10812,2022-11-17,CUST-1434,Daniel Ramirez,PROD-FUR-113,Ergonomic Executive Mesh Chair,Furniture,Chairs & Stools,3,240.0,720.0,0.0,138.0,West,Washington,Seattle,Debit Card
ORD-2023-10813,2022-05-23,CUST-1296,Ashley Sanchez,PROD-TEC-109,Noise Canceling Headphones,Technology,Phones & Audio,4,199.0,716.4,0.1,152.2,Central,Texas,Austin  ,Credit Card
ORD-2023-10814,2023-03-12,CUST-1352,Kevin Johnson,PROD-OFF-126,Desktop Document Organizer,Office Supplies,Storage & Organization,3,28.0,84.0,0.0,31.8,West,Oregon,Portland,Credit Card
ORD-2023-10815,2023-08-05,CUST-1323,Steven Garcia,PROD-OFF-126,Desktop Document Organizer,Office Supplies,Storage & Organization,3,28.0,84.0,0.0,31.8,West,Washington,Seattle,UPI / Net Banking
ORD-2024-10816,2023-04-08,CUST-1328,Robert Clark,PROD-FUR-120,Modern Modular Bookshelf,Furniture,Bookcases,1,210.0,199.5,0.05,31.7,West,California,Los Angeles,Credit Card
ORD-2022-10817,2022-07-11,CUST-1102,Thomas King,PROD-TEC-105,Wireless Ergonomic Mouse,Technology,Accessories,4,35.0,140.0,0.0,49.0,West,Washington,Seattle,Debit Card
ORD-2024-10818,2022-01-12,CUST-1088,Edward Hernandez,PROD-OFF-121,Premium Multipurpose Copy Paper 5 Reams,Office Supplies,Paper & Stationary,3,38.0,102.6,0.1,33.9,West,Washington,Seattle,Credit Card
ORD-2023-10819,2024-06-05,CUST-1106,Dorothy Martin,PROD-TEC-109,Noise Canceling Headphones,Technology,Phones & Audio,3,199.0,567.15,0.05,143.25,South,Florida,Orlando,PayPal
ORD-2023-10820,2023-08-25,CUST-1104,Susan Wright,PROD-HOM-133,Stainless Steel Chef Knife 8-Inch,Home & Kitchen,Cookware & Dining,4,45.0,171.0,0.05,65.0,West,Washington,Seattle  ,PayPal
ORD-2022-10821,2023-06-23,CUST-1169,Andrew Thomas,PROD-HOM-132,Non-Stick Ceramic Cookware 10-Piece,Home & Kitchen,Cookware & Dining,2,180.0,360.0,0.0,110.2,South,North Carolina,Charlotte,UPI / Net Banking
ORD-2023-10822,2023-12-19,CUST-1432,Lisa Walker,PROD-FUR-120,Modern Modular Bookshelf,Furniture,Bookcases,2,210.0,420.0,0.0,87.4,West,Washington,Seattle,PayPal
ORD-2024-10823,2023-03-19,CUST-1235,Richard Robinson,PROD-OFF-125,3-Drawer Mobile File Cabinet,Office Supplies,Storage & Organization,5,145.0,725.0,0.0,195.0,East,New York,Buffalo,UPI / Net Banking
ORD-2022-10824,2022-10-08,CUST-1322,Nancy Lee,PROD-HOM-135,100% Organic Cotton Sheet Set Queen,Home & Kitchen,Bedding & Decor,2,85.0,161.5,0.05,51.1,North,Minnesota,Minneapolis,Credit Card
ORD-2023-10825,2024-02-20,CUST-1284,Kevin Flores,PROD-TEC-108,HD Pro Webcam 1080p,Technology,Accessories,3,65.0,195.0,0.0,68.1,West,California,San Diego,PayPal
ORD-2023-10826,2022-08-01,CUST-1260,Michelle Lee,PROD-TEC-103,27-Inch 4K UHD Monitor,Technology,Laptops & Monitors,2,350.0,350.0,0.5,-159.0,Central,Texas,Dallas,Credit Card
ORD-2023-10827,2024-05-26,CUST-1100, William Walker ,PROD-OFF-126,Desktop Document Organizer,Office Supplies,Storage & Organization,1,28.0,28.0,0.0,8.6,West,California,Los Angeles,Credit Card
ORD-2023-10828,2023-04-18,CUST-1035,Michael Harris,PROD-TEC-106,Mechanical RGB Keyboard,Technology,Accessories,2,75.0,142.5,0.05,40.0,Central,Ohio,Columbus,PayPal
ORD-2022-10829,2022-06-24,CUST-1430,Brian Thomas,PROD-TEC-102,UltraSlim 14 Inch Notebook,Technology,Laptops & Monitors,3,1100.0,3300.0,0.0,819.0,East,New York,New York City,PayPal
ORD-2022-10830,2023-11-25,CUST-1140,Sandra Thomas,PROD-TEC-110,True Wireless Earbuds,Technology,Phones & Audio,2,89.0,178.0,0.0,57.3,South,North Carolina,Charlotte,PayPal
ORD-2024-10831,2022-02-18,CUST-1429,Joseph Sanchez,PROD-HOM-134,Insulated Stainless Steel Tumbler 30oz,Home & Kitchen,Cookware & Dining,2,25.0,50.0,0.0,20.0,South,Florida,Miami,
ORD-2022-10832,2022-09-13,CUST-1192,Michelle King,PROD-FUR-116,Electric Dual-Motor Standing Desk,Furniture,Desks & Tables,4,450.0,1530.0,0.15,47.0,South,Florida,Orlando,Debit Card
ORD-2024-10833,2022-03-06,CUST-1113,Emily Anderson,PROD-TEC-107,USB-C Multi-Port Hub,Technology,Accessories,1,45.0,40.5,0.1,11.75,Central,Texas,Houston,PayPal
ORD-2024-10834,2022-07-14,CUST-1320,Robert Jackson,PROD-FUR-114,High-Back Leather Gaming Chair,Furniture,Chairs & Stools,1,290.0,290.0,0.0,48.2,South,North Carolina,Charlotte,PayPal
ORD-2023-10835,2023-11-01,CUST-1162,Paul King,PROD-TEC-101,ProBook 15.6 Inch Laptop,Technology,Laptops & Monitors,5,850.0,3612.5,0.15,289.5,Central,Texas,Dallas,PayPal
ORD-2022-10836,2022-03-10,CUST-1112,Mary Nguyen,PROD-OFF-127,Professional Acrylic Paint Set,Office Supplies,Art & Craft,5,42.0,199.5,0.05,69.7,Central,Texas,Austin,Credit Card
ORD-2024-10837,2022-06-25,CUST-1129,Daniel Ramirez,PROD-TEC-107,USB-C Multi-Port Hub,Technology,Accessories,2,45.0,81.0,0.1,26.5,West,Oregon,Portland,Credit Card
ORD-2022-10838,2022-12-07,CUST-1090,James Hill,PROD-OFF-121,Premium Multipurpose Copy Paper 5 Reams,Office Supplies,Paper & Stationary,1,38.0,38.0,0.0,13.1,East,Massachusetts,Boston,Debit Card
ORD-2024-10839,2022-08-27,CUST-1258,Lisa Ramirez,PROD-TEC-101,ProBook 15.6 Inch Laptop,Technology,Laptops & Monitors,5,850.0,4037.5,0.05,714.5,East,New York,Buffalo,Credit Card
ORD-2022-10840,2023-09-27,CUST-1041,Brian Jones,PROD-TEC-104,24-Inch IPS FHD Monitor,Technology,Laptops & Monitors,3,180.0,540.0,0.0,156.0,South,Florida,Orlando,PayPal
ORD-2024-10841,2023-09-05,CUST-1228,Mary Lopez,PROD-OFF-122,Executive Hardcover Notebook 3-Pack,Office Supplies,Paper & Stationary,4,24.0,96.0,0.0,41.0,Central,Texas,Houston,Credit Card
ORD-2024-10842,2024-04-12,CUST-1148,Susan Sanchez,PROD-TEC-102,UltraSlim 14 Inch Notebook,Technology,Laptops & Monitors,6,1100.0,5940.0,0.1,981.0,West,California,San Francisco,Credit Card
ORD-2024-10843,2022-09-12,CUST-1411,Kevin Harris,PROD-FUR-115,Adjustable Drafting Stool,Furniture,Chairs & Stools,1,110.0,99.0,0.1,12.5,East,Massachusetts,Boston,Debit Card
ORD-2022-10844,2022-02-23,CUST-1325,Joseph Harris,PROD-TEC-110,True Wireless Earbuds,Technology,Phones & Audio,1,89.0,80.1,0.1,18.25,South,Florida,Orlando,PayPal
ORD-2024-10845,2022-03-22,CUST-1219,Lisa Williams,PROD-HOM-130,Programmable Drip Coffee Maker,Home & Kitchen,Appliances,3,75.0,225.0,0.0,72.75,East,Pennsylvania,Philadelphia,PayPal
ORD-2024-10846,2023-04-05,CUST-1326,Brian Martinez,PROD-FUR-113,Ergonomic Executive Mesh Chair,Furniture,Chairs & Stools,2,240.0,456.0,0.05,67.0,East,Pennsylvania,Philadelphia,Credit Card
ORD-2023-10847,2023-03-28,CUST-1217,Margaret Rodriguez,PROD-HOM-133,Stainless Steel Chef Knife 8-Inch,Home & Kitchen,Cookware & Dining,1,45.0,36.0,0.2,7.25,East,Massachusetts,Boston,Debit Card
ORD-2022-10848,2024-02-17,CUST-1154,Kevin Young,PROD-HOM-135,100% Organic Cotton Sheet Set Queen,Home & Kitchen,Bedding & Decor,1,85.0,76.5,0.1,19.8,West,California,San Francisco,UPI / Net Banking
ORD-2024-10849,2023-09-13,CUST-1247,Thomas Williams,PROD-TEC-105,Wireless Ergonomic Mouse,Technology,Accessories,5,35.0,175.0,0.0,62.0,North,Minnesota,Minneapolis,Cash on Delivery
ORD-2024-10850,2024-01-18,CUST-1372,Kevin Davis,PROD-OFF-124,Heavy-Duty Plastic Storage Bins 4-Pack,Office Supplies,Storage & Organization,4,55.0,187.0,0.15,48.0,East,Massachusetts,Boston,Debit Card
ORD-2023-10851,2023-10-19,CUST-1302,Brian King,PROD-TEC-105,Wireless Ergonomic Mouse,Technology,Accessories,1,35.0,35.0,0.0,10.0,North,Minnesota,Minneapolis,Credit Card
ORD-2023-10852,2022-09-19,CUST-1395,Ashley Miller,PROD-OFF-123,Gel Ink Pens Box of 24,Office Supplies,Paper & Stationary,3,15.0,38.25,0.15,12.0,South,North Carolina,Charlotte,Cash on Delivery
ORD-2022-10853,2022-09-06,CUST-1245,Linda Taylor,PROD-TEC-103,27-Inch 4K UHD Monitor,Technology,Laptops & Monitors,1,350.0,350.0,0.0,94.0,West,California,San Diego,Credit Card
ORD-2023-10854,2023-11-29,CUST-1076,Edward Moore,PROD-FUR-117,Compact Computer Desk,Furniture,Desks & Tables,1,130.0,130.0,0.0,24.6,South,Florida,Orlando,Debit Card
ORD-2024-10855,2023-12-30,CUST-1197,Melissa Scott,PROD-OFF-126,Desktop Document Organizer,Office Supplies,Storage & Organization,1,28.0,25.2,0.1,5.8,East,New York,New York City,Credit Card
ORD-2023-10856,2023-05-28,CUST-1273,Emily Smith,PROD-OFF-125,3-Drawer Mobile File Cabinet,Office Supplies,Storage & Organization,3,145.0,391.5,0.1,72.3,South,Georgia,Atlanta,Credit Card
ORD-2024-10857,2024-03-06,CUST-1409,Jessica Robinson,PROD-OFF-123,Gel Ink Pens Box of 24,Office Supplies,Paper & Stationary,4,15.0,54.0,0.1,20.0,Central,Texas,Houston,Debit Card
ORD-2022-10858,2024-04-15,CUST-1252,Paul Davis,PROD-TEC-101,ProBook 15.6 Inch Laptop,Technology,Laptops & Monitors,4,850.0,3230.0,0.05,571.0,Central,Illinois,Chicago,Cash on Delivery
ORD-2022-10859,2022-06-30,CUST-1192,Michelle King,PROD-TEC-112,Smart Fitness Watch,Technology,Phones & Audio,3,149.0,424.65,0.05,96.81,Central,Texas,Houston,Credit Card
ORD-2022-10860,2022-07-25,CUST-1031,Richard Jones,PROD-TEC-112,Smart Fitness Watch,Technology,Phones & Audio,1,149.0,141.55,0.05,30.27,North,Michigan,Detroit,UPI / Net Banking
ORD-2024-10861,2022-06-20,CUST-1041,Brian Jones,PROD-FUR-119,5-Shelf Ladder Bookcase,Furniture,Bookcases,1,140.0,133.0,0.05,24.0,East,New York,New York City,Cash on Delivery
ORD-2024-10862,2024-02-18,CUST-1052,Susan Torres,PROD-TEC-101,ProBook 15.6 Inch Laptop,Technology,Laptops & Monitors,8,850.0,6120.0,0.1,805.0,South,Florida,Miami,PayPal
ORD-2022-10863,2023-06-19,CUST-1406,Sarah Lee,PROD-TEC-101,ProBook 15.6 Inch Laptop,Technology,Laptops & Monitors,2,850.0,1700.0,0.0,369.0,West,Washington,Seattle,PayPal
ORD-2023-10864,2023-09-11,CUST-1220,Daniel Wilson,PROD-OFF-122,Executive Hardcover Notebook 3-Pack,Office Supplies,Paper & Stationary,3,24.0,72.0,0.0,30.0,North,Minnesota,Minneapolis,Credit Card
ORD-2023-10865,2023/01/23,CUST-1313,Melissa Walker,PROD-TEC-104,24-Inch IPS FHD Monitor,Technology,Laptops & Monitors,2,180.0,324.0,0.1,67.0,Central,Texas,Austin,Debit Card
ORD-2022-10866,2022-01-27,CUST-1309,Christopher Lewis,PROD-TEC-108,HD Pro Webcam 1080p,Technology,Accessories,1,65.0,65.0,0.0,20.7,Central,Ohio,Columbus,Debit Card
ORD-2024-10867,2024-06-09,CUST-1244,Nancy Johnson,PROD-HOM-133,Stainless Steel Chef Knife 8-Inch,Home & Kitchen,Cookware & Dining,1,45.0,40.5,0.1,11.75,West,Washington,Seattle  ,PayPal
ORD-2024-10868,2023-01-04,CUST-1448,Kenneth Jackson,PROD-TEC-103,27-Inch 4K UHD Monitor,Technology,Laptops & Monitors,4,350.0,1400.0,0.0,385.0,East,Pennsylvania,Philadelphia,PayPal
ORD-2023-10869,2023-03-15,CUST-1244,Nancy Johnson,PROD-TEC-107,USB-C Multi-Port Hub,Technology,Accessories,3,45.0,121.5,0.1,41.25,South,North Carolina,Charlotte,PayPal
ORD-2024-10870,2023-06-01,CUST-1017,Brian Ramirez,PROD-TEC-109,Noise Canceling Headphones,Technology,Phones & Audio,6,199.0,1134.3,0.05,289.5,West,Washington,Seattle,Debit Card
ORD-2022-10871,2023-04-02,CUST-1060,Melissa Nguyen,PROD-HOM-131,Compact HEPA Air Purifier,Home & Kitchen,Appliances,1,130.0,123.5,0.05,25.9,West,Oregon,Portland,UPI / Net Banking
ORD-2023-10872,2024-01-03,CUST-1015,Sarah Smith,PROD-TEC-111,Bluetooth Conference Speaker,Technology,Phones & Audio,2,120.0,228.0,0.05,59.8,West,California,San Diego,Credit Card
ORD-2024-10873,2022-05-07,CUST-1341,Kenneth Anderson,PROD-TEC-109,Noise Canceling Headphones,Technology,Phones & Audio,1,199.0,189.05,0.05,45.75,East,Massachusetts,Boston,Debit Card
ORD-2024-10874,2022-03-08,CUST-1330,Steven Robinson,PROD-OFF-122,Executive Hardcover Notebook 3-Pack,Office Supplies,Paper & Stationary,5,24.0,96.0,0.2,28.0,Central,Texas,Dallas,Credit Card
ORD-2023-10875,2024-04-07,CUST-1120,Jessica Moore,PROD-FUR-115,Adjustable Drafting Stool,Furniture,Chairs & Stools,4,110.0,352.0,0.2,15.0,East,Pennsylvania,Philadelphia,PayPal
ORD-2024-10876,2022-04-29,CUST-1294,Joshua Torres,PROD-OFF-124,Heavy-Duty Plastic Storage Bins 4-Pack,Office Supplies,Storage & Organization,1,55.0,46.75,0.15,9.75,North,Michigan,Detroit,
ORD-2024-10877,2022-07-14,CUST-1434,Daniel Ramirez,PROD-OFF-125,3-Drawer Mobile File Cabinet,Office Supplies,Storage & Organization,5,145.0,652.5,0.1,122.5,North,Minnesota,Minneapolis,Debit Card
ORD-2024-10878,2023-08-28,CUST-1114, Donna Anderson ,PROD-TEC-107,USB-C Multi-Port Hub,Technology,Accessories,4,45.0,180.0,0.0,74.0,West,Washington,Seattle,Credit Card
ORD-2022-10879,2023-05-27,CUST-1349,Michelle Wright,PROD-HOM-130,Programmable Drip Coffee Maker,Home & Kitchen,Appliances,8,75.0,510.0,0.15,109.0,South,Florida,Orlando,UPI / Net Banking
ORD-2024-10880,2022-11-24,CUST-1159,Patricia Lee,PROD-HOM-133,Stainless Steel Chef Knife 8-Inch,Home & Kitchen,Cookware & Dining,1,45.0,45.0,0.0,16.25,East,New York,New York City,Credit Card
ORD-2023-10881,2023-12-23,CUST-1193,James Scott,PROD-TEC-104,24-Inch IPS FHD Monitor,Technology,Laptops & Monitors,1,180.0,171.0,0.05,41.0,West,California,San Diego,Credit Card
ORD-2024-10882,2022-02-23,CUST-1444,Richard Wilson,PROD-TEC-112,Smart Fitness Watch,Technology,Phones & Audio,1,149.0,149.0,0.0,37.72,North,Minnesota,Minneapolis,PayPal
ORD-2022-10883,2023-07-16,CUST-1201,Susan Taylor,PROD-OFF-122,Executive Hardcover Notebook 3-Pack,Office Supplies,Paper & Stationary,6,24.0,136.8,0.05,55.8,West,Washington,Seattle,PayPal
ORD-2023-10884,2022-10-17,CUST-1357,Christopher Wilson,PROD-FUR-113,Ergonomic Executive Mesh Chair,Furniture,Chairs & Stools,1,240.0,240.0,0.0,44.0,East,Massachusetts,Boston,Credit Card
ORD-2024-10885,2022-11-08,CUST-1235,Richard Robinson,PROD-TEC-111,Bluetooth Conference Speaker,Technology,Phones & Audio,1,120.0,120.0,0.0,34.4,Central,Ohio,Columbus,Credit Card
ORD-2024-10886,2022-07-20,CUST-1377,Kenneth Davis,PROD-TEC-101,ProBook 15.6 Inch Laptop,Technology,Laptops & Monitors,1,850.0,722.5,0.15,55.5,East,Pennsylvania,Philadelphia,Credit Card
ORD-2023-10887,2023-11-27,CUST-1431,Karen Nguyen,PROD-TEC-111,Bluetooth Conference Speaker,Technology,Phones & Audio,4,120.0,480.0,0.0,146.6,East,New York,New York City,Debit Card
ORD-2024-10888,2022-12-13,CUST-1304,Emily Thomas,PROD-OFF-128,Precision Cutting Mat & Knife Set,Office Supplies,Art & Craft,1,22.0,20.9,0.05,5.46,South,Florida,Orlando,Credit Card
ORD-2024-10889,2023-09-03,CUST-1089,Steven King,PROD-OFF-125,3-Drawer Mobile File Cabinet,Office Supplies,Storage & Organization,2,145.0,275.5,0.05,61.7,East,New York,New York City,Debit Card
ORD-2023-10890,2022-01-12,CUST-1062,Betty White,PROD-TEC-108,HD Pro Webcam 1080p,Technology,Accessories,1,65.0,61.75,0.05,17.45,East,New York,New York City,Debit Card
ORD-2024-10891,2023-05-07,CUST-1141,Robert Lewis,PROD-TEC-107,USB-C Multi-Port Hub,Technology,Accessories,1,45.0,38.25,0.15,9.5,East,New York,Buffalo,Debit Card
ORD-2023-10892,2022-03-07,CUST-1366,Deborah Williams,PROD-HOM-135,100% Organic Cotton Sheet Set Queen,Home & Kitchen,Bedding & Decor,2,85.0,153.0,0.1,42.6,Central,Texas,Houston,PayPal
ORD-2024-10893,2023-05-16,CUST-1033,Deborah Jackson,PROD-HOM-134,Insulated Stainless Steel Tumbler 30oz,Home & Kitchen,Cookware & Dining,3,25.0,60.0,0.2,16.5,West,Oregon,Portland,Debit Card
ORD-2024-10894,2022-05-01,CUST-1093,Lisa Martin,PROD-TEC-112,Smart Fitness Watch,Technology,Phones & Audio,4,149.0,357.6,0.4,-78.52,South,Florida,Miami,Credit Card
ORD-2022-10895,2022-03-31,CUST-1288,Joseph Gonzalez,PROD-FUR-117,Compact Computer Desk,Furniture,Desks & Tables,1,130.0,123.5,0.05,18.1,South,Florida,Miami,Debit Card
ORD-2024-10896,2022-01-01,CUST-1128,Kevin Ramirez,PROD-FUR-120,Modern Modular Bookshelf,Furniture,Bookcases,2,210.0,357.0,0.15,24.4,West,California,Los Angeles,UPI / Net Banking
ORD-2024-10897,2023-05-18,CUST-1356,Thomas Harris,PROD-OFF-121,Premium Multipurpose Copy Paper 5 Reams,Office Supplies,Paper & Stationary,2,38.0,76.0,0.0,29.2,West,Oregon,Portland,PayPal
ORD-2024-10898,2024-04-19,CUST-1023,Daniel Thompson,PROD-FUR-116,Electric Dual-Motor Standing Desk,Furniture,Desks & Tables,1,450.0,450.0,0.0,77.0,North,Michigan,Detroit,Credit Card
ORD-2022-10899,2023-08-29,CUST-1184,Michael Jones,PROD-FUR-118,Solid Wood Conference Table,Furniture,Desks & Tables,2,850.0,1615.0,0.05,165.0,West,California,San Francisco,Debit Card
ORD-2022-10900,2023-02-14,CUST-1234,Mark Anderson,PROD-TEC-106,Mechanical RGB Keyboard,Technology,Accessories,1,75.0,71.25,0.05,18.5,West,California,San Diego,PayPal
ORD-2023-10901,2023-10-11,CUST-1357,Christopher Wilson,PROD-FUR-113,Ergonomic Executive Mesh Chair,Furniture,Chairs & Stools,1,240.0,228.0,0.05,32.0,East,Pennsylvania,Philadelphia,Credit Card
ORD-2023-10902,2024-03-17,CUST-1223,Daniel Scott,PROD-OFF-125,3-Drawer Mobile File Cabinet,Office Supplies,Storage & Organization,1,145.0,145.0,0.0,36.6,South,Florida,Miami,Credit Card
ORD-2023-10903,2022-03-09,CUST-1169,Andrew Thomas,PROD-TEC-106,Mechanical RGB Keyboard,Technology,Accessories,5,75.0,262.5,0.3,10.75,Central,Texas,Austin,Credit Card
ORD-2022-10904,2023-01-22,CUST-1114,Donna Anderson,PROD-OFF-125,3-Drawer Mobile File Cabinet,Office Supplies,Storage & Organization,2,145.0,246.5,0.15,32.7,West,California,Los Angeles,Credit Card
ORD-2023-10905,2022-04-08,CUST-1271,Michelle Torres,PROD-OFF-123,Gel Ink Pens Box of 24,Office Supplies,Paper & Stationary,2,15.0,25.5,0.15,7.0,South,Georgia,Atlanta,Credit Card
ORD-2023-10906,2022-07-05,CUST-1177,Jessica Taylor,PROD-HOM-135,100% Organic Cotton Sheet Set Queen,Home & Kitchen,Bedding & Decor,3,85.0,255.0,0.0,90.9,East,Massachusetts,Boston,UPI / Net Banking
ORD-2022-10907,2022-05-27,CUST-1194,Karen Miller,PROD-FUR-118,Solid Wood Conference Table,Furniture,Desks & Tables,1,850.0,850.0,0.0,123.5,East,New York,New York City,UPI / Net Banking
ORD-2023-10908,2023-12-25,CUST-1235,Richard Robinson,PROD-TEC-112,Smart Fitness Watch,Technology,Phones & Audio,4,149.0,536.4,0.1,100.28,South,North Carolina,Charlotte,Credit Card
ORD-2024-10909,2024-06-21,CUST-1417,Sarah Hill,PROD-FUR-115,Adjustable Drafting Stool,Furniture,Chairs & Stools,2,110.0,220.0,0.0,50.0,East,Pennsylvania,Philadelphia,Debit Card
ORD-2024-10910,2022-03-23,CUST-1040,Kevin Moore,PROD-FUR-116,Electric Dual-Motor Standing Desk,Furniture,Desks & Tables,5,450.0,2250.0,0.0,397.0,West,California,Los Angeles,Credit Card
ORD-2022-10911,2023-03-11,CUST-1347,George Hernandez,PROD-HOM-133,Stainless Steel Chef Knife 8-Inch,Home & Kitchen,Cookware & Dining,1,45.0,36.0,0.2,7.25,West,California,San Francisco,Debit Card
ORD-2023-10912,2022-01-15,CUST-1316,Joshua Moore,PROD-FUR-113,Ergonomic Executive Mesh Chair,Furniture,Chairs & Stools,3,240.0,720.0,0.0,138.0,West,California,Los Angeles,Debit Card
ORD-2024-10913,2023-12-02,CUST-1312,Donald Hernandez,PROD-TEC-103,27-Inch 4K UHD Monitor,Technology,Laptops & Monitors,2,350.0,350.0,0.5,-159.0,South,North Carolina,Charlotte,Credit Card
ORD-2022-10914,2023-01-11,CUST-1430,Brian Thomas,PROD-TEC-109,Noise Canceling Headphones,Technology,Phones & Audio,4,199.0,796.0,0.0,231.8,East,Pennsylvania,Philadelphia,Credit Card
ORD-2024-10915,2022-09-13,CUST-1426,Carol Young,PROD-HOM-135,100% Organic Cotton Sheet Set Queen,Home & Kitchen,Bedding & Decor,1,85.0,80.75,0.05,24.05,Central,Illinois,Chicago,
ORD-2023-10916,2022-08-11,CUST-1157,Patricia Nguyen,PROD-HOM-133,Stainless Steel Chef Knife 8-Inch,Home & Kitchen,Cookware & Dining,2,45.0,85.5,0.05,31.0,East,New York,New York City,Credit Card
ORD-2023-10917,2022-12-03,CUST-1153, Margaret Scott ,PROD-OFF-123,Gel Ink Pens Box of 24,Office Supplies,Paper & Stationary,2,15.0,28.5,0.05,10.0,South,Florida,Miami,Credit Card
ORD-2023-10918,2022/07/22,CUST-1044,David Robinson,PROD-HOM-134,Insulated Stainless Steel Tumbler 30oz,Home & Kitchen,Cookware & Dining,1,25.0,23.75,0.05,7.25,East,New York,Buffalo,Credit Card
ORD-2023-10919,2023-02-09,CUST-1192,Michelle King,PROD-FUR-120,Modern Modular Bookshelf,Furniture,Bookcases,3,210.0,630.0,0.0,132.6,Central,Texas,Austin,Credit Card
ORD-2023-10920,2022-06-15,CUST-1072, Kimberly Taylor ,PROD-OFF-123,Gel Ink Pens Box of 24,Office Supplies,Paper & Stationary,1,15.0,15.0,0.0,4.25,South,North Carolina,Charlotte,Credit Card
ORD-2022-10921,2023-02-09,CUST-1216,Emily Martinez,PROD-OFF-122,Executive Hardcover Notebook 3-Pack,Office Supplies,Paper & Stationary,3,24.0,72.0,0.0,30.0,South,Florida,Miami,Credit Card
ORD-2023-10922,2023-05-16,CUST-1282,Kevin Garcia,PROD-HOM-132,Non-Stick Ceramic Cookware 10-Piece,Home & Kitchen,Cookware & Dining,3,180.0,513.0,0.05,139.8,North,Wisconsin,Milwaukee,Credit Card
ORD-2024-10923,2024-05-13,CUST-1423,Ashley Scott,PROD-OFF-125,3-Drawer Mobile File Cabinet,Office Supplies,Storage & Organization,1,145.0,145.0,0.0,36.6,South,Florida,Orlando,Debit Card
ORD-2024-10924,2022-08-31,CUST-1027,Matthew Garcia,PROD-OFF-122,Executive Hardcover Notebook 3-Pack,Office Supplies,Paper & Stationary,3,24.0,72.0,0.0,30.0,West,Washington,Seattle,Credit Card
ORD-2023-10925,2022-09-11,CUST-1317,Deborah King,PROD-TEC-110,True Wireless Earbuds,Technology,Phones & Audio,6,89.0,480.6,0.1,124.5,North,Wisconsin,Milwaukee,Credit Card
ORD-2022-10926,2023-11-14,CUST-1421,Jennifer Thomas,PROD-OFF-128,Precision Cutting Mat & Knife Set,Office Supplies,Art & Craft,3,22.0,59.4,0.1,19.08,West,California,San Francisco,UPI / Net Banking
ORD-2022-10927,2024-05-25,CUST-1303,Sandra Brown,PROD-TEC-110,True Wireless Earbuds,Technology,Phones & Audio,6,89.0,427.2,0.2,71.1,South,Florida,Orlando,Credit Card
ORD-2022-10928,2023-09-24,CUST-1103,Kenneth Ramirez,PROD-TEC-106,Mechanical RGB Keyboard,Technology,Accessories,1,75.0,52.5,0.3,-0.25,East,New York,New York City,PayPal
ORD-2023-10929,2023-05-06,CUST-1032,John Anderson,PROD-HOM-133,Stainless Steel Chef Knife 8-Inch,Home & Kitchen,Cookware & Dining,3,45.0,121.5,0.1,41.25,North,Minnesota,Minneapolis,Credit Card
ORD-2023-10930,2022-09-10,CUST-1164,Paul Garcia,PROD-TEC-104,24-Inch IPS FHD Monitor,Technology,Laptops & Monitors,1,180.0,180.0,0.0,50.0,West,California,San Francisco,Credit Card
ORD-2024-10931,2022-04-14,CUST-1221,Amanda Thomas,PROD-TEC-112,Smart Fitness Watch,Technology,Phones & Audio,1,149.0,126.65,0.15,15.37,North,Minnesota,Minneapolis,Credit Card
ORD-2024-10932,2024-02-28,CUST-1442,Melissa Wright,PROD-TEC-109,Noise Canceling Headphones,Technology,Phones & Audio,2,199.0,298.5,0.25,14.9,East,Pennsylvania,Philadelphia,Credit Card
ORD-2022-10933,2023-10-28,CUST-1142,Emily Miller,PROD-FUR-114,High-Back Leather Gaming Chair,Furniture,Chairs & Stools,1,290.0,275.5,0.05,33.7,East,Massachusetts,Boston,Cash on Delivery
ORD-2024-10934,2024-04-17,CUST-1098,Robert Wright,PROD-FUR-113,Ergonomic Executive Mesh Chair,Furniture,Chairs & Stools,2,240.0,456.0,0.05,67.0,East,Massachusetts,Boston,Debit Card
ORD-2022-10935,2023-07-01,CUST-1370,Elizabeth Thomas,PROD-TEC-110,True Wireless Earbuds,Technology,Phones & Audio,3,89.0,226.95,0.15,47.4,South,Florida,Miami,Debit Card
ORD-2024-10936,2022-12-22,CUST-1188,Robert Thomas,PROD-HOM-129,Digital Touchscreen Air Fryer 5.8Qt,Home & Kitchen,Appliances,5,110.0,467.5,0.15,74.5,South,Florida,Miami,Credit Card
ORD-2022-10937,2022-06-20,CUST-1307,Kevin King,PROD-FUR-118,Solid Wood Conference Table,Furniture,Desks & Tables,1,850.0,850.0,0.0,123.5,Central,Texas,Houston,Debit Card
ORD-2023-10938,2023-05-22,CUST-1351,Donna Torres,PROD-HOM-135,100% Organic Cotton Sheet Set Queen,Home & Kitchen,Bedding & Decor,2,85.0,136.0,0.2,25.6,South,Florida,Miami,UPI / Net Banking
ORD-2023-10939,2022-07-31,CUST-1095,Jessica Torres,PROD-TEC-101,ProBook 15.6 Inch Laptop,Technology,Laptops & Monitors,1,850.0,765.0,0.1,98.0,West,California,San Francisco,Credit Card
ORD-2024-10940,2023-12-26,CUST-1369,Mary Flores,PROD-HOM-134,Insulated Stainless Steel Tumbler 30oz,Home & Kitchen,Cookware & Dining,1,25.0,25.0,0.0,8.5,West,California,San Diego,UPI / Net Banking
ORD-2022-10941,2023-07-01,CUST-1122,Susan Wright,PROD-FUR-119,5-Shelf Ladder Bookcase,Furniture,Bookcases,1,140.0,126.0,0.1,17.0,Central,Illinois,Chicago,Credit Card
ORD-2022-10942,2023-10-20,CUST-1128,Kevin Ramirez,PROD-FUR-114,High-Back Leather Gaming Chair,Furniture,Chairs & Stools,2,290.0,580.0,0.0,99.4,Central,Ohio,Columbus,Debit Card
ORD-2024-10943,2024-06-24,CUST-1282,Kevin Garcia,PROD-FUR-117,Compact Computer Desk,Furniture,Desks & Tables,1,130.0,130.0,0.0,24.6,Central,Texas,Houston,UPI / Net Banking
ORD-2023-10944,2022-08-13,CUST-1375,Deborah White,PROD-FUR-118,Solid Wood Conference Table,Furniture,Desks & Tables,1,850.0,765.0,0.1,38.5,Central,Texas,Houston,UPI / Net Banking
ORD-2024-10945,2022-04-19,CUST-1370,Elizabeth Thomas,PROD-OFF-125,3-Drawer Mobile File Cabinet,Office Supplies,Storage & Organization,4,145.0,551.0,0.05,126.4,Central,Texas,Austin,UPI / Net Banking
ORD-2023-10946,2022-07-28,CUST-1298,Carol Smith,PROD-OFF-126,Desktop Document Organizer,Office Supplies,Storage & Organization,2,28.0,56.0,0.0,20.2,East,New York,Buffalo,PayPal
ORD-2023-10947,2022-07-05,CUST-1236,Daniel Martin,PROD-TEC-112,Smart Fitness Watch,Technology,Phones & Audio,4,149.0,596.0,0.0,159.88,Central,Texas,Houston,Debit Card
ORD-2022-10948,2024-06-25,CUST-1091,Christopher Young,PROD-OFF-126,Desktop Document Organizer,Office Supplies,Storage & Organization,1,28.0,16.8,0.4,-2.6,East,New York,Buffalo,Credit Card
ORD-2022-10949,2024-01-12,CUST-1270,Amanda Lopez,PROD-TEC-109,Noise Canceling Headphones,Technology,Phones & Audio,2,199.0,358.2,0.1,74.6,East,New York,New York City,PayPal
ORD-2024-10950,2022-02-14,CUST-1068,Amanda Ramirez,PROD-FUR-116,Electric Dual-Motor Standing Desk,Furniture,Desks & Tables,2,450.0,900.0,0.0,157.0,East,New York,New York City,Debit Card
ORD-2022-10951,2023-07-10,CUST-1377,Kenneth Davis,PROD-OFF-122,Executive Hardcover Notebook 3-Pack,Office Supplies,Paper & Stationary,1,24.0,18.0,0.25,2.0,South,Florida,Miami,Cash on Delivery
ORD-2023-10952,2023-05-06,CUST-1080,Sandra Smith,PROD-FUR-116,Electric Dual-Motor Standing Desk,Furniture,Desks & Tables,1,450.0,315.0,0.3,-58.0,West,California,Los Angeles,Credit Card
ORD-2024-10953,2022-10-31,CUST-1053,Dorothy Lee,PROD-HOM-133,Stainless Steel Chef Knife 8-Inch,Home & Kitchen,Cookware & Dining,1,45.0,45.0,0.0,16.25,Central,Texas,Dallas,Debit Card
ORD-2024-10954,2022-10-21,CUST-1116,Dorothy Brown,PROD-OFF-125,3-Drawer Mobile File Cabinet,Office Supplies,Storage & Organization,1,145.0,130.5,0.1,22.1,West,California,Los Angeles,Debit Card
ORD-2022-10955,2023-09-23,CUST-1171,John Flores,PROD-TEC-108,HD Pro Webcam 1080p,Technology,Accessories,2,65.0,110.5,0.15,24.9,South,Georgia,Atlanta,Debit Card
ORD-2024-10956,2022-12-09,CUST-1308,Emily Hill,PROD-TEC-112,Smart Fitness Watch,Technology,Phones & Audio,2,149.0,298.0,0.0,78.44,South,North Carolina,Charlotte,Credit Card
ORD-2022-10957,2022-10-05,CUST-1256,James King,PROD-OFF-124,Heavy-Duty Plastic Storage Bins 4-Pack,Office Supplies,Storage & Organization,1,55.0,55.0,0.0,18.0,West,California,San Diego,
ORD-2022-10958,2024-03-07,CUST-1336,Matthew Walker,PROD-TEC-110,True Wireless Earbuds,Technology,Phones & Audio,4,89.0,356.0,0.0,117.6,West,California,San Diego,PayPal
ORD-2022-10959,2023-08-15,CUST-1219,Lisa Williams,PROD-FUR-118,Solid Wood Conference Table,Furniture,Desks & Tables,4,850.0,3400.0,0.0,503.0,West,California,San Francisco,Credit Card
ORD-2023-10960,2023-05-08,CUST-1356,Thomas Harris,PROD-OFF-127,Professional Acrylic Paint Set,Office Supplies,Art & Craft,6,42.0,252.0,0.0,96.84,North,Wisconsin,Milwaukee,PayPal
ORD-2023-10961,2023-07-17,CUST-1255,John Ramirez,PROD-HOM-135,100% Organic Cotton Sheet Set Queen,Home & Kitchen,Bedding & Decor,2,85.0,170.0,0.0,59.6,West,Oregon,Portland,Debit Card
ORD-2024-10962,2023-08-15,CUST-1398,Dorothy Martinez,PROD-FUR-115,Adjustable Drafting Stool,Furniture,Chairs & Stools,1,110.0,99.0,0.1,12.5,North,Wisconsin,Milwaukee,Debit Card
ORD-2023-10963,2022-05-17,CUST-1057,William Thomas,PROD-TEC-104,24-Inch IPS FHD Monitor,Technology,Laptops & Monitors,3,180.0,540.0,0.0,156.0,West,California,San Diego,Credit Card
ORD-2024-10964,2023-03-08,CUST-1125,Jessica Walker,PROD-FUR-114,High-Back Leather Gaming Chair,Furniture,Chairs & Stools,3,290.0,652.5,0.25,-66.9,Central,Texas,Houston,Credit Card
ORD-2022-10965,2023-12-14,CUST-1218,John Martin,PROD-OFF-124,Heavy-Duty Plastic Storage Bins 4-Pack,Office Supplies,Storage & Organization,2,55.0,104.5,0.05,33.5,West,California,Los Angeles,UPI / Net Banking
ORD-2022-10966,2022-05-31,CUST-1188,Robert Thomas,PROD-TEC-110,True Wireless Earbuds,Technology,Phones & Audio,4,89.0,320.4,0.1,82.0,West,California,Los Angeles,Credit Card
ORD-2023-10967,2024-02-01,CUST-1072,Kimberly Taylor,PROD-HOM-134,Insulated Stainless Steel Tumbler 30oz,Home & Kitchen,Cookware & Dining,1,25.0,25.0,0.0,8.5,West,California,San Diego,PayPal
ORD-2022-10968,2022-06-09,CUST-1031,Richard Jones,PROD-TEC-103,27-Inch 4K UHD Monitor,Technology,Laptops & Monitors,3,350.0,1050.0,0.0,288.0,West,Oregon,Portland,Credit Card
ORD-2023-10969,2023-07-22,CUST-1365,Joseph Jones,PROD-FUR-117,Compact Computer Desk,Furniture,Desks & Tables,1,130.0,110.5,0.15,5.1,East,Pennsylvania,Philadelphia,Debit Card
ORD-2022-10970,2024-01-31,CUST-1109,Donald Davis,PROD-OFF-126,Desktop Document Organizer,Office Supplies,Storage & Organization,1,28.0,22.4,0.2,3.0,Central,Ohio,Columbus,Credit Card
ORD-2022-10971,2024-04-16,CUST-1355,Barbara Brown,PROD-HOM-130,Programmable Drip Coffee Maker,Home & Kitchen,Appliances,2,75.0,135.0,0.1,32.5,North,Minnesota,Minneapolis,Credit Card
ORD-2024-10972,2023-03-11,CUST-1100,William Walker,PROD-FUR-118,Solid Wood Conference Table,Furniture,Desks & Tables,5,850.0,3187.5,0.25,-433.0,North,Michigan,Detroit,Debit Card
ORD-2022-10973,2023-07-09,CUST-1055,Betty Robinson,PROD-TEC-105,Wireless Ergonomic Mouse,Technology,Accessories,3,35.0,99.75,0.05,30.75,South,Florida,Orlando,Debit Card
ORD-2022-10974,2022-09-04,CUST-1138,William Ramirez,PROD-TEC-106,Mechanical RGB Keyboard,Technology,Accessories,3,75.0,213.75,0.05,61.5,South,Florida,Miami,PayPal
ORD-2022-10975,2023-01-01,CUST-1385,Brian Thomas,PROD-FUR-119,5-Shelf Ladder Bookcase,Furniture,Bookcases,1,140.0,119.0,0.15,10.0,Central,Texas,Dallas,UPI / Net Banking
ORD-2024-10976,2022-04-10,CUST-1170,Donna Hill,PROD-OFF-127,Professional Acrylic Paint Set,Office Supplies,Art & Craft,2,42.0,84.0,0.0,30.28,North,Wisconsin,Milwaukee,Credit Card
ORD-2023-10977,2023-08-24,CUST-1445,Melissa Walker,PROD-TEC-103,27-Inch 4K UHD Monitor,Technology,Laptops & Monitors,4,350.0,1330.0,0.05,315.0,West,California,San Diego,Credit Card
ORD-2022-10978,2024-06-24,CUST-1111,Robert Perez,PROD-TEC-110,True Wireless Earbuds,Technology,Phones & Audio,2,89.0,178.0,0.0,57.3,East,New York,Buffalo,Credit Card
ORD-2023-10979,2023-04-04,CUST-1403,Deborah Walker,PROD-TEC-109,Noise Canceling Headphones,Technology,Phones & Audio,1,199.0,119.4,0.4,-23.9,North,Minnesota,Minneapolis,Credit Card
ORD-2024-10980,2023-02-01,CUST-1123,William Torres,PROD-FUR-114,High-Back Leather Gaming Chair,Furniture,Chairs & Stools,3,290.0,870.0,0.0,150.6,Central,Ohio,Columbus,PayPal
ORD-2022-10981,2022-05-27,CUST-1393,Carol Perez,PROD-FUR-120,Modern Modular Bookshelf,Furniture,Bookcases,6,210.0,1197.0,0.05,205.2,South,Florida,Miami,Credit Card
ORD-2024-10982,2023-01-08,CUST-1181,Edward Jones,PROD-TEC-106,Mechanical RGB Keyboard,Technology,Accessories,10,75.0,750.0,0.0,249.5,Central,Illinois,Chicago,PayPal
ORD-2023-10983,2023-10-28,CUST-1072,Kimberly Taylor,PROD-TEC-108,HD Pro Webcam 1080p,Technology,Accessories,3,65.0,195.0,0.0,68.1,North,Wisconsin,Milwaukee,Credit Card
ORD-2024-10984,2022-05-13,CUST-1226,Jessica Hernandez,PROD-OFF-124,Heavy-Duty Plastic Storage Bins 4-Pack,Office Supplies,Storage & Organization,3,55.0,165.0,0.0,60.0,West,Oregon,Portland,Debit Card
ORD-2023-10985,2024-06-17,CUST-1449,Michael Gonzalez,PROD-TEC-103,27-Inch 4K UHD Monitor,Technology,Laptops & Monitors,2,350.0,700.0,0.0,191.0,East,New York,New York City,Debit Card
ORD-2023-10986,2023-01-20,CUST-1082,Paul Lopez,PROD-OFF-126,Desktop Document Organizer,Office Supplies,Storage & Organization,3,28.0,67.2,0.2,15.0,East,New York,New York City,Credit Card
ORD-2024-10987,2024-04-17,CUST-1239,Betty Perez,PROD-TEC-107,USB-C Multi-Port Hub,Technology,Accessories,1,45.0,45.0,0.0,16.25,Central,Illinois,Chicago,Debit Card
ORD-2023-10988,2022-12-03,CUST-1034,Jennifer Anderson,PROD-OFF-121,Premium Multipurpose Copy Paper 5 Reams,Office Supplies,Paper & Stationary,1,38.0,38.0,0.0,13.1,East,Pennsylvania,Philadelphia,UPI / Net Banking
ORD-2022-10989,2023-07-13,CUST-1080,Sandra Smith,PROD-HOM-131,Compact HEPA Air Purifier,Home & Kitchen,Appliances,8,130.0,1040.0,0.0,280.2,East,New York,Buffalo,UPI / Net Banking
ORD-2023-10990,2024-03-19,CUST-1221,Amanda Thomas,PROD-HOM-131,Compact HEPA Air Purifier,Home & Kitchen,Appliances,5,130.0,617.5,0.05,141.5,East,New York,Buffalo,Credit Card
ORD-2024-10991,2022-06-30,CUST-1043,Steven Thomas,PROD-TEC-110,True Wireless Earbuds,Technology,Phones & Audio,2,89.0,178.0,0.0,57.3,East,New York,New York City,Debit Card
ORD-2022-10992,2023-11-17,CUST-1133,Patricia Sanchez,PROD-TEC-112,Smart Fitness Watch,Technology,Phones & Audio,1,149.0,126.65,0.15,15.37,West,California,Los Angeles,Credit Card
ORD-2023-10993,2023-03-06,CUST-1247,Thomas Williams,PROD-HOM-131,Compact HEPA Air Purifier,Home & Kitchen,Appliances,2,130.0,260.0,0.0,67.8,North,Wisconsin,Milwaukee,Debit Card
ORD-2023-10994,2024-04-22,CUST-1006,Jennifer Nguyen,PROD-HOM-136,Weighted Cooling Blanket 15lbs,Home & Kitchen,Bedding & Decor,1,95.0,85.5,0.1,19.75,West,Oregon,Portland,UPI / Net Banking
ORD-2024-10995,2024-01-31,CUST-1423,Ashley Scott,PROD-OFF-121,Premium Multipurpose Copy Paper 5 Reams,Office Supplies,Paper & Stationary,2,38.0,72.2,0.05,25.4,East,New York,New York City,Debit Card
ORD-2024-10996,2023-02-21,CUST-1135,Michael Thomas,PROD-HOM-134,Insulated Stainless Steel Tumbler 30oz,Home & Kitchen,Cookware & Dining,4,25.0,85.0,0.15,28.0,East,New York,New York City,Credit Card
ORD-2024-10997,2022-04-10,CUST-1019,Elizabeth Wilson,PROD-FUR-114,High-Back Leather Gaming Chair,Furniture,Chairs & Stools,4,290.0,870.0,0.25,-88.2,East,New York,Buffalo,Debit Card
ORD-2022-10998,2023-11-27,CUST-1296,Ashley Sanchez,PROD-TEC-101,ProBook 15.6 Inch Laptop,Technology,Laptops & Monitors,1,850.0,680.0,0.2,13.0,East,Pennsylvania,Philadelphia,Credit Card
ORD-2024-10999,2023-05-27,CUST-1333,Matthew Nguyen,PROD-HOM-130,Programmable Drip Coffee Maker,Home & Kitchen,Appliances,3,75.0,225.0,0.0,72.75,West,Washington,Seattle,Debit Card
ORD-2022-11000,2022-06-30,CUST-1235,Richard Robinson,PROD-OFF-128,Precision Cutting Mat & Knife Set,Office Supplies,Art & Craft,1,22.0,22.0,0.0,6.56,West,California,San Diego,Credit Card
ORD-2024-11001,2023-11-28,CUST-1224,Anthony Flores,PROD-FUR-119,5-Shelf Ladder Bookcase,Furniture,Bookcases,2,140.0,238.0,0.15,23.0,South,Florida,Miami,Credit Card
ORD-2023-11002,2022-04-17,CUST-1255,John Ramirez,PROD-HOM-135,100% Organic Cotton Sheet Set Queen,Home & Kitchen,Bedding & Decor,1,85.0,85.0,0.0,28.3,West,California,Los Angeles,Debit Card
ORD-2022-11003,2022-08-17,CUST-1398,Dorothy Martinez,PROD-HOM-130,Programmable Drip Coffee Maker,Home & Kitchen,Appliances,3,75.0,225.0,0.0,72.75,East,Massachusetts,Boston,Credit Card
ORD-2023-11004,2023-02-27,CUST-1421,Jennifer Thomas,PROD-OFF-126,Desktop Document Organizer,Office Supplies,Storage & Organization,3,28.0,84.0,0.0,31.8,Central,Illinois,Chicago,Credit Card
ORD-2023-11005,2024-05-08,CUST-1408, Sarah Lewis ,PROD-OFF-127,Professional Acrylic Paint Set,Office Supplies,Art & Craft,5,42.0,168.0,0.2,38.2,West,California,San Francisco,Credit Card
ORD-2024-11006,2024-04-19,CUST-1380,Donna Johnson,PROD-OFF-121,Premium Multipurpose Copy Paper 5 Reams,Office Supplies,Paper & Stationary,2,38.0,76.0,0.0,29.2,Central,Texas,Austin,PayPal
ORD-2024-11007,2023-10-22,CUST-1202,Paul Young,PROD-TEC-104,24-Inch IPS FHD Monitor,Technology,Laptops & Monitors,3,180.0,459.0,0.15,75.0,West,Oregon,Portland,Credit Card
ORD-2023-11008,2023-06-14,CUST-1082,Paul Lopez,PROD-OFF-128,Precision Cutting Mat & Knife Set,Office Supplies,Art & Craft,3,22.0,66.0,0.0,25.68,Central,Texas,Houston,Credit Card
ORD-2024-11009,2022-09-24,CUST-1429,Joseph Sanchez,PROD-HOM-136,Weighted Cooling Blanket 15lbs,Home & Kitchen,Bedding & Decor,1,95.0,47.5,0.5,-18.25,East,New York,Buffalo,Cash on Delivery
ORD-2024-11010,2022-06-06,CUST-1015,Sarah Smith,PROD-HOM-135,100% Organic Cotton Sheet Set Queen,Home & Kitchen,Bedding & Decor,8,85.0,578.0,0.15,145.4,Central,Illinois,Chicago,Debit Card
ORD-2023-11011,2022-07-11,CUST-1123,William Torres,PROD-FUR-115,Adjustable Drafting Stool,Furniture,Chairs & Stools,4,110.0,440.0,0.0,103.0,West,California,San Diego,Debit Card
ORD-2023-11012,2023-11-07,CUST-1027,Matthew Garcia,PROD-FUR-118,Solid Wood Conference Table,Furniture,Desks & Tables,2,850.0,1615.0,0.05,165.0,West,California,Los Angeles,Debit Card
ORD-2023-11013,2023-09-03,CUST-1063,Joseph Rodriguez,PROD-TEC-107,USB-C Multi-Port Hub,Technology,Accessories,4,45.0,180.0,0.0,74.0,North,Michigan,Detroit,PayPal
ORD-2022-11014,2023-02-05,CUST-1052,Susan Torres,PROD-HOM-132,Non-Stick Ceramic Cookware 10-Piece,Home & Kitchen,Cookware & Dining,4,180.0,684.0,0.05,187.4,South,Florida,Miami,Credit Card
ORD-2023-11015,2023-10-11,CUST-1231,Sarah Hernandez,PROD-TEC-111,Bluetooth Conference Speaker,Technology,Phones & Audio,4,120.0,480.0,0.0,146.6,South,Florida,Orlando,Cash on Delivery
ORD-2022-11016,2022-12-18,CUST-1178,Betty Rodriguez,PROD-HOM-131,Compact HEPA Air Purifier,Home & Kitchen,Appliances,1,130.0,130.0,0.0,32.4,South,Florida,Miami,Credit Card
ORD-2022-11017,2023-06-15,CUST-1263,Paul Martin,PROD-TEC-110,True Wireless Earbuds,Technology,Phones & Audio,4,89.0,356.0,0.0,117.6,East,New York,Buffalo,Cash on Delivery
ORD-2024-11018,2023-12-10,CUST-1065,Jennifer Brown,PROD-FUR-118,Solid Wood Conference Table,Furniture,Desks & Tables,3,850.0,2167.5,0.15,-6.0,West,California,San Diego,PayPal
ORD-2024-11019,2024-04-08,CUST-1254,Richard Taylor,PROD-OFF-128,Precision Cutting Mat & Knife Set,Office Supplies,Art & Craft,2,22.0,39.6,0.1,11.72,Central,Ohio,Columbus,Debit Card
ORD-2024-11020,2022-10-15,CUST-1202,Paul Young,PROD-TEC-107,USB-C Multi-Port Hub,Technology,Accessories,2,45.0,90.0,0.0,35.5,South,Georgia,Atlanta,Credit Card
ORD-2024-11021,2024-02-05,CUST-1140,Sandra Thomas,PROD-OFF-121,Premium Multipurpose Copy Paper 5 Reams,Office Supplies,Paper & Stationary,3,38.0,114.0,0.0,45.3,Central,Ohio,Columbus,PayPal
ORD-2022-11022,2023-04-06,CUST-1086,Kenneth Gonzalez,PROD-TEC-103,27-Inch 4K UHD Monitor,Technology,Laptops & Monitors,1,350.0,350.0,0.0,94.0,East,Pennsylvania,Philadelphia,Debit Card
ORD-2023-11023,2023-02-12,CUST-1016,Edward Hernandez,PROD-TEC-108,HD Pro Webcam 1080p,Technology,Accessories,4,65.0,260.0,0.0,91.8,South,Florida,Orlando,Credit Card
ORD-2023-11024,2023-01-16,CUST-1075, Amanda Wright ,PROD-OFF-121,Premium Multipurpose Copy Paper 5 Reams,Office Supplies,Paper & Stationary,2,38.0,57.0,0.25,10.2,West,California,Los Angeles,Debit Card
ORD-2023-11025,2022-08-27,CUST-1288,Joseph Gonzalez,PROD-TEC-105,Wireless Ergonomic Mouse,Technology,Accessories,1,35.0,35.0,0.0,10.0,West,Washington,Seattle,Credit Card
ORD-2024-11026,2022-03-18,CUST-1294,Joshua Torres,PROD-OFF-127,Professional Acrylic Paint Set,Office Supplies,Art & Craft,3,42.0,119.7,0.05,40.62,Central,Texas,Dallas,Credit Card
ORD-2023-11027,2023-03-08,CUST-1062,Betty White,PROD-TEC-108,HD Pro Webcam 1080p,Technology,Accessories,1,65.0,58.5,0.1,14.2,North,Minnesota,Minneapolis,Credit Card
ORD-2024-11028,2024-03-13,CUST-1439,Thomas Anderson,PROD-TEC-101,ProBook 15.6 Inch Laptop,Technology,Laptops & Monitors,5,850.0,4037.5,0.05,714.5,Central,Texas,Dallas,Debit Card
ORD-2022-11029,2022-12-12,CUST-1331,Anthony Brown,PROD-TEC-102,UltraSlim 14 Inch Notebook,Technology,Laptops & Monitors,1,1100.0,1100.0,0.0,271.0,Central,Illinois,Chicago,Credit Card
ORD-2023-11030,2023-02-14,CUST-1041,Brian Jones,PROD-HOM-136,Weighted Cooling Blanket 15lbs,Home & Kitchen,Bedding & Decor,5,95.0,451.25,0.05,134.5,East,Pennsylvania,Philadelphia,PayPal
ORD-2024-11031,2022-05-05,CUST-1432,Lisa Walker,PROD-OFF-124,Heavy-Duty Plastic Storage Bins 4-Pack,Office Supplies,Storage & Organization,1,55.0,52.25,0.05,15.25,Central,Ohio,Columbus,UPI / Net Banking
ORD-2024-11032,2024-01-12,CUST-1224,Anthony Flores,PROD-FUR-115,Adjustable Drafting Stool,Furniture,Chairs & Stools,4,110.0,396.0,0.1,59.0,Central,Texas,Houston,UPI / Net Banking
ORD-2022-11033,2023-12-06,CUST-1445,Melissa Walker,PROD-TEC-104,24-Inch IPS FHD Monitor,Technology,Laptops & Monitors,1,180.0,180.0,0.0,50.0,West,California,San Diego,Credit Card
ORD-2024-11034,2023-09-20,CUST-1406,Sarah Lee,PROD-OFF-125,3-Drawer Mobile File Cabinet,Office Supplies,Storage & Organization,3,145.0,391.5,0.1,72.3,Central,Texas,Austin,Credit Card
ORD-2022-11035,2024-02-11,CUST-1300,Deborah Ramirez,PROD-OFF-127,Professional Acrylic Paint Set,Office Supplies,Art & Craft,3,42.0,126.0,0.0,46.92,Central,Texas,Dallas,Debit Card
ORD-2023-11036,2022-11-26,CUST-1396,Margaret White,PROD-HOM-131,Compact HEPA Air Purifier,Home & Kitchen,Appliances,1,130.0,130.0,0.0,32.4,East,New York,Buffalo,UPI / Net Banking
ORD-2022-11037,2023-11-07,CUST-1332,Susan Clark,PROD-FUR-114,High-Back Leather Gaming Chair,Furniture,Chairs & Stools,5,290.0,1305.0,0.1,108.0,East,New York,New York City,Debit Card
ORD-2023-11038,2022-07-12,CUST-1250,George Lee,PROD-TEC-107,USB-C Multi-Port Hub,Technology,Accessories,3,45.0,114.75,0.15,34.5,East,Pennsylvania,Philadelphia,Credit Card
ORD-2023-11039,2023-12-27,CUST-1233,Matthew Williams,PROD-TEC-110,True Wireless Earbuds,Technology,Phones & Audio,3,89.0,267.0,0.0,87.45,West,Oregon,Portland,Credit Card
ORD-2024-11040,2023-06-10,CUST-1104,Susan Wright,PROD-OFF-126,Desktop Document Organizer,Office Supplies,Storage & Organization,2,28.0,44.8,0.2,9.0,North,Michigan,Detroit,Debit Card
ORD-2022-11041,2022-05-31,CUST-1237,Joseph Anderson,PROD-TEC-107,USB-C Multi-Port Hub,Technology,Accessories,2,45.0,90.0,0.0,35.5,Central,Illinois,Chicago,Credit Card
ORD-2023-11042,2022-12-27,CUST-1136,Richard Gonzalez,PROD-TEC-108,HD Pro Webcam 1080p,Technology,Accessories,3,65.0,195.0,0.0,68.1,East,New York,New York City,Credit Card
ORD-2023-11043,2022-10-07,CUST-1190,David Lewis,PROD-TEC-107,USB-C Multi-Port Hub,Technology,Accessories,1,45.0,45.0,0.0,16.25,East,New York,New York City,Cash on Delivery
ORD-2024-11044,2022-10-10,CUST-1272,Karen Sanchez,PROD-HOM-132,Non-Stick Ceramic Cookware 10-Piece,Home & Kitchen,Cookware & Dining,2,180.0,342.0,0.05,92.2,South,North Carolina,Charlotte,Cash on Delivery
ORD-2022-11045,2023-08-13,CUST-1137,Steven Lewis,PROD-FUR-116,Electric Dual-Motor Standing Desk,Furniture,Desks & Tables,2,450.0,765.0,0.15,22.0,West,California,Los Angeles,Credit Card
ORD-2023-11046,2022-04-14,CUST-1113,Emily Anderson,PROD-FUR-118,Solid Wood Conference Table,Furniture,Desks & Tables,2,850.0,1530.0,0.1,80.0,Central,Texas,Dallas,Credit Card
ORD-2024-11047,2022-01-04,CUST-1049,Joseph Williams,PROD-TEC-112,Smart Fitness Watch,Technology,Phones & Audio,1,149.0,134.1,0.1,22.82,East,Massachusetts,Boston,Debit Card
ORD-2022-11048,2022-07-11,CUST-1171,John Flores,PROD-HOM-130,Programmable Drip Coffee Maker,Home & Kitchen,Appliances,3,75.0,202.5,0.1,50.25,South,Florida,Orlando,UPI / Net Banking
ORD-2022-11049,2022/06/24,CUST-1348,Sandra Rodriguez,PROD-TEC-101,ProBook 15.6 Inch Laptop,Technology,Laptops & Monitors,2,850.0,1530.0,0.1,199.0,Central,Ohio,Columbus,Credit Card
ORD-2022-11050,2024-04-18,CUST-1009,Susan Anderson,PROD-FUR-119,5-Shelf Ladder Bookcase,Furniture,Bookcases,1,140.0,140.0,0.0,31.0,West,California,San Francisco,Debit Card
ORD-2024-11051,2022-12-10,CUST-1232,Brian Miller,PROD-HOM-132,Non-Stick Ceramic Cookware 10-Piece,Home & Kitchen,Cookware & Dining,4,180.0,720.0,0.0,223.4,East,Pennsylvania,Philadelphia,Cash on Delivery
ORD-2023-11052,2022-11-05,CUST-1364,Patricia Thompson,PROD-OFF-122,Executive Hardcover Notebook 3-Pack,Office Supplies,Paper & Stationary,1,24.0,22.8,0.05,6.8,Central,Ohio,Columbus,Debit Card
ORD-2024-11053,2023-06-16,CUST-1373,Andrew Wilson,PROD-TEC-102,UltraSlim 14 Inch Notebook,Technology,Laptops & Monitors,1,1100.0,1100.0,0.0,271.0,East,New York,Buffalo,Debit Card
ORD-2022-11054,2023-08-15,CUST-1380,Donna Johnson,PROD-OFF-128,Precision Cutting Mat & Knife Set,Office Supplies,Art & Craft,2,22.0,44.0,0.0,16.12,Central,Texas,Austin,PayPal
ORD-2023-11055,2024-06-17,CUST-1321,Jessica Moore,PROD-HOM-135,100% Organic Cotton Sheet Set Queen,Home & Kitchen,Bedding & Decor,1,85.0,80.75,0.05,24.05,Central,Texas,Dallas,Credit Card
ORD-2023-11056,2023-02-05,CUST-1302,Brian King,PROD-OFF-127,Professional Acrylic Paint Set,Office Supplies,Art & Craft,1,42.0,37.8,0.1,9.44,South,Georgia,Atlanta,PayPal
ORD-2023-11057,2024-03-25,CUST-1233,Matthew Williams,PROD-OFF-123,Gel Ink Pens Box of 24,Office Supplies,Paper & Stationary,2,15.0,27.0,0.1,8.5,West,California,San Diego  ,Debit Card
ORD-2024-11058,2022-10-24,CUST-1320,Robert Jackson,PROD-HOM-136,Weighted Cooling Blanket 15lbs,Home & Kitchen,Bedding & Decor,2,95.0,190.0,0.0,61.5,Central,Texas,Houston,Debit Card
ORD-2023-11059,2024-04-25,CUST-1304,Emily Thomas,PROD-TEC-108,HD Pro Webcam 1080p,Technology,Accessories,2,65.0,97.5,0.25,11.9,East,New York,New York City  ,Credit Card
ORD-2022-11060,2022-12-25,CUST-1450,Charles Anderson,PROD-FUR-119,5-Shelf Ladder Bookcase,Furniture,Bookcases,1,140.0,119.0,0.15,10.0,Central,Ohio,Columbus,Credit Card
ORD-2024-11061,2022-07-21,CUST-1222,Kevin Miller,PROD-TEC-106,Mechanical RGB Keyboard,Technology,Accessories,3,75.0,225.0,0.0,72.75,South,Georgia,Atlanta,Debit Card
ORD-2023-11062,2023-02-13,CUST-1051,Sarah Jones,PROD-FUR-117,Compact Computer Desk,Furniture,Desks & Tables,2,130.0,195.0,0.25,-12.8,West,California,San Diego,Credit Card
ORD-2022-11063,2023-12-01,CUST-1394,James Clark,PROD-FUR-113,Ergonomic Executive Mesh Chair,Furniture,Chairs & Stools,2,240.0,336.0,0.3,-53.0,West,California,San Diego,Credit Card
ORD-2024-11064,2023-04-18,CUST-1280,Paul Walker,PROD-TEC-112,Smart Fitness Watch,Technology,Phones & Audio,1,149.0,141.55,0.05,30.27,East,Massachusetts,Boston,PayPal
ORD-2024-11065,2023-12-03,CUST-1365,Joseph Jones,PROD-OFF-123,Gel Ink Pens Box of 24,Office Supplies,Paper & Stationary,10,15.0,142.5,0.05,62.0,West,Washington,Seattle,Debit Card
ORD-2022-11066,2024-02-25,CUST-1216,Emily Martinez,PROD-TEC-106,Mechanical RGB Keyboard,Technology,Accessories,1,75.0,60.0,0.2,7.25,West,California,San Francisco,Credit Card
ORD-2024-11067,2023-08-03,CUST-1450,Charles Anderson,PROD-FUR-119,5-Shelf Ladder Bookcase,Furniture,Bookcases,3,140.0,399.0,0.05,78.0,Central,Illinois,Chicago,Credit Card
ORD-2024-11068,2023-04-17,CUST-1430,Brian Thomas,PROD-TEC-104,24-Inch IPS FHD Monitor,Technology,Laptops & Monitors,4,180.0,540.0,0.25,29.0,Central,Illinois,Chicago,Cash on Delivery
ORD-2023-11069,2023-08-03,CUST-1247,Thomas Williams,PROD-OFF-122,Executive Hardcover Notebook 3-Pack,Office Supplies,Paper & Stationary,1,24.0,22.8,0.05,6.8,Central,Illinois,Chicago,Debit Card
ORD-2024-11070,2022-05-28,CUST-1288,Joseph Gonzalez,PROD-HOM-132,Non-Stick Ceramic Cookware 10-Piece,Home & Kitchen,Cookware & Dining,2,180.0,360.0,0.0,110.2,East,New York,Buffalo,Credit Card
ORD-2022-11071,2024-04-04,CUST-1249,Margaret Thompson,PROD-FUR-113,Ergonomic Executive Mesh Chair,Furniture,Chairs & Stools,1,240.0,216.0,0.1,20.0,East,New York,New York City,Credit Card
ORD-2022-11072,2023-05-01,CUST-1013,Anthony Anderson,PROD-HOM-133,Stainless Steel Chef Knife 8-Inch,Home & Kitchen,Cookware & Dining,2,45.0,85.5,0.05,31.0,South,North Carolina,Charlotte,Debit Card
ORD-2022-11073,2024-05-11,CUST-1435,Melissa Scott,PROD-HOM-135,100% Organic Cotton Sheet Set Queen,Home & Kitchen,Bedding & Decor,1,85.0,72.25,0.15,15.55,Central,Texas,Austin,Credit Card
ORD-2024-11074,2022-01-23,CUST-1095,Jessica Torres,PROD-TEC-110,True Wireless Earbuds,Technology,Phones & Audio,2,89.0,142.4,0.2,21.7,West,California,San Francisco,Credit Card
ORD-2024-11075,2022-04-13,CUST-1302,Brian King,PROD-HOM-132,Non-Stick Ceramic Cookware 10-Piece,Home & Kitchen,Cookware & Dining,1,180.0,180.0,0.0,53.6,West,California,San Diego,Debit Card
ORD-2023-11076,2022-06-01,CUST-1015,Sarah Smith,PROD-FUR-119,5-Shelf Ladder Bookcase,Furniture,Bookcases,1,140.0,105.0,0.25,-4.0,South,North Carolina,Charlotte,Debit Card
ORD-2024-11077,2023-09-27,CUST-1228,Mary Lopez,PROD-TEC-103,27-Inch 4K UHD Monitor,Technology,Laptops & Monitors,4,350.0,1400.0,0.0,385.0,West,California,San Diego,Debit Card
ORD-2023-11078,2023-05-28,CUST-1439,Thomas Anderson,PROD-HOM-133,Stainless Steel Chef Knife 8-Inch,Home & Kitchen,Cookware & Dining,4,45.0,153.0,0.15,47.0,West,California,San Francisco,UPI / Net Banking
ORD-2023-11079,2023-11-03,CUST-1369,Mary Flores,PROD-OFF-122,Executive Hardcover Notebook 3-Pack,Office Supplies,Paper & Stationary,1,24.0,19.2,0.2,3.2,North,Minnesota,Minneapolis,Credit Card
ORD-2023-11080,2022-03-11,CUST-1430,Brian Thomas,PROD-HOM-131,Compact HEPA Air Purifier,Home & Kitchen,Appliances,3,130.0,390.0,0.0,103.2,West,Washington,Seattle,Debit Card
ORD-2024-11081,2023-06-23,CUST-1133,Patricia Sanchez,PROD-TEC-109,Noise Canceling Headphones,Technology,Phones & Audio,2,199.0,298.5,0.25,14.9,Central,Texas,Austin,Debit Card
ORD-2022-11082,2024-05-22,CUST-1376,David Hill,PROD-TEC-111,Bluetooth Conference Speaker,Technology,Phones & Audio,4,120.0,336.0,0.3,2.6,East,New York,Buffalo,Cash on Delivery
ORD-2024-11083,2024-03-25,CUST-1122,Susan Wright,PROD-TEC-107,USB-C Multi-Port Hub,Technology,Accessories,1,45.0,38.25,0.15,9.5,West,California,San Francisco,Credit Card
ORD-2023-11084,2022-04-28,CUST-1020,Edward Perez,PROD-TEC-105,Wireless Ergonomic Mouse,Technology,Accessories,2,35.0,63.0,0.1,16.0,West,Washington,Seattle,Credit Card
ORD-2024-11085,2023-04-06,CUST-1194,Karen Miller,PROD-TEC-109,Noise Canceling Headphones,Technology,Phones & Audio,2,199.0,318.4,0.2,34.8,West,Oregon,Portland,Credit Card
ORD-2024-11086,2022-06-15,CUST-1223,Daniel Scott,PROD-HOM-134,Insulated Stainless Steel Tumbler 30oz,Home & Kitchen,Cookware & Dining,2,25.0,50.0,0.0,20.0,South,Florida,Orlando,PayPal
ORD-2022-11087,2022-01-06,CUST-1185,Steven Wilson,PROD-OFF-127,Professional Acrylic Paint Set,Office Supplies,Art & Craft,2,42.0,84.0,0.0,30.28,South,Florida,Miami,Debit Card
ORD-2022-11088,2024-05-02,CUST-1107,Betty White,PROD-HOM-131,Compact HEPA Air Purifier,Home & Kitchen,Appliances,4,130.0,468.0,0.1,86.6,South,Georgia,Atlanta,Debit Card
ORD-2024-11089,2023-01-21,CUST-1448,Kenneth Jackson,PROD-TEC-105,Wireless Ergonomic Mouse,Technology,Accessories,2,35.0,49.0,0.3,2.0,Central,Ohio,Columbus,Debit Card
ORD-2024-11090,2023-07-08,CUST-1170,Donna Hill,PROD-TEC-102,UltraSlim 14 Inch Notebook,Technology,Laptops & Monitors,1,1100.0,990.0,0.1,161.0,Central,Texas,Houston,Credit Card
ORD-2022-11091,2022-10-22,CUST-1039,Daniel Wilson,PROD-HOM-135,100% Organic Cotton Sheet Set Queen,Home & Kitchen,Bedding & Decor,1,85.0,76.5,0.1,19.8,South,Florida,Orlando,Debit Card
ORD-2024-11092,2022-04-24,CUST-1299,Edward Miller,PROD-HOM-131,Compact HEPA Air Purifier,Home & Kitchen,Appliances,1,130.0,117.0,0.1,19.4,East,Pennsylvania,Philadelphia,Debit Card
ORD-2022-11093,2022-05-23,CUST-1105,Edward Gonzalez,PROD-HOM-136,Weighted Cooling Blanket 15lbs,Home & Kitchen,Bedding & Decor,1,95.0,95.0,0.0,29.25,East,Pennsylvania,Philadelphia,Credit Card
ORD-2024-11094,2023-09-17,CUST-1360,Sarah Clark,PROD-TEC-103,27-Inch 4K UHD Monitor,Technology,Laptops & Monitors,1,350.0,350.0,0.0,94.0,West,California,San Diego,Debit Card
ORD-2024-11095,2023-05-06,CUST-1067,Joshua Hernandez,PROD-FUR-118,Solid Wood Conference Table,Furniture,Desks & Tables,2,850.0,1445.0,0.15,-5.0,East,New York,New York City,Debit Card
ORD-2022-11096,2022-01-22,CUST-1029,Joshua Flores,PROD-TEC-102,UltraSlim 14 Inch Notebook,Technology,Laptops & Monitors,1,1100.0,1100.0,0.0,271.0,Central,Texas,Houston,Debit Card
ORD-2022-11097,2023-02-01,CUST-1393,Carol Perez,PROD-OFF-125,3-Drawer Mobile File Cabinet,Office Supplies,Storage & Organization,4,145.0,551.0,0.05,126.4,North,Wisconsin,Milwaukee,Credit Card
ORD-2024-11098,2023-01-12,CUST-1181,Edward Jones,PROD-FUR-113,Ergonomic Executive Mesh Chair,Furniture,Chairs & Stools,1,240.0,240.0,0.0,44.0,East,Pennsylvania,Philadelphia,Debit Card
ORD-2024-11099,2024-02-10,CUST-1414,Barbara Young,PROD-HOM-135,100% Organic Cotton Sheet Set Queen,Home & Kitchen,Bedding & Decor,3,85.0,255.0,0.0,90.9,North,Wisconsin,Milwaukee,UPI / Net Banking
ORD-2022-11100,2022-05-10,CUST-1225,Melissa Martinez,PROD-TEC-112,Smart Fitness Watch,Technology,Phones & Audio,1,149.0,149.0,0.0,37.72,East,Pennsylvania,Philadelphia,Credit Card
ORD-2024-11101,2023-02-12,CUST-1246,Barbara Nguyen,PROD-TEC-108,HD Pro Webcam 1080p,Technology,Accessories,1,65.0,61.75,0.05,17.45,East,New York,New York City,Credit Card
ORD-2022-11102,2023-03-31,CUST-1366,Deborah Williams,PROD-FUR-120,Modern Modular Bookshelf,Furniture,Bookcases,8,210.0,1512.0,0.1,190.6,North,Minnesota,Minneapolis,Credit Card
ORD-2024-11103,2023-07-09,CUST-1258,Lisa Ramirez,PROD-TEC-107,USB-C Multi-Port Hub,Technology,Accessories,2,45.0,85.5,0.05,31.0,East,New York,New York City,Credit Card
ORD-2022-11104,2024-05-11,CUST-1267,Emily Rodriguez,PROD-FUR-115,Adjustable Drafting Stool,Furniture,Chairs & Stools,3,110.0,297.0,0.1,43.5,West,California,San Diego,Debit Card
ORD-2022-11105,2023-12-17,CUST-1226,Jessica Hernandez,PROD-HOM-130,Programmable Drip Coffee Maker,Home & Kitchen,Appliances,2,75.0,150.0,0.0,47.5,West,California,Los Angeles,Credit Card
ORD-2022-11106,2022-03-03,CUST-1143,Patricia Wright,PROD-OFF-125,3-Drawer Mobile File Cabinet,Office Supplies,Storage & Organization,1,145.0,101.5,0.3,-6.9,Central,Texas,Dallas,PayPal
ORD-2024-11107,2023-03-18,CUST-1273,Emily Smith,PROD-TEC-104,24-Inch IPS FHD Monitor,Technology,Laptops & Monitors,1,180.0,180.0,0.0,50.0,East,Pennsylvania,Philadelphia,Credit Card
ORD-2023-11108,2024-04-28,CUST-1135,Michael Thomas,PROD-FUR-114,High-Back Leather Gaming Chair,Furniture,Chairs & Stools,1,290.0,246.5,0.15,4.7,Central,Illinois,Chicago,Debit Card
ORD-2024-11109,2024-02-10,CUST-1030,Lisa Torres,PROD-TEC-107,USB-C Multi-Port Hub,Technology,Accessories,2,45.0,67.5,0.25,13.0,East,Massachusetts,Boston,Credit Card
ORD-2023-11110,2023-08-10,CUST-1369,Mary Flores,PROD-HOM-134,Insulated Stainless Steel Tumbler 30oz,Home & Kitchen,Cookware & Dining,1,25.0,21.25,0.15,4.75,North,Minnesota,Minneapolis,Credit Card
ORD-2022-11111,2022-10-15,CUST-1410,Andrew Flores,PROD-FUR-118,Solid Wood Conference Table,Furniture,Desks & Tables,4,850.0,2890.0,0.15,-7.0,East,New York,New York City,Credit Card
ORD-2023-11112,2023-01-06,CUST-1138,William Ramirez,PROD-FUR-117,Compact Computer Desk,Furniture,Desks & Tables,2,130.0,156.0,0.4,-51.8,East,New York,New York City,PayPal
ORD-2023-11113,2022-01-18,CUST-1226,Jessica Hernandez,PROD-TEC-101,ProBook 15.6 Inch Laptop,Technology,Laptops & Monitors,1,850.0,765.0,0.1,98.0,West,Washington,Seattle,Debit Card
ORD-2024-11114,2022-03-23,CUST-1142,Emily Miller,PROD-HOM-136,Weighted Cooling Blanket 15lbs,Home & Kitchen,Bedding & Decor,4,95.0,323.0,0.15,69.0,South,Georgia,Atlanta,Credit Card
ORD-2023-11115,2022-05-11,CUST-1117,Joseph Jones,PROD-TEC-112,Smart Fitness Watch,Technology,Phones & Audio,3,149.0,447.0,0.0,119.16,West,California,San Francisco,Debit Card
ORD-2024-11116,2024-05-31,CUST-1226,Jessica Hernandez,PROD-OFF-121,Premium Multipurpose Copy Paper 5 Reams,Office Supplies,Paper & Stationary,2,38.0,72.2,0.05,25.4,North,Michigan,Detroit,Credit Card
ORD-2022-11117,2023-11-26,CUST-1433,Emily King,PROD-OFF-123,Gel Ink Pens Box of 24,Office Supplies,Paper & Stationary,3,15.0,45.0,0.0,18.75,East,New York,New York City,Credit Card
ORD-2022-11118,2022-07-28,CUST-1167,Amanda Thomas,PROD-OFF-124,Heavy-Duty Plastic Storage Bins 4-Pack,Office Supplies,Storage & Organization,6,55.0,264.0,0.2,57.0,North,Wisconsin,Milwaukee,Cash on Delivery
ORD-2023-11119,2022-12-10,CUST-1209,David Lewis,PROD-OFF-124,Heavy-Duty Plastic Storage Bins 4-Pack,Office Supplies,Storage & Organization,1,55.0,55.0,0.0,18.0,Central,Texas,Dallas,Debit Card
ORD-2022-11120,2023-08-29,CUST-1014,Donald Nguyen,PROD-TEC-107,USB-C Multi-Port Hub,Technology,Accessories,2,45.0,90.0,0.0,35.5,Central,Ohio,Columbus,Debit Card
ORD-2024-11121,2022-12-19,CUST-1111,Robert Perez,PROD-OFF-125,3-Drawer Mobile File Cabinet,Office Supplies,Storage & Organization,1,145.0,137.75,0.05,29.35,Central,Ohio,Columbus,Debit Card
ORD-2022-11122,2022-08-18,CUST-1290,John Thomas,PROD-HOM-133,Stainless Steel Chef Knife 8-Inch,Home & Kitchen,Cookware & Dining,1,45.0,40.5,0.1,11.75,East,Massachusetts,Boston,Credit Card
ORD-2024-11123,2023-06-22,CUST-1267,Emily Rodriguez,PROD-HOM-129,Digital Touchscreen Air Fryer 5.8Qt,Home & Kitchen,Appliances,4,110.0,418.0,0.05,103.0,West,California,San Diego,PayPal
ORD-2023-11124,2022-08-25,CUST-1234,Mark Anderson,PROD-OFF-121,Premium Multipurpose Copy Paper 5 Reams,Office Supplies,Paper & Stationary,2,38.0,64.6,0.15,17.8,South,Florida,Miami,Debit Card
ORD-2024-11125,2023-06-02,CUST-1040,Kevin Moore,PROD-OFF-124,Heavy-Duty Plastic Storage Bins 4-Pack,Office Supplies,Storage & Organization,2,55.0,110.0,0.0,39.0,West,Washington,Seattle,Debit Card
ORD-2022-11126,2023-07-05,CUST-1126,Anthony Gonzalez,PROD-OFF-127,Professional Acrylic Paint Set,Office Supplies,Art & Craft,2,42.0,79.8,0.05,26.08,West,Oregon,Portland,Credit Card
ORD-2023-11127,2023-03-08,CUST-1259,Robert Perez,PROD-TEC-110,True Wireless Earbuds,Technology,Phones & Audio,2,89.0,178.0,0.0,57.3,South,North Carolina,Charlotte,Credit Card
ORD-2022-11128,2023-03-05,CUST-1135,Michael Thomas,PROD-HOM-136,Weighted Cooling Blanket 15lbs,Home & Kitchen,Bedding & Decor,2,95.0,142.5,0.25,14.0,East,Massachusetts,Boston,Debit Card
ORD-2022-11129,2022-05-16,CUST-1264,Kevin Clark,PROD-HOM-134,Insulated Stainless Steel Tumbler 30oz,Home & Kitchen,Cookware & Dining,1,25.0,22.5,0.1,6.0,Central,Texas,Dallas,Debit Card
ORD-2022-11130,2022-12-11,CUST-1423,Ashley Scott,PROD-OFF-122,Executive Hardcover Notebook 3-Pack,Office Supplies,Paper & Stationary,2,24.0,38.4,0.2,9.4,East,New York,New York City,Credit Card
ORD-2023-11131,2023-10-08,CUST-1231,Sarah Hernandez,PROD-OFF-128,Precision Cutting Mat & Knife Set,Office Supplies,Art & Craft,4,22.0,83.6,0.05,30.84,South,Georgia,Atlanta,Debit Card
ORD-2024-11132,2022-03-27,CUST-1078,Linda Jackson,PROD-TEC-101,ProBook 15.6 Inch Laptop,Technology,Laptops & Monitors,4,850.0,3230.0,0.05,571.0,South,Georgia,Atlanta,UPI / Net Banking
ORD-2023-11133,2024-03-02,CUST-1050,Christopher Sanchez,PROD-FUR-115,Adjustable Drafting Stool,Furniture,Chairs & Stools,2,110.0,220.0,0.0,50.0,West,California,San Diego,Credit Card
ORD-2023-11134,2022-10-20,CUST-1166,Kenneth Jones,PROD-OFF-125,3-Drawer Mobile File Cabinet,Office Supplies,Storage & Organization,1,145.0,145.0,0.0,36.6,Central,Texas,Austin,Debit Card
ORD-2024-11135,2022-08-04,CUST-1221,Amanda Thomas,PROD-HOM-134,Insulated Stainless Steel Tumbler 30oz,Home & Kitchen,Cookware & Dining,2,25.0,45.0,0.1,15.0,East,Pennsylvania,Philadelphia,Credit Card
ORD-2023-11136,2023-05-14,CUST-1225,Melissa Martinez,PROD-FUR-115,Adjustable Drafting Stool,Furniture,Chairs & Stools,1,110.0,104.5,0.05,18.0,East,New York,Buffalo,Credit Card
ORD-2024-11137,2022-10-13,CUST-1073,Emily Smith,PROD-TEC-107,USB-C Multi-Port Hub,Technology,Accessories,2,45.0,76.5,0.15,22.0,East,New York,Buffalo,Debit Card
ORD-2024-11138,2023-07-05,CUST-1410,Andrew Flores,PROD-FUR-113,Ergonomic Executive Mesh Chair,Furniture,Chairs & Stools,3,240.0,612.0,0.15,30.0,North,Michigan,Detroit,Credit Card
ORD-2023-11139,2024-01-20,CUST-1228,Mary Lopez,PROD-HOM-134,Insulated Stainless Steel Tumbler 30oz,Home & Kitchen,Cookware & Dining,1,25.0,20.0,0.2,3.5,West,California,San Francisco,Debit Card
ORD-2023-11140,2024-06-29,CUST-1222,Kevin Miller,PROD-HOM-132,Non-Stick Ceramic Cookware 10-Piece,Home & Kitchen,Cookware & Dining,3,180.0,486.0,0.1,112.8,North,Minnesota,Minneapolis,Cash on Delivery
ORD-2022-11141,2024-02-02,CUST-1407,Jessica Garcia,PROD-FUR-115,Adjustable Drafting Stool,Furniture,Chairs & Stools,3,110.0,330.0,0.0,76.5,South,Florida,Miami,Credit Card
ORD-2022-11142,2023-12-25,CUST-1353,Jennifer Ramirez,PROD-OFF-121,Premium Multipurpose Copy Paper 5 Reams,Office Supplies,Paper & Stationary,1,38.0,30.4,0.2,5.5,West,California,Los Angeles,Credit Card
ORD-2024-11143,2024-05-07,CUST-1450,Charles Anderson,PROD-TEC-103,27-Inch 4K UHD Monitor,Technology,Laptops & Monitors,1,350.0,280.0,0.2,24.0,West,California,Los Angeles,PayPal
ORD-2023-11144,2022-06-05,CUST-1249,Margaret Thompson,PROD-TEC-112,Smart Fitness Watch,Technology,Phones & Audio,1,149.0,126.65,0.15,15.37,South,North Carolina,Charlotte,Credit Card
ORD-2024-11145,2022-08-08,CUST-1002,Mary Moore,PROD-OFF-128,Precision Cutting Mat & Knife Set,Office Supplies,Art & Craft,2,22.0,44.0,0.0,16.12,North,Michigan,Detroit,Debit Card
ORD-2024-11146,2023-01-25,CUST-1324,William Martinez,PROD-FUR-116,Electric Dual-Motor Standing Desk,Furniture,Desks & Tables,6,450.0,2700.0,0.0,477.0,South,Georgia,Atlanta,PayPal
ORD-2023-11147,2023-11-16,CUST-1249,Margaret Thompson,PROD-HOM-132,Non-Stick Ceramic Cookware 10-Piece,Home & Kitchen,Cookware & Dining,3,180.0,378.0,0.3,4.8,West,Washington,Seattle,Credit Card
ORD-2023-11148,2023-03-06,CUST-1229,Melissa Perez,PROD-OFF-121,Premium Multipurpose Copy Paper 5 Reams,Office Supplies,Paper & Stationary,3,38.0,102.6,0.1,33.9,Central,Texas,Houston,Credit Card
ORD-2024-11149,2023-02-12,CUST-1361,Thomas Garcia,PROD-TEC-109,Noise Canceling Headphones,Technology,Phones & Audio,2,199.0,398.0,0.0,114.4,West,Washington,Seattle,Debit Card
ORD-2023-11150,2023-06-04,CUST-1111,Robert Perez,PROD-OFF-127,Professional Acrylic Paint Set,Office Supplies,Art & Craft,3,42.0,126.0,0.0,46.92,West,California,Los Angeles,Credit Card
ORD-2023-11151,2023-02-13,CUST-1134,George Perez,PROD-TEC-104,24-Inch IPS FHD Monitor,Technology,Laptops & Monitors,1,180.0,153.0,0.15,23.0,North,Minnesota,Minneapolis,Credit Card
ORD-2022-11152,2023-08-10,CUST-1449,Michael Gonzalez,PROD-TEC-111,Bluetooth Conference Speaker,Technology,Phones & Audio,3,120.0,288.0,0.2,37.2,South,Florida,Orlando,Credit Card
ORD-2024-11153,2022-01-21,CUST-1370,Elizabeth Thomas,PROD-TEC-102,UltraSlim 14 Inch Notebook,Technology,Laptops & Monitors,6,1100.0,6600.0,0.0,1641.0,West,Washington,Seattle,Credit Card
ORD-2024-11154,2022-02-20,CUST-1266,Brian Jackson,PROD-FUR-114,High-Back Leather Gaming Chair,Furniture,Chairs & Stools,2,290.0,580.0,0.0,99.4,East,Pennsylvania,Philadelphia,Credit Card
ORD-2023-11155,2024-03-31,CUST-1083,Paul Miller,PROD-OFF-124,Heavy-Duty Plastic Storage Bins 4-Pack,Office Supplies,Storage & Organization,4,55.0,176.0,0.2,37.0,West,California,San Diego,UPI / Net Banking
ORD-2024-11156,2022-04-15,CUST-1257,Steven Gonzalez,PROD-OFF-126,Desktop Document Organizer,Office Supplies,Storage & Organization,4,28.0,95.2,0.15,26.6,East,Massachusetts,Boston,PayPal
ORD-2022-11157,2022-10-06,CUST-1384,Robert Nguyen,PROD-TEC-108,HD Pro Webcam 1080p,Technology,Accessories,6,65.0,351.0,0.1,100.2,West,Washington,Seattle,Debit Card
ORD-2022-11158,2023-06-01,CUST-1370, Elizabeth Thomas ,PROD-OFF-127,Professional Acrylic Paint Set,Office Supplies,Art & Craft,3,42.0,119.7,0.05,40.62,East,New York,New York City,Credit Card
ORD-2023-11159,2022-07-18,CUST-1426,Carol Young,PROD-FUR-120,Modern Modular Bookshelf,Furniture,Bookcases,4,210.0,672.0,0.2,9.8,East,Pennsylvania,Philadelphia,Cash on Delivery
ORD-2024-11160,2023-08-14,CUST-1242,Daniel Allen,PROD-OFF-125,3-Drawer Mobile File Cabinet,Office Supplies,Storage & Organization,1,145.0,130.5,0.1,22.1,South,Georgia,Atlanta,PayPal
ORD-2024-11161,2023-07-01,CUST-1260,Michelle Lee,PROD-FUR-116,Electric Dual-Motor Standing Desk,Furniture,Desks & Tables,6,450.0,2700.0,0.0,477.0,South,North Carolina,Charlotte,Credit Card
ORD-2022-11162,2023-04-09,CUST-1115,James Jones,PROD-TEC-102,UltraSlim 14 Inch Notebook,Technology,Laptops & Monitors,3,1100.0,2970.0,0.1,489.0,Central,Texas,Dallas,Credit Card
ORD-2022-11163,2024-04-09,CUST-1323,Steven Garcia,PROD-TEC-106,Mechanical RGB Keyboard,Technology,Accessories,4,75.0,300.0,0.0,98.0,East,New York,New York City,PayPal
ORD-2023-11164,2023-09-24,CUST-1430,Brian Thomas,PROD-HOM-131,Compact HEPA Air Purifier,Home & Kitchen,Appliances,2,130.0,221.0,0.15,28.8,West,Oregon,Portland,Credit Card
ORD-2023-11165,2024-01-29,CUST-1173,Kevin Nguyen,PROD-TEC-110,True Wireless Earbuds,Technology,Phones & Audio,4,89.0,338.2,0.05,99.8,East,New York,New York City,PayPal
ORD-2024-11166,2024-03-24,CUST-1251,Margaret Hill,PROD-HOM-135,100% Organic Cotton Sheet Set Queen,Home & Kitchen,Bedding & Decor,2,85.0,153.0,0.1,42.6,West,Washington,Seattle,PayPal
ORD-2024-11167,2024-01-21,CUST-1042,Kenneth Hernandez,PROD-TEC-107,USB-C Multi-Port Hub,Technology,Accessories,4,45.0,162.0,0.1,56.0,East,Massachusetts,Boston,UPI / Net Banking
ORD-2022-11168,2022-07-22,CUST-1225,Melissa Martinez,PROD-TEC-108,HD Pro Webcam 1080p,Technology,Accessories,3,65.0,175.5,0.1,48.6,West,California,Los Angeles,UPI / Net Banking
ORD-2024-11169,2023-03-05,CUST-1205,Sarah Williams,PROD-TEC-101,ProBook 15.6 Inch Laptop,Technology,Laptops & Monitors,3,850.0,2550.0,0.0,555.0,West,California,San Diego,UPI / Net Banking
ORD-2023-11170,2023-09-22,CUST-1191,Steven Martin,PROD-TEC-111,Bluetooth Conference Speaker,Technology,Phones & Audio,1,120.0,84.0,0.3,-1.6,Central,Texas,Houston,Debit Card
ORD-2024-11171,2022-09-15,CUST-1242,Daniel Allen,PROD-HOM-130,Programmable Drip Coffee Maker,Home & Kitchen,Appliances,1,75.0,75.0,0.0,22.25,North,Michigan,Detroit,Credit Card
ORD-2024-11172,2024-01-03,CUST-1425,Brian Walker,PROD-HOM-131,Compact HEPA Air Purifier,Home & Kitchen,Appliances,3,130.0,390.0,0.0,103.2,East,New York,New York City,Credit Card
ORD-2024-11173,2022-07-12,CUST-1103,Kenneth Ramirez,PROD-TEC-107,USB-C Multi-Port Hub,Technology,Accessories,2,45.0,54.0,0.4,-0.5,West,Oregon,Portland,Credit Card
ORD-2024-11174,2023-07-27,CUST-1116,Dorothy Brown,PROD-OFF-123,Gel Ink Pens Box of 24,Office Supplies,Paper & Stationary,1,15.0,14.25,0.05,3.5,West,California,Los Angeles,UPI / Net Banking
ORD-2023-11175,2023-01-12,CUST-1320,Robert Jackson,PROD-OFF-126,Desktop Document Organizer,Office Supplies,Storage & Organization,2,28.0,53.2,0.05,17.4,East,Pennsylvania,Philadelphia,Cash on Delivery
ORD-2022-11176,2022-10-14,CUST-1092,Mary Davis,PROD-FUR-117,Compact Computer Desk,Furniture,Desks & Tables,1,130.0,130.0,0.0,24.6,Central,Ohio,Columbus,Debit Card
ORD-2024-11177,2023-09-12,CUST-1142,Emily Miller,PROD-HOM-131,Compact HEPA Air Purifier,Home & Kitchen,Appliances,2,130.0,247.0,0.05,54.8,South,Florida,Orlando,Credit Card
ORD-2022-11178,2022-05-27,CUST-1085,Joshua Allen,PROD-HOM-131,Compact HEPA Air Purifier,Home & Kitchen,Appliances,4,130.0,468.0,0.1,86.6,West,California,Los Angeles,Debit Card
ORD-2024-11179,2023-04-29,CUST-1168,Betty Davis,PROD-FUR-120,Modern Modular Bookshelf,Furniture,Bookcases,1,210.0,178.5,0.15,10.7,West,Oregon,Portland,Credit Card
ORD-2023-11180,2022-11-16,CUST-1430,Brian Thomas,PROD-HOM-134,Insulated Stainless Steel Tumbler 30oz,Home & Kitchen,Cookware & Dining,2,25.0,25.0,0.5,-5.0,West,California,San Diego,UPI / Net Banking
ORD-2023-11181,2023-12-30,CUST-1074,Amanda Davis,PROD-OFF-128,Precision Cutting Mat & Knife Set,Office Supplies,Art & Craft,1,22.0,22.0,0.0,6.56,East,Massachusetts,Boston,Debit Card
ORD-2023-11182,2022-07-02,CUST-1013,Anthony Anderson,PROD-OFF-124,Heavy-Duty Plastic Storage Bins 4-Pack,Office Supplies,Storage & Organization,1,55.0,55.0,0.0,18.0,North,Minnesota,Minneapolis,UPI / Net Banking
ORD-2022-11183,2023-01-27,CUST-1192,Michelle King,PROD-TEC-112,Smart Fitness Watch,Technology,Phones & Audio,3,149.0,447.0,0.0,119.16,East,New York,New York City,Credit Card
ORD-2023-11184,2022-09-17,CUST-1258,Lisa Ramirez,PROD-TEC-101,ProBook 15.6 Inch Laptop,Technology,Laptops & Monitors,3,850.0,1912.5,0.25,-82.5,West,Oregon,Portland,Credit Card
ORD-2024-11185,2022-09-17,CUST-1141,Robert Lewis,PROD-TEC-104,24-Inch IPS FHD Monitor,Technology,Laptops & Monitors,2,180.0,360.0,0.0,103.0,West,Oregon,Portland,Debit Card
ORD-2023-11186,2022-06-27,CUST-1243,Betty Wright,PROD-HOM-135,100% Organic Cotton Sheet Set Queen,Home & Kitchen,Bedding & Decor,3,85.0,255.0,0.0,90.9,East,New York,New York City,Cash on Delivery
ORD-2022-11187,2022-03-26,CUST-1215,Lisa Nguyen,PROD-TEC-108,HD Pro Webcam 1080p,Technology,Accessories,1,65.0,65.0,0.0,20.7,East,New York,New York City,Credit Card
ORD-2022-11188,2023-11-02,CUST-1315,Edward Thomas,PROD-TEC-102,UltraSlim 14 Inch Notebook,Technology,Laptops & Monitors,2,1100.0,1870.0,0.15,215.0,West,California,San Diego,Debit Card
ORD-2024-11189,2024-01-10,CUST-1188,Robert Thomas,PROD-HOM-134,Insulated Stainless Steel Tumbler 30oz,Home & Kitchen,Cookware & Dining,3,25.0,71.25,0.05,27.75,South,Florida,Miami,UPI / Net Banking
ORD-2024-11190,2022-06-01,CUST-1374,Sandra Taylor,PROD-FUR-118,Solid Wood Conference Table,Furniture,Desks & Tables,1,850.0,722.5,0.15,-4.0,West,California,Los Angeles,Cash on Delivery
ORD-2024-11191,2024-02-04,CUST-1432,Lisa Walker,PROD-TEC-101,ProBook 15.6 Inch Laptop,Technology,Laptops & Monitors,2,850.0,1020.0,0.4,-311.0,South,Georgia,Atlanta,Credit Card
ORD-2024-11192,2023-04-20,CUST-1046,Joshua Scott,PROD-TEC-108,HD Pro Webcam 1080p,Technology,Accessories,2,65.0,65.0,0.5,-20.6,South,Florida,Miami,Credit Card
ORD-2022-11193,2024-03-18,CUST-1006,Jennifer Nguyen,PROD-FUR-114,High-Back Leather Gaming Chair,Furniture,Chairs & Stools,3,290.0,870.0,0.0,150.6,East,Pennsylvania,Philadelphia,Debit Card
ORD-2022-11194,2024-02-05,CUST-1387,Amanda Hill,PROD-TEC-109,Noise Canceling Headphones,Technology,Phones & Audio,1,199.0,169.15,0.15,25.85,West,California,San Diego,PayPal
ORD-2022-11195,2024-05-05,CUST-1097,George Young,PROD-FUR-118,Solid Wood Conference Table,Furniture,Desks & Tables,1,850.0,850.0,0.0,123.5,East,New York,Buffalo,Credit Card
ORD-2024-11196,2023-01-08,CUST-1179,Kevin Martin,PROD-HOM-134,Insulated Stainless Steel Tumbler 30oz,Home & Kitchen,Cookware & Dining,1,25.0,25.0,0.0,8.5,Central,Texas,Dallas,Credit Card
ORD-2022-11197,2023-07-05,CUST-1292,Deborah Jones,PROD-FUR-114,High-Back Leather Gaming Chair,Furniture,Chairs & Stools,2,290.0,580.0,0.0,99.4,South,North Carolina,Charlotte,UPI / Net Banking
ORD-2024-11198,2023-07-19,CUST-1425,Brian Walker,PROD-FUR-118,Solid Wood Conference Table,Furniture,Desks & Tables,2,850.0,1700.0,0.0,250.0,East,New York,New York City,Cash on Delivery
ORD-2024-11199,2023-11-06,CUST-1324,William Martinez,PROD-TEC-112,Smart Fitness Watch,Technology,Phones & Audio,1,149.0,149.0,0.0,37.72,West,Washington,Seattle,Credit Card
ORD-2022-11200,2022-11-27,CUST-1360,Sarah Clark,PROD-TEC-107,USB-C Multi-Port Hub,Technology,Accessories,1,45.0,38.25,0.15,9.5,East,Pennsylvania,Philadelphia  ,Debit Card
ORD-2022-11201,2022-07-11,CUST-1184,Michael Jones,PROD-FUR-120,Modern Modular Bookshelf,Furniture,Bookcases,1,210.0,210.0,0.0,42.2,North,Michigan,Detroit,Credit Card
ORD-2024-11202,2023-12-13,CUST-1223,Daniel Scott,PROD-OFF-126,Desktop Document Organizer,Office Supplies,Storage & Organization,4,28.0,106.4,0.05,37.8,East,Massachusetts,Boston,Cash on Delivery
ORD-2023-11203,2022-02-11,CUST-1450,Charles Anderson,PROD-FUR-115,Adjustable Drafting Stool,Furniture,Chairs & Stools,1,110.0,88.0,0.2,1.5,East,New York,New York City,UPI / Net Banking
ORD-2024-11204,2022-06-20,CUST-1154,Kevin Young,PROD-HOM-134,Insulated Stainless Steel Tumbler 30oz,Home & Kitchen,Cookware & Dining,1,25.0,23.75,0.05,7.25,South,Florida,Orlando,UPI / Net Banking
ORD-2022-11205,2022/04/03,CUST-1159,Patricia Lee,PROD-TEC-110,True Wireless Earbuds,Technology,Phones & Audio,5,89.0,378.25,0.15,81.0,South,Georgia,Atlanta,Credit Card
ORD-2023-11206,2022-11-11,CUST-1042,Kenneth Hernandez,PROD-TEC-112,Smart Fitness Watch,Technology,Phones & Audio,1,149.0,149.0,0.0,37.72,West,California,San Francisco,Credit Card
ORD-2023-11207,2022-01-06,CUST-1245,Linda Taylor,PROD-TEC-111,Bluetooth Conference Speaker,Technology,Phones & Audio,2,120.0,240.0,0.0,71.8,Central,Texas,Austin,Credit Card
ORD-2023-11208,2024-05-01,CUST-1238,Mary Gonzalez,PROD-FUR-116,Electric Dual-Motor Standing Desk,Furniture,Desks & Tables,1,450.0,427.5,0.05,54.5,South,Florida,Miami,PayPal
ORD-2023-11209,2024-04-19,CUST-1346,Kevin Sanchez,PROD-OFF-128,Precision Cutting Mat & Knife Set,Office Supplies,Art & Craft,3,22.0,66.0,0.0,25.68,Central,Ohio,Columbus,Credit Card
ORD-2022-11210,2024-06-25,CUST-1312,Donald Hernandez,PROD-TEC-112,Smart Fitness Watch,Technology,Phones & Audio,2,149.0,283.1,0.05,63.54,East,New York,Buffalo,Credit Card
ORD-2022-11211,2023-10-24,CUST-1118,John Perez,PROD-TEC-109,Noise Canceling Headphones,Technology,Phones & Audio,6,199.0,835.8,0.3,-9.0,West,Washington,Seattle,Credit Card
ORD-2023-11212,2022-06-04,CUST-1146,David Clark,PROD-FUR-120,Modern Modular Bookshelf,Furniture,Bookcases,1,210.0,210.0,0.0,42.2,North,Minnesota,Minneapolis,Credit Card
ORD-2023-11213,2023-11-30,CUST-1265,Christopher Sanchez,PROD-TEC-107,USB-C Multi-Port Hub,Technology,Accessories,3,45.0,135.0,0.0,54.75,North,Minnesota,Minneapolis,Credit Card
ORD-2022-11214,2022-06-14,CUST-1164,Paul Garcia,PROD-TEC-109,Noise Canceling Headphones,Technology,Phones & Audio,3,199.0,597.0,0.0,173.1,Central,Ohio,Columbus,Credit Card
ORD-2023-11215,2024-02-29,CUST-1028,Emily Jackson,PROD-FUR-120,Modern Modular Bookshelf,Furniture,Bookcases,1,210.0,157.5,0.25,-10.3,North,Minnesota,Minneapolis,UPI / Net Banking
ORD-2023-11216,2024-03-10,CUST-1243,Betty Wright,PROD-OFF-122,Executive Hardcover Notebook 3-Pack,Office Supplies,Paper & Stationary,3,24.0,61.2,0.15,19.2,East,Pennsylvania,Philadelphia,Credit Card
ORD-2022-11217,2022-06-03,CUST-1004,William Miller,PROD-OFF-122,Executive Hardcover Notebook 3-Pack,Office Supplies,Paper & Stationary,1,24.0,21.6,0.1,5.6,West,Oregon,Portland,Credit Card
ORD-2023-11218,2022-10-16,CUST-1021,Michael Garcia,PROD-TEC-108,HD Pro Webcam 1080p,Technology,Accessories,2,65.0,110.5,0.15,24.9,West,Washington,Seattle,Credit Card
ORD-2024-11219,2022-10-31,CUST-1393,Carol Perez,PROD-TEC-102,UltraSlim 14 Inch Notebook,Technology,Laptops & Monitors,1,1100.0,1100.0,0.0,271.0,West,Oregon,Portland,Debit Card
ORD-2022-11220,2023-09-03,CUST-1058,Melissa Scott,PROD-OFF-123,Gel Ink Pens Box of 24,Office Supplies,Paper & Stationary,3,15.0,40.5,0.1,14.25,West,California,Los Angeles,PayPal
ORD-2022-11221,2023-10-11,CUST-1253,Matthew Torres,PROD-OFF-128,Precision Cutting Mat & Knife Set,Office Supplies,Art & Craft,1,22.0,20.9,0.05,5.46,South,Georgia,Atlanta,Credit Card
ORD-2024-11222,2024-04-20,CUST-1269,Kevin Harris,PROD-HOM-130,Programmable Drip Coffee Maker,Home & Kitchen,Appliances,1,75.0,60.0,0.2,7.25,West,California,Los Angeles,PayPal
ORD-2022-11223,2023-01-27,CUST-1263,Paul Martin,PROD-TEC-106,Mechanical RGB Keyboard,Technology,Accessories,1,75.0,67.5,0.1,14.75,West,California,San Diego,Credit Card
ORD-2023-11224,2024-01-09,CUST-1335,Edward Torres,PROD-TEC-106,Mechanical RGB Keyboard,Technology,Accessories,3,75.0,225.0,0.0,72.75,West,Washington,Seattle,Credit Card
ORD-2024-11225,2024-05-24,CUST-1407,Jessica Garcia,PROD-FUR-116,Electric Dual-Motor Standing Desk,Furniture,Desks & Tables,1,450.0,450.0,0.0,77.0,East,New York,New York City,UPI / Net Banking
ORD-2022-11226,2022-10-11,CUST-1257,Steven Gonzalez,PROD-TEC-103,27-Inch 4K UHD Monitor,Technology,Laptops & Monitors,1,350.0,332.5,0.05,76.5,East,Massachusetts,Boston,Credit Card
ORD-2023-11227,2023-11-04,CUST-1067,Joshua Hernandez,PROD-FUR-118,Solid Wood Conference Table,Furniture,Desks & Tables,5,850.0,4250.0,0.0,629.5,North,Minnesota,Minneapolis,Credit Card
ORD-2024-11228,2022-11-29,CUST-1114,Donna Anderson,PROD-TEC-105,Wireless Ergonomic Mouse,Technology,Accessories,3,35.0,99.75,0.05,30.75,South,Georgia,Atlanta,Debit Card
ORD-2024-11229,2023-02-03,CUST-1244,Nancy Johnson,PROD-HOM-136,Weighted Cooling Blanket 15lbs,Home & Kitchen,Bedding & Decor,2,95.0,190.0,0.0,61.5,East,New York,New York City,UPI / Net Banking
ORD-2023-11230,2022-08-04,CUST-1273,Emily Smith,PROD-TEC-111,Bluetooth Conference Speaker,Technology,Phones & Audio,1,120.0,120.0,0.0,34.4,South,North Carolina,Charlotte,Credit Card
ORD-2024-11231,2022-12-20,CUST-1043,Steven Thomas,PROD-FUR-114,High-Back Leather Gaming Chair,Furniture,Chairs & Stools,6,290.0,1566.0,0.1,130.2,Central,Ohio,Columbus,UPI / Net Banking
ORD-2024-11232,2023-08-22,CUST-1086,Kenneth Gonzalez,PROD-OFF-123,Gel Ink Pens Box of 24,Office Supplies,Paper & Stationary,1,15.0,15.0,0.0,4.25,West,Oregon,Portland,Credit Card
ORD-2023-11233,2022-08-29,CUST-1193,James Scott,PROD-HOM-135,100% Organic Cotton Sheet Set Queen,Home & Kitchen,Bedding & Decor,3,85.0,191.25,0.25,27.15,West,California,San Francisco,Credit Card
ORD-2022-11234,2023-08-08,CUST-1149,Patricia Hernandez,PROD-TEC-112,Smart Fitness Watch,Technology,Phones & Audio,6,149.0,849.3,0.05,196.62,West,California,San Francisco,Credit Card
ORD-2022-11235,2023-03-05,CUST-1307,Kevin King,PROD-FUR-118,Solid Wood Conference Table,Furniture,Desks & Tables,5,850.0,4037.5,0.05,417.0,South,Georgia,Atlanta,PayPal
ORD-2024-11236,2022-11-22,CUST-1258,Lisa Ramirez,PROD-HOM-135,100% Organic Cotton Sheet Set Queen,Home & Kitchen,Bedding & Decor,1,85.0,80.75,0.05,24.05,South,North Carolina,Charlotte,Credit Card
ORD-2022-11237,2024-06-13,CUST-1091, Christopher Young ,PROD-OFF-126,Desktop Document Organizer,Office Supplies,Storage & Organization,4,28.0,84.0,0.25,15.4,Central,Texas,Austin,PayPal
ORD-2022-11238,2023-01-28,CUST-1298,Carol Smith,PROD-OFF-127,Professional Acrylic Paint Set,Office Supplies,Art & Craft,4,42.0,142.8,0.15,38.36,West,Washington,Seattle,Credit Card
ORD-2022-11239,2023-09-06,CUST-1293,Sandra Clark,PROD-OFF-127,Professional Acrylic Paint Set,Office Supplies,Art & Craft,2,42.0,75.6,0.1,21.88,West,California,Los Angeles,PayPal
ORD-2023-11240,2022-01-24,CUST-1381,Karen Torres,PROD-OFF-125,3-Drawer Mobile File Cabinet,Office Supplies,Storage & Organization,2,145.0,261.0,0.1,47.2,East,New York,Buffalo,PayPal
ORD-2024-11241,2022-07-24,CUST-1166,Kenneth Jones,PROD-TEC-109,Noise Canceling Headphones,Technology,Phones & Audio,2,199.0,398.0,0.0,114.4,West,California,San Diego,PayPal
ORD-2023-11242,2022-09-05,CUST-1408,Sarah Lewis,PROD-TEC-112,Smart Fitness Watch,Technology,Phones & Audio,2,149.0,298.0,0.0,78.44,North,Minnesota,Minneapolis,PayPal
ORD-2022-11243,2022-09-08,CUST-1237,Joseph Anderson,PROD-TEC-105,Wireless Ergonomic Mouse,Technology,Accessories,6,35.0,199.5,0.05,64.5,West,California,Los Angeles,UPI / Net Banking
ORD-2023-11244,2022-03-14,CUST-1401,Carol Moore,PROD-OFF-127,Professional Acrylic Paint Set,Office Supplies,Art & Craft,2,42.0,75.6,0.1,21.88,West,California,San Diego,Debit Card
ORD-2024-11245,2022-01-25,CUST-1225,Melissa Martinez,PROD-HOM-131,Compact HEPA Air Purifier,Home & Kitchen,Appliances,1,130.0,130.0,0.0,32.4,East,New York,New York City,Credit Card
ORD-2024-11246,2023-06-08,CUST-1323,Steven Garcia,PROD-HOM-129,Digital Touchscreen Air Fryer 5.8Qt,Home & Kitchen,Appliances,8,110.0,880.0,0.0,253.0,Central,Texas,Dallas,UPI / Net Banking
ORD-2022-11247,2024-01-10,CUST-1087,Elizabeth White,PROD-OFF-124,Heavy-Duty Plastic Storage Bins 4-Pack,Office Supplies,Storage & Organization,2,55.0,110.0,0.0,39.0,Central,Texas,Dallas,Debit Card
ORD-2023-11248,2023-10-20,CUST-1356,Thomas Harris,PROD-TEC-105,Wireless Ergonomic Mouse,Technology,Accessories,3,35.0,89.25,0.15,20.25,North,Minnesota,Minneapolis,Debit Card
ORD-2023-11249,2022-12-05,CUST-1404,Sandra Ramirez,PROD-HOM-129,Digital Touchscreen Air Fryer 5.8Qt,Home & Kitchen,Appliances,1,110.0,99.0,0.1,18.0,East,Pennsylvania,Philadelphia,UPI / Net Banking
ORD-2022-11250,2024-06-20,CUST-1190,David Lewis,PROD-OFF-124,Heavy-Duty Plastic Storage Bins 4-Pack,Office Supplies,Storage & Organization,1,55.0,55.0,0.0,18.0,South,Georgia,Atlanta,Debit Card
ORD-2024-11251,2022-10-29,CUST-1080,Sandra Smith,PROD-TEC-109,Noise Canceling Headphones,Technology,Phones & Audio,2,199.0,378.1,0.05,94.5,South,Florida,Orlando,Credit Card
ORD-2024-11252,2022-11-07,CUST-1076,Edward Moore,PROD-TEC-101,ProBook 15.6 Inch Laptop,Technology,Laptops & Monitors,4,850.0,3400.0,0.0,741.0,South,Georgia,Atlanta,UPI / Net Banking
ORD-2022-11253,2022-12-19,CUST-1330,Steven Robinson,PROD-TEC-110,True Wireless Earbuds,Technology,Phones & Audio,1,89.0,84.55,0.05,22.7,East,Pennsylvania,Philadelphia,PayPal
ORD-2023-11254,2022-06-29,CUST-1248,Michael Hill,PROD-OFF-125,3-Drawer Mobile File Cabinet,Office Supplies,Storage & Organization,2,145.0,261.0,0.1,47.2,East,New York,New York City,Credit Card
ORD-2024-11255,2024-03-07,CUST-1374,Sandra Taylor,PROD-TEC-108,HD Pro Webcam 1080p,Technology,Accessories,1,65.0,65.0,0.0,20.7,Central,Texas,Houston,UPI / Net Banking
ORD-2024-11256,2022-08-22,CUST-1380,Donna Johnson,PROD-FUR-113,Ergonomic Executive Mesh Chair,Furniture,Chairs & Stools,3,240.0,684.0,0.05,102.0,North,Minnesota,Minneapolis,PayPal
ORD-2024-11257,2023-07-02,CUST-1434,Daniel Ramirez,PROD-HOM-135,100% Organic Cotton Sheet Set Queen,Home & Kitchen,Bedding & Decor,6,85.0,484.5,0.05,159.3,West,California,Los Angeles,Credit Card
ORD-2024-11258,2022-07-07,CUST-1354,William Robinson,PROD-FUR-116,Electric Dual-Motor Standing Desk,Furniture,Desks & Tables,3,450.0,1350.0,0.0,237.0,West,California,San Francisco,Debit Card
ORD-2022-11259,2024-01-31,CUST-1098,Robert Wright,PROD-TEC-105,Wireless Ergonomic Mouse,Technology,Accessories,2,35.0,63.0,0.1,16.0,East,New York,Buffalo,Credit Card
ORD-2023-11260,2022-04-11,CUST-1275,Susan Ramirez,PROD-TEC-104,24-Inch IPS FHD Monitor,Technology,Laptops & Monitors,3,180.0,378.0,0.3,-6.0,Central,Texas,Austin,UPI / Net Banking
ORD-2022-11261,2023-07-10,CUST-1302,Brian King,PROD-FUR-114,High-Back Leather Gaming Chair,Furniture,Chairs & Stools,3,290.0,826.5,0.05,107.1,East,Massachusetts,Boston  ,PayPal
ORD-2023-11262,2024-03-07,CUST-1330,Steven Robinson,PROD-FUR-113,Ergonomic Executive Mesh Chair,Furniture,Chairs & Stools,3,240.0,648.0,0.1,66.0,West,Oregon,Portland,
ORD-2024-11263,2022-10-05,CUST-1253,Matthew Torres,PROD-TEC-112,Smart Fitness Watch,Technology,Phones & Audio,1,149.0,141.55,0.05,30.27,East,Pennsylvania,Philadelphia,PayPal
ORD-2022-11264,2022-12-16,CUST-1141,Robert Lewis,PROD-HOM-136,Weighted Cooling Blanket 15lbs,Home & Kitchen,Bedding & Decor,1,95.0,95.0,0.0,29.25,West,Oregon,Portland,PayPal
ORD-2023-11265,2023-06-06,CUST-1241,Deborah Moore,PROD-HOM-132,Non-Stick Ceramic Cookware 10-Piece,Home & Kitchen,Cookware & Dining,2,180.0,360.0,0.0,110.2,Central,Texas,Houston,Credit Card
ORD-2023-11266,2023-10-16,CUST-1352,Kevin Johnson,PROD-HOM-135,100% Organic Cotton Sheet Set Queen,Home & Kitchen,Bedding & Decor,6,85.0,382.5,0.25,57.3,West,California,San Francisco,Credit Card
ORD-2024-11267,2023-04-29,CUST-1053,Dorothy Lee,PROD-FUR-120,Modern Modular Bookshelf,Furniture,Bookcases,3,210.0,630.0,0.0,132.6,West,Oregon,Portland,Credit Card
ORD-2022-11268,2024-05-22,CUST-1081,George Taylor,PROD-TEC-111,Bluetooth Conference Speaker,Technology,Phones & Audio,5,120.0,600.0,0.0,184.0,Central,Texas,Austin,PayPal
ORD-2023-11269,2022-08-23,CUST-1135,Michael Thomas,PROD-HOM-131,Compact HEPA Air Purifier,Home & Kitchen,Appliances,2,130.0,260.0,0.0,67.8,North,Minnesota,Minneapolis,Debit Card
ORD-2023-11270,2023-03-12,CUST-1289, Elizabeth Johnson ,PROD-OFF-126,Desktop Document Organizer,Office Supplies,Storage & Organization,3,28.0,84.0,0.0,31.8,West,Washington,Seattle,Debit Card
ORD-2022-11271,2023-04-13,CUST-1393,Carol Perez,PROD-FUR-118,Solid Wood Conference Table,Furniture,Desks & Tables,1,850.0,850.0,0.0,123.5,South,Florida,Miami,Credit Card
ORD-2022-11272,2022-11-26,CUST-1219,Lisa Williams,PROD-OFF-125,3-Drawer Mobile File Cabinet,Office Supplies,Storage & Organization,1,145.0,137.75,0.05,29.35,South,Georgia,Atlanta,Credit Card
ORD-2023-11273,2022-04-20,CUST-1039,Daniel Wilson,PROD-FUR-116,Electric Dual-Motor Standing Desk,Furniture,Desks & Tables,2,450.0,900.0,0.0,157.0,East,New York,Buffalo,Credit Card
ORD-2022-11274,2024-03-10,CUST-1338,Karen Harris,PROD-OFF-125,3-Drawer Mobile File Cabinet,Office Supplies,Storage & Organization,4,145.0,580.0,0.0,155.4,East,Massachusetts,Boston,Debit Card
ORD-2023-11275,2022-10-10,CUST-1276,Donna Hill,PROD-OFF-124,Heavy-Duty Plastic Storage Bins 4-Pack,Office Supplies,Storage & Organization,4,55.0,220.0,0.0,81.0,West,Washington,Seattle,Credit Card
ORD-2024-11276,2023-02-28,CUST-1423,Ashley Scott,PROD-TEC-110,True Wireless Earbuds,Technology,Phones & Audio,2,89.0,169.1,0.05,48.4,Central,Texas,Houston,Credit Card
ORD-2024-11277,2024-02-21,CUST-1339,Anthony Wright,PROD-FUR-117,Compact Computer Desk,Furniture,Desks & Tables,1,130.0,130.0,0.0,24.6,West,Oregon,Portland,Credit Card
ORD-2024-11278,2023-12-30,CUST-1379,Karen Miller,PROD-OFF-121,Premium Multipurpose Copy Paper 5 Reams,Office Supplies,Paper & Stationary,3,38.0,79.8,0.3,11.1,North,Minnesota,Minneapolis,UPI / Net Banking
ORD-2023-11279,2023-01-06,CUST-1171,John Flores,PROD-FUR-113,Ergonomic Executive Mesh Chair,Furniture,Chairs & Stools,3,240.0,648.0,0.1,66.0,West,California,San Diego,Debit Card
ORD-2023-11280,2024-04-05,CUST-1250,George Lee,PROD-TEC-104,24-Inch IPS FHD Monitor,Technology,Laptops & Monitors,2,180.0,342.0,0.05,85.0,South,Florida,Miami,Credit Card
ORD-2024-11281,2024-06-13,CUST-1409,Jessica Robinson,PROD-OFF-121,Premium Multipurpose Copy Paper 5 Reams,Office Supplies,Paper & Stationary,1,38.0,28.5,0.25,3.6,East,Massachusetts,Boston,Debit Card
ORD-2024-11282,2024-03-10,CUST-1058,Melissa Scott,PROD-HOM-135,100% Organic Cotton Sheet Set Queen,Home & Kitchen,Bedding & Decor,5,85.0,382.5,0.1,111.0,Central,Texas,Houston,Credit Card
ORD-2022-11283,2024-02-09,CUST-1038,David White,PROD-OFF-128,Precision Cutting Mat & Knife Set,Office Supplies,Art & Craft,1,22.0,17.6,0.2,2.16,Central,Texas,Austin,Debit Card
ORD-2022-11284,2023-10-26,CUST-1295,Richard Harris,PROD-OFF-122,Executive Hardcover Notebook 3-Pack,Office Supplies,Paper & Stationary,1,24.0,24.0,0.0,8.0,North,Minnesota,Minneapolis,Credit Card
ORD-2024-11285,2022-10-28,CUST-1004, William Miller ,PROD-OFF-125,3-Drawer Mobile File Cabinet,Office Supplies,Storage & Organization,3,145.0,435.0,0.0,115.8,Central,Illinois,Chicago,UPI / Net Banking
ORD-2023-11286,2023-06-30,CUST-1235,Richard Robinson,PROD-FUR-113,Ergonomic Executive Mesh Chair,Furniture,Chairs & Stools,2,240.0,480.0,0.0,91.0,Central,Ohio,Columbus,PayPal
ORD-2022-11287,2022-07-31,CUST-1158,Melissa Wright,PROD-TEC-112,Smart Fitness Watch,Technology,Phones & Audio,2,149.0,238.4,0.2,18.84,Central,Illinois,Chicago,UPI / Net Banking
ORD-2022-11288,2022-12-02,CUST-1446,Sarah Nguyen,PROD-OFF-121,Premium Multipurpose Copy Paper 5 Reams,Office Supplies,Paper & Stationary,3,38.0,114.0,0.0,45.3,West,California,San Francisco,Credit Card
ORD-2022-11289,2024-03-01,CUST-1182,James Robinson,PROD-TEC-102,UltraSlim 14 Inch Notebook,Technology,Laptops & Monitors,5,1100.0,4675.0,0.15,542.0,Central,Texas,Houston,Credit Card
ORD-2024-11290,2024-05-24,CUST-1379,Karen Miller,PROD-FUR-114,High-Back Leather Gaming Chair,Furniture,Chairs & Stools,1,290.0,246.5,0.15,4.7,West,Washington,Seattle,Credit Card
ORD-2022-11291,2022-04-06,CUST-1090,James Hill,PROD-HOM-133,Stainless Steel Chef Knife 8-Inch,Home & Kitchen,Cookware & Dining,3,45.0,135.0,0.0,54.75,West,Oregon,Portland,Debit Card
ORD-2024-11292,2023-01-02,CUST-1384,Robert Nguyen,PROD-OFF-121,Premium Multipurpose Copy Paper 5 Reams,Office Supplies,Paper & Stationary,1,38.0,22.8,0.4,-2.1,East,Massachusetts,Boston,Credit Card
ORD-2022-11293,2023-04-13,CUST-1009,Susan Anderson,PROD-TEC-101,ProBook 15.6 Inch Laptop,Technology,Laptops & Monitors,1,850.0,722.5,0.15,55.5,West,Washington,Seattle,Debit Card
ORD-2022-11294,2023-03-21,CUST-1435,Melissa Scott,PROD-FUR-120,Modern Modular Bookshelf,Furniture,Bookcases,1,210.0,210.0,0.0,42.2,West,California,San Francisco,PayPal
ORD-2023-11295,2024-01-18,CUST-1332,Susan Clark,PROD-OFF-121,Premium Multipurpose Copy Paper 5 Reams,Office Supplies,Paper & Stationary,5,38.0,190.0,0.0,77.5,Central,Illinois,Chicago,UPI / Net Banking
ORD-2024-11296,2023-04-27,CUST-1391,Kevin White,PROD-TEC-103,27-Inch 4K UHD Monitor,Technology,Laptops & Monitors,2,350.0,595.0,0.15,86.0,East,New York,New York City,UPI / Net Banking
ORD-2022-11297,2023-03-06,CUST-1089,Steven King,PROD-TEC-112,Smart Fitness Watch,Technology,Phones & Audio,3,149.0,335.25,0.25,7.41,Central,Ohio,Columbus,Credit Card
ORD-2022-11298,2024-03-16,CUST-1084,Joshua Martin,PROD-TEC-102,UltraSlim 14 Inch Notebook,Technology,Laptops & Monitors,6,1100.0,6600.0,0.0,1641.0,West,Washington,Seattle,PayPal
ORD-2022-11299,2024-03-13,CUST-1014,Donald Nguyen,PROD-OFF-122,Executive Hardcover Notebook 3-Pack,Office Supplies,Paper & Stationary,3,24.0,54.0,0.25,12.0,East,New York,New York City,PayPal
ORD-2023-11300,2024-02-20,CUST-1307,Kevin King,PROD-HOM-134,Insulated Stainless Steel Tumbler 30oz,Home & Kitchen,Cookware & Dining,3,25.0,75.0,0.0,31.5,West,California,San Francisco,Credit Card
ORD-2022-11301,2023-05-03,CUST-1238,Mary Gonzalez,PROD-OFF-127,Professional Acrylic Paint Set,Office Supplies,Art & Craft,1,42.0,25.2,0.4,-3.16,Central,Ohio,Columbus,
ORD-2023-11302,2022-05-12,CUST-1166,Kenneth Jones,PROD-HOM-135,100% Organic Cotton Sheet Set Queen,Home & Kitchen,Bedding & Decor,8,85.0,680.0,0.0,247.4,South,Georgia,Atlanta,Debit Card
ORD-2024-11303,2022-07-20,CUST-1065,Jennifer Brown,PROD-FUR-115,Adjustable Drafting Stool,Furniture,Chairs & Stools,4,110.0,440.0,0.0,103.0,North,Wisconsin,Milwaukee,Credit Card
ORD-2023-11304,2022-10-17,CUST-1315,Edward Thomas,PROD-TEC-107,USB-C Multi-Port Hub,Technology,Accessories,1,45.0,38.25,0.15,9.5,West,California,San Francisco,Debit Card
ORD-2024-11305,2023-08-28,CUST-1267,Emily Rodriguez,PROD-HOM-134,Insulated Stainless Steel Tumbler 30oz,Home & Kitchen,Cookware & Dining,2,25.0,45.0,0.1,15.0,East,Pennsylvania,Philadelphia,Credit Card
ORD-2022-11306,2024-02-05,CUST-1410,Andrew Flores,PROD-OFF-125,3-Drawer Mobile File Cabinet,Office Supplies,Storage & Organization,1,145.0,137.75,0.05,29.35,East,New York,New York City,Credit Card
ORD-2022-11307,2022-06-15,CUST-1204,Jennifer Ramirez,PROD-OFF-121,Premium Multipurpose Copy Paper 5 Reams,Office Supplies,Paper & Stationary,2,38.0,76.0,0.0,29.2,Central,Illinois,Chicago,UPI / Net Banking
ORD-2024-11308,2023-02-20,CUST-1232,Brian Miller,PROD-FUR-114,High-Back Leather Gaming Chair,Furniture,Chairs & Stools,1,290.0,275.5,0.05,33.7,Central,Texas,Dallas,Debit Card
ORD-2023-11309,2022-12-12,CUST-1096,Jennifer Garcia,PROD-FUR-117,Compact Computer Desk,Furniture,Desks & Tables,3,130.0,370.5,0.05,60.3,West,California,San Diego,Credit Card
ORD-2023-11310,2024-02-21,CUST-1266,Brian Jackson,PROD-FUR-117,Compact Computer Desk,Furniture,Desks & Tables,3,130.0,351.0,0.1,40.8,East,New York,New York City,Credit Card
ORD-2023-11311,2024-04-29,CUST-1057,William Thomas,PROD-TEC-108,HD Pro Webcam 1080p,Technology,Accessories,8,65.0,494.0,0.05,160.6,West,Oregon,Portland,UPI / Net Banking
ORD-2022-11312,2024-06-06,CUST-1259,Robert Perez,PROD-TEC-112,Smart Fitness Watch,Technology,Phones & Audio,3,149.0,424.65,0.05,96.81,South,North Carolina,Charlotte,UPI / Net Banking
ORD-2022-11313,2022-07-23,CUST-1376,David Hill,PROD-OFF-123,Gel Ink Pens Box of 24,Office Supplies,Paper & Stationary,2,15.0,28.5,0.05,10.0,West,Oregon,Portland,Cash on Delivery
ORD-2023-11314,2023-07-07,CUST-1118,John Perez,PROD-HOM-134,Insulated Stainless Steel Tumbler 30oz,Home & Kitchen,Cookware & Dining,3,25.0,75.0,0.0,31.5,South,Florida,Orlando,Debit Card
ORD-2024-11315,2022-06-05,CUST-1277,Carol Lee,PROD-OFF-128,Precision Cutting Mat & Knife Set,Office Supplies,Art & Craft,1,22.0,20.9,0.05,5.46,West,California,San Francisco,UPI / Net Banking
ORD-2023-11316,2023-05-03,CUST-1240,Sarah Jones,PROD-OFF-121,Premium Multipurpose Copy Paper 5 Reams,Office Supplies,Paper & Stationary,1,38.0,32.3,0.15,7.4,Central,Texas,Houston,Credit Card
ORD-2022-11317,2024-01-22,CUST-1314,Donald Taylor,PROD-TEC-105,Wireless Ergonomic Mouse,Technology,Accessories,8,35.0,266.0,0.05,87.0,West,California,Los Angeles,Debit Card
ORD-2022-11318,2023-02-05,CUST-1403,Deborah Walker,PROD-TEC-111,Bluetooth Conference Speaker,Technology,Phones & Audio,4,120.0,480.0,0.0,146.6,East,Massachusetts,Boston,Credit Card
ORD-2023-11319,2022-05-24,CUST-1206,James Perez,PROD-TEC-108,HD Pro Webcam 1080p,Technology,Accessories,1,65.0,55.25,0.15,10.95,West,Oregon,Portland,Credit Card
ORD-2022-11320,2023-10-15,CUST-1061,Margaret Nguyen,PROD-HOM-134,Insulated Stainless Steel Tumbler 30oz,Home & Kitchen,Cookware & Dining,1,25.0,25.0,0.0,8.5,North,Minnesota,Minneapolis,Credit Card
ORD-2022-11321,2023-07-09,CUST-1381,Karen Torres,PROD-HOM-130,Programmable Drip Coffee Maker,Home & Kitchen,Appliances,8,75.0,570.0,0.05,169.0,East,New York,Buffalo,UPI / Net Banking
ORD-2022-11322,2023-01-26,CUST-1430,Brian Thomas,PROD-FUR-117,Compact Computer Desk,Furniture,Desks & Tables,2,130.0,234.0,0.1,26.2,North,Michigan,Detroit,Credit Card
ORD-2023-11323,2024-02-16,CUST-1150,Matthew Smith,PROD-FUR-115,Adjustable Drafting Stool,Furniture,Chairs & Stools,1,110.0,99.0,0.1,12.5,West,Oregon,Portland,Credit Card
ORD-2024-11324,2023-05-22,CUST-1429,Joseph Sanchez,PROD-OFF-128,Precision Cutting Mat & Knife Set,Office Supplies,Art & Craft,1,22.0,22.0,0.0,6.56,South,North Carolina,Charlotte,Credit Card
ORD-2023-11325,2023-10-18,CUST-1261,Kevin Davis,PROD-OFF-122,Executive Hardcover Notebook 3-Pack,Office Supplies,Paper & Stationary,2,24.0,43.2,0.1,14.2,West,Washington,Seattle,Credit Card
ORD-2023-11326,2022-09-06,CUST-1300,Deborah Ramirez,PROD-HOM-132,Non-Stick Ceramic Cookware 10-Piece,Home & Kitchen,Cookware & Dining,4,180.0,720.0,0.0,223.4,South,Florida,Orlando,UPI / Net Banking
ORD-2024-11327,2023-09-14,CUST-1429,Joseph Sanchez,PROD-OFF-125,3-Drawer Mobile File Cabinet,Office Supplies,Storage & Organization,2,145.0,275.5,0.05,61.7,West,Oregon,Portland,Credit Card
ORD-2024-11328,2022-04-11,CUST-1295,Richard Harris,PROD-TEC-107,USB-C Multi-Port Hub,Technology,Accessories,5,45.0,180.0,0.2,48.25,West,California,Los Angeles,Debit Card
ORD-2023-11329,2024-01-06,CUST-1382,Amanda Harris,PROD-TEC-103,27-Inch 4K UHD Monitor,Technology,Laptops & Monitors,5,350.0,1225.0,0.3,-43.0,West,California,San Diego,Debit Card
ORD-2023-11330,2024-04-12,CUST-1413,Ashley Lee,PROD-OFF-128,Precision Cutting Mat & Knife Set,Office Supplies,Art & Craft,1,22.0,15.4,0.3,-0.04,East,New York,New York City,Debit Card
ORD-2023-11331,2024-04-01,CUST-1015,Sarah Smith,PROD-HOM-130,Programmable Drip Coffee Maker,Home & Kitchen,Appliances,1,75.0,75.0,0.0,22.25,West,California,San Diego,Cash on Delivery
ORD-2022-11332,2022-11-29,CUST-1235,Richard Robinson,PROD-FUR-117,Compact Computer Desk,Furniture,Desks & Tables,1,130.0,123.5,0.05,18.1,East,New York,Buffalo,Credit Card
ORD-2023-11333,2024-03-10,CUST-1418,Brian Moore,PROD-TEC-112,Smart Fitness Watch,Technology,Phones & Audio,2,149.0,283.1,0.05,63.54,West,Washington,Seattle,Credit Card
ORD-2022-11334,2022-11-21,CUST-1425,Brian Walker,PROD-FUR-120,Modern Modular Bookshelf,Furniture,Bookcases,1,210.0,210.0,0.0,42.2,North,Michigan,Detroit,UPI / Net Banking
ORD-2023-11335,2022-07-27,CUST-1136,Richard Gonzalez,PROD-HOM-132,Non-Stick Ceramic Cookware 10-Piece,Home & Kitchen,Cookware & Dining,1,180.0,171.0,0.05,44.6,North,Minnesota,Minneapolis,Credit Card
ORD-2022-11336,2022-04-25,CUST-1098,Robert Wright,PROD-FUR-120,Modern Modular Bookshelf,Furniture,Bookcases,4,210.0,630.0,0.25,-32.2,East,Pennsylvania,Philadelphia,Credit Card
ORD-2022-11337,2023-12-30,CUST-1307,Kevin King,PROD-OFF-126,Desktop Document Organizer,Office Supplies,Storage & Organization,6,28.0,159.6,0.05,58.2,East,Pennsylvania,Philadelphia,Credit Card
ORD-2024-11338,2024-04-14,CUST-1449,Michael Gonzalez,PROD-FUR-119,5-Shelf Ladder Bookcase,Furniture,Bookcases,2,140.0,252.0,0.1,37.0,South,Florida,Miami,Cash on Delivery
ORD-2023-11339,2022-01-27,CUST-1254,Richard Taylor,PROD-FUR-115,Adjustable Drafting Stool,Furniture,Chairs & Stools,1,110.0,104.5,0.05,18.0,Central,Texas,Houston,Debit Card
ORD-2022-11340,2022-01-22,CUST-1440,Linda Gonzalez,PROD-HOM-131,Compact HEPA Air Purifier,Home & Kitchen,Appliances,1,130.0,78.0,0.4,-19.6,South,North Carolina,Charlotte,Debit Card
ORD-2024-11341,2023-02-14,CUST-1322,Nancy Lee,PROD-OFF-125,3-Drawer Mobile File Cabinet,Office Supplies,Storage & Organization,3,145.0,435.0,0.0,115.8,Central,Texas,Austin,PayPal
ORD-2022-11342,2022-11-24,CUST-1277,Carol Lee,PROD-OFF-123,Gel Ink Pens Box of 24,Office Supplies,Paper & Stationary,2,15.0,15.0,0.5,-3.5,Central,Illinois,Chicago,Credit Card
ORD-2024-11343,2023-08-16,CUST-1066,Linda Martinez,PROD-TEC-107,USB-C Multi-Port Hub,Technology,Accessories,3,45.0,135.0,0.0,54.75,West,Oregon,Portland,Credit Card
ORD-2023-11344,2024-01-05,CUST-1360,Sarah Clark,PROD-HOM-136,Weighted Cooling Blanket 15lbs,Home & Kitchen,Bedding & Decor,2,95.0,161.5,0.15,33.0,West,California,San Francisco,PayPal
ORD-2023-11345,2022-03-08,CUST-1088,Edward Hernandez,PROD-TEC-102,UltraSlim 14 Inch Notebook,Technology,Laptops & Monitors,2,1100.0,2200.0,0.0,545.0,South,North Carolina,Charlotte,Credit Card
ORD-2024-11346,2022-12-29,CUST-1034,Jennifer Anderson,PROD-FUR-118,Solid Wood Conference Table,Furniture,Desks & Tables,1,850.0,807.5,0.05,81.0,West,Oregon,Portland,Credit Card
ORD-2022-11347,2023-02-10,CUST-1111,Robert Perez,PROD-HOM-129,Digital Touchscreen Air Fryer 5.8Qt,Home & Kitchen,Appliances,3,110.0,313.5,0.05,76.5,West,California,San Diego,Cash on Delivery
ORD-2023-11348,2022-05-28,CUST-1393,Carol Perez,PROD-HOM-135,100% Organic Cotton Sheet Set Queen,Home & Kitchen,Bedding & Decor,2,85.0,136.0,0.2,25.6,East,Pennsylvania,Philadelphia,Debit Card
ORD-2022-11349,2023-09-21,CUST-1033,Deborah Jackson,PROD-HOM-134,Insulated Stainless Steel Tumbler 30oz,Home & Kitchen,Cookware & Dining,4,25.0,95.0,0.05,38.0,Central,Texas,Dallas,Credit Card
ORD-2022-11350,2024-05-05,CUST-1093,Lisa Martin,PROD-TEC-102,UltraSlim 14 Inch Notebook,Technology,Laptops & Monitors,1,1100.0,1045.0,0.05,216.0,West,Washington,Seattle,UPI / Net Banking
ORD-2024-11351,2023-02-01,CUST-1413,Ashley Lee,PROD-OFF-127,Professional Acrylic Paint Set,Office Supplies,Art & Craft,1,42.0,29.4,0.3,1.04,North,Minnesota,Minneapolis,Credit Card
ORD-2024-11352,2023-03-17,CUST-1130,Anthony Robinson,PROD-HOM-132,Non-Stick Ceramic Cookware 10-Piece,Home & Kitchen,Cookware & Dining,1,180.0,144.0,0.2,17.6,North,Michigan,Detroit,Debit Card
ORD-2023-11353,2023-04-08,CUST-1385,Brian Thomas,PROD-TEC-107,USB-C Multi-Port Hub,Technology,Accessories,1,45.0,42.75,0.05,14.0,Central,Ohio,Columbus,Credit Card
ORD-2022-11354,2022-06-22,CUST-1001, Joshua Davis ,PROD-HOM-134,Insulated Stainless Steel Tumbler 30oz,Home & Kitchen,Cookware & Dining,3,25.0,75.0,0.0,31.5,East,New York,New York City,Credit Card
ORD-2022-11355,2022-06-26,CUST-1097,George Young,PROD-HOM-132,Non-Stick Ceramic Cookware 10-Piece,Home & Kitchen,Cookware & Dining,2,180.0,360.0,0.0,110.2,West,California,San Francisco,Credit Card
ORD-2023-11356,2023-08-11,CUST-1091,Christopher Young,PROD-HOM-129,Digital Touchscreen Air Fryer 5.8Qt,Home & Kitchen,Appliances,1,110.0,110.0,0.0,29.0,North,Wisconsin,Milwaukee,Debit Card
ORD-2024-11357,2022-02-09,CUST-1276,Donna Hill,PROD-TEC-108,HD Pro Webcam 1080p,Technology,Accessories,2,65.0,123.5,0.05,37.9,North,Minnesota,Minneapolis,Credit Card
ORD-2022-11358,2023-05-25,CUST-1099,Deborah Rodriguez,PROD-TEC-110,True Wireless Earbuds,Technology,Phones & Audio,3,89.0,240.3,0.1,60.75,Central,Ohio,Columbus,Credit Card
ORD-2023-11359,2022-04-30,CUST-1343,Sarah Ramirez,PROD-HOM-136,Weighted Cooling Blanket 15lbs,Home & Kitchen,Bedding & Decor,3,95.0,285.0,0.0,93.75,Central,Illinois,Chicago,PayPal
ORD-2023-11360,2022-02-12,CUST-1184,Michael Jones,PROD-TEC-104,24-Inch IPS FHD Monitor,Technology,Laptops & Monitors,1,180.0,153.0,0.15,23.0,East,Massachusetts,Boston,UPI / Net Banking
ORD-2024-11361,2022-04-04,CUST-1340,Melissa Wright,PROD-OFF-121,Premium Multipurpose Copy Paper 5 Reams,Office Supplies,Paper & Stationary,2,38.0,76.0,0.0,29.2,East,Massachusetts,Boston,Cash on Delivery
ORD-2023-11362,2023-10-04,CUST-1219,Lisa Williams,PROD-OFF-126,Desktop Document Organizer,Office Supplies,Storage & Organization,1,28.0,28.0,0.0,8.6,West,Washington,Seattle,Debit Card
ORD-2023-11363,2022-11-10,CUST-1255,John Ramirez,PROD-FUR-119,5-Shelf Ladder Bookcase,Furniture,Bookcases,2,140.0,280.0,0.0,65.0,West,California,Los Angeles,Credit Card
ORD-2024-11364,2023-07-10,CUST-1089,Steven King,PROD-OFF-121,Premium Multipurpose Copy Paper 5 Reams,Office Supplies,Paper & Stationary,1,38.0,36.1,0.05,11.2,Central,Illinois,Chicago,Credit Card
ORD-2022-11365,2024-04-23,CUST-1423,Ashley Scott,PROD-OFF-128,Precision Cutting Mat & Knife Set,Office Supplies,Art & Craft,2,22.0,44.0,0.0,16.12,North,Wisconsin,Milwaukee,Cash on Delivery
ORD-2022-11366,2022-04-12,CUST-1235,Richard Robinson,PROD-TEC-112,Smart Fitness Watch,Technology,Phones & Audio,4,149.0,596.0,0.0,159.88,East,New York,Buffalo,Credit Card
ORD-2022-11367,2022-02-16,CUST-1196,Linda Miller,PROD-FUR-114,High-Back Leather Gaming Chair,Furniture,Chairs & Stools,1,290.0,275.5,0.05,33.7,South,Florida,Miami  ,UPI / Net Banking
ORD-2022-11368,2023-02-04,CUST-1424,Edward Thomas,PROD-FUR-115,Adjustable Drafting Stool,Furniture,Chairs & Stools,4,110.0,440.0,0.0,103.0,Central,Texas,Austin,Credit Card
ORD-2023-11369,2024-06-22,CUST-1217,Margaret Rodriguez,PROD-FUR-120,Modern Modular Bookshelf,Furniture,Bookcases,1,210.0,189.0,0.1,21.2,East,New York,Buffalo,Debit Card
ORD-2023-11370,2023-01-22,CUST-1143,Patricia Wright,PROD-FUR-113,Ergonomic Executive Mesh Chair,Furniture,Chairs & Stools,1,240.0,216.0,0.1,20.0,South,North Carolina,Charlotte,Credit Card
ORD-2022-11371,2023-11-10,CUST-1354,William Robinson,PROD-FUR-115,Adjustable Drafting Stool,Furniture,Chairs & Stools,4,110.0,440.0,0.0,103.0,West,California,Los Angeles,PayPal
ORD-2023-11372,2022-06-21,CUST-1379,Karen Miller,PROD-FUR-117,Compact Computer Desk,Furniture,Desks & Tables,3,130.0,234.0,0.4,-76.2,East,Massachusetts,Boston,PayPal
ORD-2023-11373,2024-04-22,CUST-1104,Susan Wright,PROD-TEC-106,Mechanical RGB Keyboard,Technology,Accessories,3,75.0,168.75,0.25,16.5,East,Massachusetts,Boston,PayPal
ORD-2022-11374,2024-05-03,CUST-1199,Charles Hill,PROD-TEC-112,Smart Fitness Watch,Technology,Phones & Audio,2,149.0,298.0,0.0,78.44,West,California,Los Angeles,Credit Card
ORD-2022-11375,2023-03-29,CUST-1306,William Robinson,PROD-TEC-103,27-Inch 4K UHD Monitor,Technology,Laptops & Monitors,2,350.0,560.0,0.2,51.0,Central,Ohio,Columbus,Debit Card
ORD-2022-11376,2022-12-16,CUST-1441,Christopher Davis,PROD-FUR-117,Compact Computer Desk,Furniture,Desks & Tables,2,130.0,260.0,0.0,52.2,East,New York,Buffalo,Debit Card
ORD-2023-11377,2023-06-02,CUST-1033,Deborah Jackson,PROD-FUR-115,Adjustable Drafting Stool,Furniture,Chairs & Stools,1,110.0,110.0,0.0,23.5,West,California,San Francisco,Credit Card
ORD-2022-11378,2023-09-09,CUST-1271,Michelle Torres,PROD-FUR-119,5-Shelf Ladder Bookcase,Furniture,Bookcases,1,140.0,133.0,0.05,24.0,East,New York,Buffalo,UPI / Net Banking
ORD-2024-11379,2022-01-18,CUST-1317,Deborah King,PROD-TEC-111,Bluetooth Conference Speaker,Technology,Phones & Audio,4,120.0,432.0,0.1,98.6,East,Pennsylvania,Philadelphia,PayPal
ORD-2024-11380,2022-03-01,CUST-1417,Sarah Hill,PROD-OFF-125,3-Drawer Mobile File Cabinet,Office Supplies,Storage & Organization,4,145.0,493.0,0.15,68.4,East,New York,New York City,Debit Card
ORD-2023-11381,2023-08-09,CUST-1331,Anthony Brown,PROD-OFF-125,3-Drawer Mobile File Cabinet,Office Supplies,Storage & Organization,4,145.0,551.0,0.05,126.4,Central,Texas,Austin,Debit Card
ORD-2023-11382,2022-12-20,CUST-1326,Brian Martinez,PROD-HOM-130,Programmable Drip Coffee Maker,Home & Kitchen,Appliances,2,75.0,150.0,0.0,47.5,Central,Texas,Dallas,Credit Card
ORD-2024-11383,2024-01-19,CUST-1090,James Hill,PROD-OFF-125,3-Drawer Mobile File Cabinet,Office Supplies,Storage & Organization,2,145.0,290.0,0.0,76.2,Central,Texas,Austin,Credit Card
ORD-2023-11384,2023-02-25,CUST-1364,Patricia Thompson,PROD-HOM-135,100% Organic Cotton Sheet Set Queen,Home & Kitchen,Bedding & Decor,3,85.0,216.75,0.15,52.65,East,New York,Buffalo,Credit Card
ORD-2023-11385,2023-04-17,CUST-1376,David Hill,PROD-HOM-129,Digital Touchscreen Air Fryer 5.8Qt,Home & Kitchen,Appliances,1,110.0,88.0,0.2,7.0,West,Washington,Seattle,Debit Card
ORD-2024-11386,2022-07-30,CUST-1126,Anthony Gonzalez,PROD-FUR-114,High-Back Leather Gaming Chair,Furniture,Chairs & Stools,1,290.0,261.0,0.1,19.2,South,Florida,Orlando,PayPal
ORD-2023-11387,2023-07-16,CUST-1442,Melissa Wright,PROD-OFF-127,Professional Acrylic Paint Set,Office Supplies,Art & Craft,3,42.0,126.0,0.0,46.92,East,Pennsylvania,Philadelphia,Credit Card
ORD-2023-11388,2024-05-02,CUST-1397,Joshua Robinson,PROD-OFF-127,Professional Acrylic Paint Set,Office Supplies,Art & Craft,1,42.0,42.0,0.0,13.64,West,California,Los Angeles,Credit Card
ORD-2023-11389,2022-07-04,CUST-1227,Barbara Clark,PROD-TEC-102,UltraSlim 14 Inch Notebook,Technology,Laptops & Monitors,6,1100.0,5940.0,0.1,981.0,South,Florida,Orlando,PayPal
ORD-2022-11390,2023-10-19,CUST-1206,James Perez,PROD-FUR-113,Ergonomic Executive Mesh Chair,Furniture,Chairs & Stools,1,240.0,216.0,0.1,20.0,West,California,San Francisco,Debit Card
ORD-2023-11391,2023-09-18,CUST-1391,Kevin White,PROD-HOM-134,Insulated Stainless Steel Tumbler 30oz,Home & Kitchen,Cookware & Dining,1,25.0,12.5,0.5,-4.0,West,California,Los Angeles,Credit Card
ORD-2022-11392,2022-12-06,CUST-1437,Brian Robinson,PROD-TEC-106,Mechanical RGB Keyboard,Technology,Accessories,6,75.0,450.0,0.0,148.5,Central,Texas,Austin,PayPal
ORD-2022-11393,2023-01-07,CUST-1320,Robert Jackson,PROD-OFF-121,Premium Multipurpose Copy Paper 5 Reams,Office Supplies,Paper & Stationary,4,38.0,106.4,0.3,15.8,North,Wisconsin,Milwaukee,Credit Card
ORD-2024-11394,2022-06-13,CUST-1078,Linda Jackson,PROD-TEC-111,Bluetooth Conference Speaker,Technology,Phones & Audio,4,120.0,432.0,0.1,98.6,Central,Texas,Dallas,Credit Card
ORD-2024-11395,2022-10-15,CUST-1354,William Robinson,PROD-FUR-116,Electric Dual-Motor Standing Desk,Furniture,Desks & Tables,3,450.0,810.0,0.4,-303.0,North,Michigan,Detroit,Debit Card
ORD-2023-11396,2023-04-30,CUST-1195,William Taylor,PROD-HOM-131,Compact HEPA Air Purifier,Home & Kitchen,Appliances,1,130.0,130.0,0.0,32.4,South,Florida,Orlando,PayPal
ORD-2024-11397,2022-07-06,CUST-1230,Anthony Thomas,PROD-TEC-102,UltraSlim 14 Inch Notebook,Technology,Laptops & Monitors,2,1100.0,2200.0,0.0,545.0,West,Washington,Seattle,Debit Card
ORD-2022-11398,2022-07-01,CUST-1070,Matthew Harris,PROD-FUR-120,Modern Modular Bookshelf,Furniture,Bookcases,5,210.0,945.0,0.1,118.0,West,Washington,Seattle,Debit Card
ORD-2024-11399,2022-11-25,CUST-1150,Matthew Smith,PROD-TEC-106,Mechanical RGB Keyboard,Technology,Accessories,1,75.0,52.5,0.3,-0.25,West,California,San Diego,Debit Card
ORD-2022-11400,2023-01-09,CUST-1436,Nancy Thompson,PROD-FUR-117,Compact Computer Desk,Furniture,Desks & Tables,2,130.0,234.0,0.1,26.2,Central,Texas,Houston,PayPal
ORD-2022-11401,2022-02-23,CUST-1333,Matthew Nguyen,PROD-FUR-116,Electric Dual-Motor Standing Desk,Furniture,Desks & Tables,1,450.0,450.0,0.0,77.0,East,Pennsylvania,Philadelphia,PayPal
ORD-2024-11402,2023-04-15,CUST-1338,Karen Harris,PROD-TEC-106,Mechanical RGB Keyboard,Technology,Accessories,1,75.0,71.25,0.05,18.5,South,Georgia,Atlanta,UPI / Net Banking
ORD-2022-11403,2022-11-06,CUST-1195,William Taylor,PROD-FUR-113,Ergonomic Executive Mesh Chair,Furniture,Chairs & Stools,2,240.0,456.0,0.05,67.0,East,Massachusetts,Boston,PayPal
ORD-2024-11404,2024-05-24,CUST-1402,Michelle Wright,PROD-OFF-128,Precision Cutting Mat & Knife Set,Office Supplies,Art & Craft,4,22.0,88.0,0.0,35.24,West,Washington,Seattle,UPI / Net Banking
ORD-2023-11405,2022-10-01,CUST-1043,Steven Thomas,PROD-HOM-129,Digital Touchscreen Air Fryer 5.8Qt,Home & Kitchen,Appliances,4,110.0,440.0,0.0,125.0,Central,Illinois,Chicago,Credit Card
ORD-2022-11406,2024-04-05,CUST-1391,Kevin White,PROD-TEC-107,USB-C Multi-Port Hub,Technology,Accessories,1,45.0,33.75,0.25,5.0,South,Florida,Orlando,PayPal
ORD-2022-11407,2022-01-10,CUST-1371,William Walker,PROD-TEC-101,ProBook 15.6 Inch Laptop,Technology,Laptops & Monitors,1,850.0,722.5,0.15,55.5,West,California,San Diego,Credit Card
ORD-2023-11408,2023-10-09,CUST-1448,Kenneth Jackson,PROD-OFF-122,Executive Hardcover Notebook 3-Pack,Office Supplies,Paper & Stationary,2,24.0,48.0,0.0,19.0,South,Florida,Miami,Debit Card
ORD-2022-11409,2022-04-04,CUST-1368,Jessica Gonzalez,PROD-TEC-106,Mechanical RGB Keyboard,Technology,Accessories,1,75.0,75.0,0.0,22.25,East,New York,New York City,Credit Card
ORD-2024-11410,2023-06-27,CUST-1099,Deborah Rodriguez,PROD-HOM-131,Compact HEPA Air Purifier,Home & Kitchen,Appliances,2,130.0,221.0,0.15,28.8,East,New York,Buffalo,Credit Card
ORD-2024-11411,2024-06-04,CUST-1441,Christopher Davis,PROD-TEC-104,24-Inch IPS FHD Monitor,Technology,Laptops & Monitors,2,180.0,306.0,0.15,49.0,West,Washington,Seattle  ,Credit Card
ORD-2024-11412,2023-08-13,CUST-1097,George Young,PROD-TEC-108,HD Pro Webcam 1080p,Technology,Accessories,2,65.0,130.0,0.0,44.4,East,New York,New York City,PayPal
ORD-2024-11413,2022-10-31,CUST-1308,Emily Hill,PROD-OFF-127,Professional Acrylic Paint Set,Office Supplies,Art & Craft,3,42.0,119.7,0.05,40.62,South,Georgia,Atlanta,PayPal
ORD-2024-11414,2022-09-15,CUST-1145,Edward Thomas,PROD-TEC-111,Bluetooth Conference Speaker,Technology,Phones & Audio,1,120.0,120.0,0.0,34.4,East,New York,New York City,Credit Card
ORD-2023-11415,2022-03-23,CUST-1346,Kevin Sanchez,PROD-HOM-129,Digital Touchscreen Air Fryer 5.8Qt,Home & Kitchen,Appliances,3,110.0,264.0,0.2,27.0,North,Michigan,Detroit,Debit Card
ORD-2024-11416,2023-11-29,CUST-1311,Margaret Scott,PROD-TEC-105,Wireless Ergonomic Mouse,Technology,Accessories,1,35.0,35.0,0.0,10.0,South,Georgia,Atlanta,Debit Card
ORD-2023-11417,2024-02-21,CUST-1251,Margaret Hill,PROD-OFF-121,Premium Multipurpose Copy Paper 5 Reams,Office Supplies,Paper & Stationary,3,38.0,96.9,0.15,28.2,Central,Ohio,Columbus,UPI / Net Banking
ORD-2023-11418,2024-06-20,CUST-1237,Joseph Anderson,PROD-OFF-121,Premium Multipurpose Copy Paper 5 Reams,Office Supplies,Paper & Stationary,1,38.0,34.2,0.1,9.3,South,North Carolina,Charlotte,Credit Card
ORD-2023-11419,2022-01-26,CUST-1448,Kenneth Jackson,PROD-TEC-109,Noise Canceling Headphones,Technology,Phones & Audio,3,199.0,597.0,0.0,173.1,North,Minnesota,Minneapolis,Credit Card
ORD-2024-11420,2022-06-26,CUST-1078,Linda Jackson,PROD-TEC-112,Smart Fitness Watch,Technology,Phones & Audio,2,149.0,298.0,0.0,78.44,Central,Texas,Houston,Credit Card
ORD-2023-11421,2022-06-12,CUST-1156,Charles Wilson,PROD-HOM-136,Weighted Cooling Blanket 15lbs,Home & Kitchen,Bedding & Decor,1,95.0,90.25,0.05,24.5,North,Minnesota,Minneapolis,Credit Card
ORD-2022-11422,2023-05-15,CUST-1341,Kenneth Anderson,PROD-TEC-104,24-Inch IPS FHD Monitor,Technology,Laptops & Monitors,1,180.0,153.0,0.15,23.0,West,California,San Diego,UPI / Net Banking
ORD-2022-11423,2023-06-16,CUST-1254,Richard Taylor,PROD-FUR-114,High-Back Leather Gaming Chair,Furniture,Chairs & Stools,1,290.0,261.0,0.1,19.2,East,Massachusetts,Boston,Credit Card
ORD-2024-11424,2023-03-16,CUST-1314,Donald Taylor,PROD-TEC-108,HD Pro Webcam 1080p,Technology,Accessories,3,65.0,185.25,0.05,58.35,South,Florida,Orlando,Credit Card
ORD-2024-11425,2023-04-30,CUST-1033,Deborah Jackson,PROD-TEC-102,UltraSlim 14 Inch Notebook,Technology,Laptops & Monitors,2,1100.0,2090.0,0.05,435.0,North,Minnesota,Minneapolis,Credit Card
ORD-2023-11426,2023-10-12,CUST-1244,Nancy Johnson,PROD-FUR-118,Solid Wood Conference Table,Furniture,Desks & Tables,1,850.0,850.0,0.0,123.5,Central,Ohio,Columbus,Credit Card
ORD-2024-11427,2023-08-10,CUST-1118,John Perez,PROD-FUR-116,Electric Dual-Motor Standing Desk,Furniture,Desks & Tables,5,450.0,2250.0,0.0,397.0,South,Florida,Orlando,Credit Card
ORD-2022-11428,2023-10-01,CUST-1165,Barbara Jones,PROD-TEC-106,Mechanical RGB Keyboard,Technology,Accessories,3,75.0,180.0,0.2,27.75,East,Massachusetts,Boston,Cash on Delivery
ORD-2023-11429,2024-03-07,CUST-1099,,PROD-FUR-118,Solid Wood Conference Table,Furniture,Desks & Tables,2,850.0,1275.0,0.25,-175.0,Central,Texas,Houston,Credit Card
ORD-2023-11430,2024-04-24,CUST-1318,Ashley Thomas,PROD-HOM-131,Compact HEPA Air Purifier,Home & Kitchen,Appliances,1,130.0,130.0,0.0,32.4,East,New York,Buffalo,Credit Card
ORD-2022-11431,2024-04-23,CUST-1416,Thomas Perez,PROD-FUR-113,Ergonomic Executive Mesh Chair,Furniture,Chairs & Stools,1,240.0,228.0,0.05,32.0,South,Florida,Miami,Credit Card
ORD-2022-11432,2024-03-20,CUST-1193,James Scott,PROD-OFF-128,Precision Cutting Mat & Knife Set,Office Supplies,Art & Craft,1,22.0,19.8,0.1,4.36,East,New York,New York City,Credit Card
ORD-2023-11433,2022-03-22,CUST-1189,Lisa Jackson,PROD-HOM-130,Programmable Drip Coffee Maker,Home & Kitchen,Appliances,1,75.0,56.25,0.25,3.5,South,Florida,Orlando,Credit Card
ORD-2023-11434,2023-04-12,CUST-1142,Emily Miller,PROD-FUR-113,Ergonomic Executive Mesh Chair,Furniture,Chairs & Stools,3,240.0,684.0,0.05,102.0,Central,Ohio,Columbus,PayPal
ORD-2023-11435,2023-07-20,CUST-1245,Linda Taylor,PROD-OFF-124,Heavy-Duty Plastic Storage Bins 4-Pack,Office Supplies,Storage & Organization,3,55.0,165.0,0.0,60.0,East,New York,Buffalo,Debit Card
ORD-2023-11436,2022-07-02,CUST-1168,Betty Davis,PROD-TEC-103,27-Inch 4K UHD Monitor,Technology,Laptops & Monitors,5,350.0,1662.5,0.05,394.5,South,Georgia,Atlanta,Cash on Delivery
ORD-2024-11437,2022-05-16,CUST-1255,John Ramirez,PROD-TEC-105,Wireless Ergonomic Mouse,Technology,Accessories,1,35.0,31.5,0.1,6.5,Central,Illinois,Chicago,Cash on Delivery
ORD-2023-11438,2023-01-01,CUST-1174,Andrew King,PROD-TEC-106,Mechanical RGB Keyboard,Technology,Accessories,8,75.0,540.0,0.1,139.0,East,Massachusetts,Boston,PayPal
ORD-2023-11439,2023-12-13,CUST-1080,Sandra Smith,PROD-HOM-136,Weighted Cooling Blanket 15lbs,Home & Kitchen,Bedding & Decor,1,95.0,80.75,0.15,15.0,North,Michigan,Detroit,Credit Card
ORD-2022-11440,2022-02-27,CUST-1331,Anthony Brown,PROD-HOM-136,Weighted Cooling Blanket 15lbs,Home & Kitchen,Bedding & Decor,3,95.0,270.75,0.05,79.5,West,California,Los Angeles,Credit Card
ORD-2022-11441,2022-06-06,CUST-1446,Sarah Nguyen,PROD-TEC-109,Noise Canceling Headphones,Technology,Phones & Audio,3,199.0,447.75,0.25,23.85,North,Wisconsin,Milwaukee,Credit Card
ORD-2023-11442,2023-05-20,CUST-1013,Anthony Anderson,PROD-OFF-127,Professional Acrylic Paint Set,Office Supplies,Art & Craft,4,42.0,151.2,0.1,46.76,West,Oregon,Portland,Credit Card
ORD-2023-11443,2023-12-20,CUST-1042,Kenneth Hernandez,PROD-OFF-124,Heavy-Duty Plastic Storage Bins 4-Pack,Office Supplies,Storage & Organization,1,55.0,41.25,0.25,4.25,Central,Ohio,Columbus,PayPal
ORD-2024-11444,2023-09-30,CUST-1145,Edward Thomas,PROD-FUR-118,Solid Wood Conference Table,Furniture,Desks & Tables,1,850.0,765.0,0.1,38.5,East,Pennsylvania,Philadelphia,Credit Card
ORD-2023-11445,2022-09-24,CUST-1202,Paul Young,PROD-TEC-108,HD Pro Webcam 1080p,Technology,Accessories,3,65.0,195.0,0.0,68.1,South,Georgia,Atlanta,Credit Card
ORD-2022-11446,2022-07-09,CUST-1058,Melissa Scott,PROD-TEC-103,27-Inch 4K UHD Monitor,Technology,Laptops & Monitors,3,350.0,997.5,0.05,235.5,Central,Texas,Dallas,Credit Card
ORD-2024-11447,2022-11-02,CUST-1427,Donald Johnson,PROD-FUR-114,High-Back Leather Gaming Chair,Furniture,Chairs & Stools,1,290.0,232.0,0.2,-9.8,West,Oregon,Portland,PayPal
ORD-2023-11448,2022-08-11,CUST-1262, George Martin ,PROD-TEC-102,UltraSlim 14 Inch Notebook,Technology,Laptops & Monitors,10,1100.0,11000.0,0.0,2737.0,West,California,San Diego,PayPal
ORD-2023-11449,2024-01-08,CUST-1168,Betty Davis,PROD-HOM-130,Programmable Drip Coffee Maker,Home & Kitchen,Appliances,6,75.0,337.5,0.25,36.0,West,Washington,Seattle,PayPal
ORD-2024-11450,2024-05-27,CUST-1128,Kevin Ramirez,PROD-TEC-105,Wireless Ergonomic Mouse,Technology,Accessories,1,35.0,21.0,0.4,-4.0,North,Wisconsin,Milwaukee  ,Credit Card
ORD-2023-11451,2022-01-01,CUST-1156,Charles Wilson,PROD-HOM-129,Digital Touchscreen Air Fryer 5.8Qt,Home & Kitchen,Appliances,1,110.0,110.0,0.0,29.0,West,Washington,Seattle,PayPal
ORD-2023-11452,2024-01-30,CUST-1449,Michael Gonzalez,PROD-OFF-124,Heavy-Duty Plastic Storage Bins 4-Pack,Office Supplies,Storage & Organization,2,55.0,110.0,0.0,39.0,West,California,Los Angeles,Cash on Delivery
ORD-2022-11453,2022-09-27,CUST-1234,Mark Anderson,PROD-FUR-114,High-Back Leather Gaming Chair,Furniture,Chairs & Stools,3,290.0,826.5,0.05,107.1,East,New York,New York City,Cash on Delivery
ORD-2023-11454,2022-06-28,CUST-1008,Mary Garcia,PROD-TEC-108,HD Pro Webcam 1080p,Technology,Accessories,4,65.0,260.0,0.0,91.8,East,New York,New York City,Credit Card
ORD-2022-11455,2023-12-21,CUST-1289,Elizabeth Johnson,PROD-HOM-131,Compact HEPA Air Purifier,Home & Kitchen,Appliances,1,130.0,123.5,0.05,25.9,North,Michigan,Detroit,Debit Card
ORD-2023-11456,2023-03-19,CUST-1426,Carol Young,PROD-HOM-130,Programmable Drip Coffee Maker,Home & Kitchen,Appliances,4,75.0,285.0,0.05,83.0,Central,Texas,Dallas,PayPal
ORD-2023-11457,2023-12-28,CUST-1145,Edward Thomas,PROD-HOM-131,Compact HEPA Air Purifier,Home & Kitchen,Appliances,1,130.0,130.0,0.0,32.4,Central,Texas,Houston,Credit Card
ORD-2023-11458,2024-04-09,CUST-1001,Joshua Davis,PROD-TEC-103,27-Inch 4K UHD Monitor,Technology,Laptops & Monitors,2,350.0,665.0,0.05,156.0,North,Wisconsin,Milwaukee,Debit Card
ORD-2024-11459,2022-02-18,CUST-1147,Ashley Walker,PROD-OFF-124,Heavy-Duty Plastic Storage Bins 4-Pack,Office Supplies,Storage & Organization,4,55.0,209.0,0.05,70.0,South,Florida,Miami,Debit Card
ORD-2023-11460,2024-01-14,CUST-1283,Charles Allen,PROD-HOM-135,100% Organic Cotton Sheet Set Queen,Home & Kitchen,Bedding & Decor,5,85.0,403.75,0.05,132.25,Central,Texas,Houston,Debit Card
ORD-2023-11461,2024-02-25,CUST-1150,Matthew Smith,PROD-TEC-110,True Wireless Earbuds,Technology,Phones & Audio,2,89.0,178.0,0.0,57.3,East,Massachusetts,Boston,Credit Card
ORD-2022-11462,2022-12-07,CUST-1184,Michael Jones,PROD-HOM-130,Programmable Drip Coffee Maker,Home & Kitchen,Appliances,4,75.0,300.0,0.0,98.0,East,Massachusetts,Boston,PayPal
ORD-2024-11463,2022-05-29,CUST-1307,Kevin King,PROD-OFF-122,Executive Hardcover Notebook 3-Pack,Office Supplies,Paper & Stationary,1,24.0,22.8,0.05,6.8,East,New York,Buffalo,Cash on Delivery
ORD-2023-11464,2022-03-25,CUST-1422,George Clark,PROD-OFF-127,Professional Acrylic Paint Set,Office Supplies,Art & Craft,4,42.0,134.4,0.2,29.96,West,California,Los Angeles,PayPal
ORD-2024-11465,2023-11-12,CUST-1085,Joshua Allen,PROD-FUR-115,Adjustable Drafting Stool,Furniture,Chairs & Stools,1,110.0,110.0,0.0,23.5,East,Pennsylvania,Philadelphia,Debit Card
ORD-2024-11466,2023-11-04,CUST-1420,Kimberly Gonzalez,PROD-OFF-126,Desktop Document Organizer,Office Supplies,Storage & Organization,2,28.0,53.2,0.05,17.4,East,New York,Buffalo,Debit Card
ORD-2024-11467,2023-04-10,CUST-1080,Sandra Smith,PROD-FUR-113,Ergonomic Executive Mesh Chair,Furniture,Chairs & Stools,3,240.0,684.0,0.05,102.0,South,Florida,Miami,Credit Card
ORD-2024-11468,2022-11-10,CUST-1124,Andrew Walker,PROD-OFF-126,Desktop Document Organizer,Office Supplies,Storage & Organization,4,28.0,106.4,0.05,37.8,East,Pennsylvania,Philadelphia,Credit Card
ORD-2022-11469,2022-10-30,CUST-1062,Betty White,PROD-FUR-114,High-Back Leather Gaming Chair,Furniture,Chairs & Stools,3,290.0,739.5,0.15,20.1,West,California,San Francisco,Credit Card
ORD-2023-11470,2023-11-09,CUST-1207,Deborah Rodriguez,PROD-TEC-101,ProBook 15.6 Inch Laptop,Technology,Laptops & Monitors,4,850.0,3060.0,0.1,401.0,West,Oregon,Portland,Debit Card
ORD-2023-11471,2023-10-13,CUST-1315,Edward Thomas,PROD-TEC-103,27-Inch 4K UHD Monitor,Technology,Laptops & Monitors,1,350.0,315.0,0.1,59.0,West,Washington,Seattle,Cash on Delivery
ORD-2023-11472,2024-02-10,CUST-1276,Donna Hill,PROD-TEC-107,USB-C Multi-Port Hub,Technology,Accessories,2,45.0,85.5,0.05,31.0,Central,Texas,Dallas,UPI / Net Banking
ORD-2022-11473,2023-01-25,CUST-1020,Edward Perez,PROD-HOM-132,Non-Stick Ceramic Cookware 10-Piece,Home & Kitchen,Cookware & Dining,4,180.0,684.0,0.05,187.4,Central,Illinois,Chicago,Debit Card
ORD-2022-11474,2023-04-11,CUST-1195,William Taylor,PROD-OFF-122,Executive Hardcover Notebook 3-Pack,Office Supplies,Paper & Stationary,2,24.0,48.0,0.0,19.0,West,California,San Francisco,Credit Card
ORD-2023-11475,2022-08-10,CUST-1315, Edward Thomas ,PROD-OFF-127,Professional Acrylic Paint Set,Office Supplies,Art & Craft,5,42.0,210.0,0.0,80.2,North,Michigan,Detroit,Debit Card
ORD-2023-11476,2022-03-12,CUST-1258,Lisa Ramirez,PROD-TEC-112,Smart Fitness Watch,Technology,Phones & Audio,3,149.0,424.65,0.05,96.81,East,Massachusetts,Boston,Credit Card
ORD-2023-11477,2023-08-23,CUST-1061,Margaret Nguyen,PROD-HOM-134,Insulated Stainless Steel Tumbler 30oz,Home & Kitchen,Cookware & Dining,1,25.0,22.5,0.1,6.0,West,Washington,Seattle,PayPal
ORD-2023-11478,2022/04/23,CUST-1352,Kevin Johnson,PROD-TEC-110,True Wireless Earbuds,Technology,Phones & Audio,1,89.0,89.0,0.0,27.15,West,California,Los Angeles,UPI / Net Banking
ORD-2022-11479,2024-03-02,CUST-1193,James Scott,PROD-TEC-103,27-Inch 4K UHD Monitor,Technology,Laptops & Monitors,3,350.0,997.5,0.05,235.5,West,California,San Diego,Credit Card
ORD-2023-11480,2024-04-07,CUST-1359,Nancy Harris,PROD-TEC-108,HD Pro Webcam 1080p,Technology,Accessories,8,65.0,468.0,0.1,134.6,West,California,Los Angeles,Debit Card
ORD-2023-11481,2023-01-11,CUST-1407,Jessica Garcia,PROD-OFF-128,Precision Cutting Mat & Knife Set,Office Supplies,Art & Craft,1,22.0,15.4,0.3,-0.04,East,New York,New York City,Debit Card
ORD-2022-11482,2022-10-13,CUST-1224,Anthony Flores,PROD-HOM-136,Weighted Cooling Blanket 15lbs,Home & Kitchen,Bedding & Decor,1,95.0,85.5,0.1,19.75,South,North Carolina,Charlotte,PayPal
ORD-2024-11483,2022-09-07,CUST-1449,Michael Gonzalez,PROD-TEC-109,Noise Canceling Headphones,Technology,Phones & Audio,3,199.0,477.6,0.2,53.7,East,New York,New York City,Credit Card
ORD-2024-11484,2023-01-18,CUST-1286,Edward Thomas,PROD-FUR-117,Compact Computer Desk,Furniture,Desks & Tables,1,130.0,78.0,0.4,-27.4,West,Washington,Seattle,PayPal
ORD-2022-11485,2022-07-27,CUST-1076,Edward Moore,PROD-FUR-120,Modern Modular Bookshelf,Furniture,Bookcases,3,210.0,630.0,0.0,132.6,East,New York,Buffalo,Credit Card
ORD-2024-11486,2023-11-13,CUST-1137,Steven Lewis,PROD-HOM-134,Insulated Stainless Steel Tumbler 30oz,Home & Kitchen,Cookware & Dining,2,25.0,50.0,0.0,20.0,East,New York,New York City,UPI / Net Banking
ORD-2022-11487,2022-07-13,CUST-1340,Melissa Wright,PROD-HOM-131,Compact HEPA Air Purifier,Home & Kitchen,Appliances,6,130.0,780.0,0.0,209.4,West,Washington,Seattle,Credit Card
ORD-2022-11488,2022-05-30,CUST-1342,Ashley Anderson,PROD-TEC-109,Noise Canceling Headphones,Technology,Phones & Audio,3,199.0,507.45,0.15,83.55,East,New York,Buffalo,Credit Card
ORD-2022-11489,2023-10-04,CUST-1386,Michael Martin,PROD-OFF-127,Professional Acrylic Paint Set,Office Supplies,Art & Craft,4,42.0,151.2,0.1,46.76,East,Pennsylvania,Philadelphia,Debit Card
ORD-2023-11490,2024-03-10,CUST-1203,Thomas Brown,PROD-TEC-102,UltraSlim 14 Inch Notebook,Technology,Laptops & Monitors,1,1100.0,1100.0,0.0,271.0,South,Florida,Orlando,PayPal
ORD-2024-11491,2022-05-11,CUST-1246,Barbara Nguyen,PROD-HOM-133,Stainless Steel Chef Knife 8-Inch,Home & Kitchen,Cookware & Dining,2,45.0,67.5,0.25,13.0,West,Washington,Seattle,PayPal
ORD-2022-11492,2023-03-20,CUST-1308,Emily Hill,PROD-TEC-102,UltraSlim 14 Inch Notebook,Technology,Laptops & Monitors,2,1100.0,1760.0,0.2,105.0,North,Minnesota,Minneapolis,Credit Card
ORD-2023-11493,2022-10-12,CUST-1202,Paul Young,PROD-FUR-118,Solid Wood Conference Table,Furniture,Desks & Tables,6,850.0,4335.0,0.15,-9.0,South,North Carolina,Charlotte,Credit Card
ORD-2023-11494,2024-05-25,CUST-1241,Deborah Moore,PROD-HOM-133,Stainless Steel Chef Knife 8-Inch,Home & Kitchen,Cookware & Dining,4,45.0,144.0,0.2,38.0,West,Washington,Seattle,Cash on Delivery
ORD-2024-11495,2023-09-06,CUST-1339,Anthony Wright,PROD-TEC-109,Noise Canceling Headphones,Technology,Phones & Audio,1,199.0,199.0,0.0,55.7,Central,Texas,Dallas,Debit Card
ORD-2022-11496,2022-09-15,CUST-1323,Steven Garcia,PROD-FUR-118,Solid Wood Conference Table,Furniture,Desks & Tables,3,850.0,2550.0,0.0,376.5,North,Minnesota,Minneapolis,Credit Card
ORD-2022-11497,2023-08-03,CUST-1098,Robert Wright,PROD-OFF-123,Gel Ink Pens Box of 24,Office Supplies,Paper & Stationary,1,15.0,15.0,0.0,4.25,Central,Texas,Austin,UPI / Net Banking
ORD-2024-11498,2023-11-06,CUST-1097,George Young,PROD-TEC-109,Noise Canceling Headphones,Technology,Phones & Audio,3,199.0,507.45,0.15,83.55,East,Pennsylvania,Philadelphia,Debit Card
ORD-2023-11499,2023-08-19,CUST-1267,Emily Rodriguez,PROD-TEC-112,Smart Fitness Watch,Technology,Phones & Audio,2,149.0,283.1,0.05,63.54,East,New York,New York City,PayPal
ORD-2023-11500,2022-07-07,CUST-1332,Susan Clark,PROD-HOM-132,Non-Stick Ceramic Cookware 10-Piece,Home & Kitchen,Cookware & Dining,2,180.0,306.0,0.15,56.2,West,California,San Diego,Credit Card
ORD-2022-11501,2022-09-18,CUST-1311,Margaret Scott,PROD-TEC-105,Wireless Ergonomic Mouse,Technology,Accessories,3,35.0,105.0,0.0,36.0,South,Georgia,Atlanta,Debit Card
ORD-2023-11502,2023-05-22,CUST-1233,Matthew Williams,PROD-HOM-136,Weighted Cooling Blanket 15lbs,Home & Kitchen,Bedding & Decor,1,95.0,66.5,0.3,0.75,West,Oregon,Portland,Credit Card
ORD-2024-11503,2023-05-17,CUST-1305,Linda Robinson,PROD-TEC-107,USB-C Multi-Port Hub,Technology,Accessories,3,45.0,135.0,0.0,54.75,South,North Carolina,Charlotte,PayPal
ORD-2022-11504,2022-02-12,CUST-1434,Daniel Ramirez,PROD-TEC-105,Wireless Ergonomic Mouse,Technology,Accessories,8,35.0,266.0,0.05,87.0,West,California,San Diego,PayPal
ORD-2023-11505,2022-07-29,CUST-1021,Michael Garcia,PROD-TEC-104,24-Inch IPS FHD Monitor,Technology,Laptops & Monitors,1,180.0,171.0,0.05,41.0,Central,Illinois,Chicago,Credit Card
ORD-2022-11506,2023-09-26,CUST-1310,Michelle Allen,PROD-FUR-118,Solid Wood Conference Table,Furniture,Desks & Tables,2,850.0,1360.0,0.2,-90.0,South,Georgia,Atlanta,Credit Card
ORD-2023-11507,2022-07-28,CUST-1278,Sandra Lewis,PROD-TEC-102,UltraSlim 14 Inch Notebook,Technology,Laptops & Monitors,1,1100.0,1100.0,0.0,271.0,South,Florida,Orlando,Credit Card
ORD-2022-11508,2022-09-10,CUST-1433,Emily King,PROD-OFF-127,Professional Acrylic Paint Set,Office Supplies,Art & Craft,3,42.0,126.0,0.0,46.92,Central,Texas,Houston,Credit Card
ORD-2022-11509,2022-09-02,CUST-1344,Ashley Johnson,PROD-FUR-120,Modern Modular Bookshelf,Furniture,Bookcases,4,210.0,840.0,0.0,177.8,Central,Texas,Dallas,Credit Card
ORD-2022-11510,2023-02-23,CUST-1365,Joseph Jones,PROD-HOM-129,Digital Touchscreen Air Fryer 5.8Qt,Home & Kitchen,Appliances,3,110.0,264.0,0.2,27.0,East,Massachusetts,Boston,UPI / Net Banking
ORD-2023-11511,2022-07-30,CUST-1345,Matthew Perez,PROD-HOM-132,Non-Stick Ceramic Cookware 10-Piece,Home & Kitchen,Cookware & Dining,2,180.0,360.0,0.0,110.2,West,Washington,Seattle,Credit Card
ORD-2023-11512,2023-09-14,CUST-1106,Dorothy Martin,PROD-OFF-124,Heavy-Duty Plastic Storage Bins 4-Pack,Office Supplies,Storage & Organization,3,55.0,140.25,0.15,35.25,East,New York,Buffalo,Debit Card
ORD-2022-11513,2022-08-12,CUST-1161,Donna Walker,PROD-OFF-123,Gel Ink Pens Box of 24,Office Supplies,Paper & Stationary,4,15.0,45.0,0.25,11.0,West,Washington,Seattle,Cash on Delivery
ORD-2022-11514,2023-12-04,CUST-1289,Elizabeth Johnson,PROD-FUR-116,Electric Dual-Motor Standing Desk,Furniture,Desks & Tables,2,450.0,900.0,0.0,157.0,South,Florida,Miami,Debit Card
ORD-2023-11515,2023-03-23,CUST-1371,William Walker,PROD-HOM-129,Digital Touchscreen Air Fryer 5.8Qt,Home & Kitchen,Appliances,2,110.0,209.0,0.05,50.0,South,North Carolina,Charlotte,UPI / Net Banking
ORD-2023-11516,2022-06-11,CUST-1087,Elizabeth White,PROD-FUR-115,Adjustable Drafting Stool,Furniture,Chairs & Stools,2,110.0,220.0,0.0,50.0,West,Oregon,Portland,Debit Card
ORD-2023-11517,2022-02-19,CUST-1390,Steven Ramirez,PROD-FUR-115,Adjustable Drafting Stool,Furniture,Chairs & Stools,1,110.0,93.5,0.15,7.0,West,California,Los Angeles,Credit Card
ORD-2024-11518,2022-09-19,CUST-1232,Brian Miller,PROD-TEC-110,True Wireless Earbuds,Technology,Phones & Audio,1,89.0,89.0,0.0,27.15,North,Minnesota,Minneapolis,Credit Card
ORD-2022-11519,2023-06-18,CUST-1035,Michael Harris,PROD-FUR-115,Adjustable Drafting Stool,Furniture,Chairs & Stools,1,110.0,104.5,0.05,18.0,West,California,Los Angeles,Credit Card
ORD-2024-11520,2022-06-30,CUST-1148,Susan Sanchez,PROD-HOM-136,Weighted Cooling Blanket 15lbs,Home & Kitchen,Bedding & Decor,1,95.0,90.25,0.05,24.5,Central,Texas,Dallas,Credit Card
ORD-2024-11521,2022-03-20,CUST-1035,Michael Harris,PROD-TEC-107,USB-C Multi-Port Hub,Technology,Accessories,2,45.0,63.0,0.3,8.5,West,California,San Diego,Credit Card
ORD-2024-11522,2022-07-03,CUST-1079,Margaret Hernandez,PROD-HOM-135,100% Organic Cotton Sheet Set Queen,Home & Kitchen,Bedding & Decor,1,85.0,80.75,0.05,24.05,South,Florida,Orlando  ,Credit Card
ORD-2022-11523,2023-05-28,CUST-1259,Robert Perez,PROD-TEC-104,24-Inch IPS FHD Monitor,Technology,Laptops & Monitors,3,180.0,540.0,0.0,156.0,West,Washington,Seattle,PayPal
ORD-2023-11524,2023-08-11,CUST-1401,Carol Moore,PROD-FUR-118,Solid Wood Conference Table,Furniture,Desks & Tables,1,850.0,807.5,0.05,81.0,East,Massachusetts,Boston,PayPal
ORD-2022-11525,2022-03-10,CUST-1194,Karen Miller,PROD-TEC-109,Noise Canceling Headphones,Technology,Phones & Audio,1,199.0,159.2,0.2,15.9,East,New York,New York City,UPI / Net Banking
ORD-2024-11526,2023-02-18,CUST-1269,Kevin Harris,PROD-HOM-130,Programmable Drip Coffee Maker,Home & Kitchen,Appliances,2,75.0,135.0,0.1,32.5,West,Oregon,Portland,UPI / Net Banking
ORD-2024-11527,2023-02-22,CUST-1086,Kenneth Gonzalez,PROD-HOM-133,Stainless Steel Chef Knife 8-Inch,Home & Kitchen,Cookware & Dining,1,45.0,45.0,0.0,16.25,West,Washington,Seattle,Credit Card
ORD-2022-11528,2023-09-11,CUST-1212,Linda Jones,PROD-OFF-125,3-Drawer Mobile File Cabinet,Office Supplies,Storage & Organization,1,145.0,108.75,0.25,0.35,North,Minnesota,Minneapolis,Credit Card
ORD-2024-11529,2024-02-08,CUST-1076,Edward Moore,PROD-HOM-129,Digital Touchscreen Air Fryer 5.8Qt,Home & Kitchen,Appliances,5,110.0,522.5,0.05,129.5,West,Oregon,Portland,PayPal
ORD-2022-11530,2022-08-21,CUST-1225,Melissa Martinez,PROD-FUR-117,Compact Computer Desk,Furniture,Desks & Tables,3,130.0,234.0,0.4,-76.2,West,Washington,Seattle,PayPal
ORD-2022-11531,2022-09-09,CUST-1075,Amanda Wright,PROD-TEC-107,USB-C Multi-Port Hub,Technology,Accessories,1,45.0,45.0,0.0,16.25,East,Pennsylvania,Philadelphia,Cash on Delivery
ORD-2022-11532,2023-09-05,CUST-1151,Matthew Taylor,PROD-OFF-123,Gel Ink Pens Box of 24,Office Supplies,Paper & Stationary,4,15.0,51.0,0.15,17.0,West,Oregon,Portland,Credit Card
ORD-2023-11533,2022-07-18,CUST-1159, Patricia Lee ,PROD-HOM-133,Stainless Steel Chef Knife 8-Inch,Home & Kitchen,Cookware & Dining,1,45.0,45.0,0.0,16.25,West,California,San Francisco,PayPal
ORD-2024-11534,2022-08-12,CUST-1323,Steven Garcia,PROD-HOM-134,Insulated Stainless Steel Tumbler 30oz,Home & Kitchen,Cookware & Dining,2,25.0,50.0,0.0,20.0,East,Pennsylvania,Philadelphia,Credit Card
ORD-2023-11535,2023-01-12,CUST-1027,Matthew Garcia,PROD-HOM-134,Insulated Stainless Steel Tumbler 30oz,Home & Kitchen,Cookware & Dining,2,25.0,37.5,0.25,7.5,Central,Ohio,Columbus,PayPal
ORD-2024-11536,2024-01-17,CUST-1384,Robert Nguyen,PROD-HOM-133,Stainless Steel Chef Knife 8-Inch,Home & Kitchen,Cookware & Dining,2,45.0,90.0,0.0,35.5,East,New York,New York City,UPI / Net Banking
ORD-2024-11537,2024-01-10,CUST-1326,Brian Martinez,PROD-FUR-118,Solid Wood Conference Table,Furniture,Desks & Tables,4,850.0,3400.0,0.0,503.0,West,California,San Francisco,Debit Card
ORD-2022-11538,2022-02-15,CUST-1156,Charles Wilson,PROD-TEC-101,ProBook 15.6 Inch Laptop,Technology,Laptops & Monitors,3,850.0,1912.5,0.25,-82.5,Central,Texas,Houston,Debit Card
ORD-2024-11539,2023-08-05,CUST-1131,George Brown,PROD-FUR-114,High-Back Leather Gaming Chair,Furniture,Chairs & Stools,1,290.0,290.0,0.0,48.2,East,New York,New York City,Credit Card
ORD-2022-11540,2023-04-25,CUST-1085,Joshua Allen,PROD-HOM-132,Non-Stick Ceramic Cookware 10-Piece,Home & Kitchen,Cookware & Dining,3,180.0,486.0,0.1,112.8,East,New York,New York City,UPI / Net Banking
ORD-2023-11541,2022-09-22,CUST-1296,Ashley Sanchez,PROD-HOM-136,Weighted Cooling Blanket 15lbs,Home & Kitchen,Bedding & Decor,1,95.0,95.0,0.0,29.25,East,Pennsylvania,Philadelphia,Credit Card
ORD-2024-11542,2023-11-30,CUST-1143,Patricia Wright,PROD-FUR-116,Electric Dual-Motor Standing Desk,Furniture,Desks & Tables,1,450.0,427.5,0.05,54.5,West,California,San Francisco,Cash on Delivery
ORD-2024-11543,2023-02-19,CUST-1027,Matthew Garcia,PROD-FUR-120,Modern Modular Bookshelf,Furniture,Bookcases,1,210.0,210.0,0.0,42.2,East,Pennsylvania,Philadelphia,Debit Card
ORD-2022-11544,2023-04-21,CUST-1079,Margaret Hernandez,PROD-TEC-107,USB-C Multi-Port Hub,Technology,Accessories,1,45.0,38.25,0.15,9.5,West,Oregon,Portland,Debit Card
ORD-2022-11545,2022-06-16,CUST-1320,Robert Jackson,PROD-HOM-131,Compact HEPA Air Purifier,Home & Kitchen,Appliances,2,130.0,260.0,0.0,67.8,East,New York,New York City,Credit Card
ORD-2023-11546,2023-04-30,CUST-1016,Edward Hernandez,PROD-OFF-122,Executive Hardcover Notebook 3-Pack,Office Supplies,Paper & Stationary,2,24.0,48.0,0.0,19.0,East,Pennsylvania,Philadelphia,Cash on Delivery
ORD-2024-11547,2022-08-08,CUST-1208,Joshua Taylor,PROD-OFF-128,Precision Cutting Mat & Knife Set,Office Supplies,Art & Craft,1,22.0,18.7,0.15,3.26,South,Florida,Orlando,Credit Card
ORD-2023-11548,2024-05-23,CUST-1043,Steven Thomas,PROD-TEC-107,USB-C Multi-Port Hub,Technology,Accessories,1,45.0,45.0,0.0,16.25,Central,Illinois,Chicago,Debit Card
ORD-2024-11549,2023-10-26,CUST-1078,Linda Jackson,PROD-TEC-104,24-Inch IPS FHD Monitor,Technology,Laptops & Monitors,4,180.0,540.0,0.25,29.0,Central,Illinois,Chicago,Credit Card
ORD-2024-11550,2023-01-01,CUST-1342,Ashley Anderson,PROD-TEC-106,Mechanical RGB Keyboard,Technology,Accessories,1,75.0,63.75,0.15,11.0,East,New York,New York City,Credit Card
ORD-2022-11551,2023-09-22,CUST-1001,Joshua Davis,PROD-FUR-113,Ergonomic Executive Mesh Chair,Furniture,Chairs & Stools,3,240.0,684.0,0.05,102.0,North,Michigan,Detroit,PayPal
ORD-2024-11552,2022-03-15,CUST-1426,Carol Young,PROD-FUR-119,5-Shelf Ladder Bookcase,Furniture,Bookcases,1,140.0,105.0,0.25,-4.0,West,California,San Francisco,Credit Card
ORD-2022-11553,2023-05-24,CUST-1311,Margaret Scott,PROD-FUR-115,Adjustable Drafting Stool,Furniture,Chairs & Stools,2,110.0,220.0,0.0,50.0,West,California,San Diego,Credit Card
ORD-2023-11554,2023-06-06,CUST-1157,Patricia Nguyen,PROD-FUR-119,5-Shelf Ladder Bookcase,Furniture,Bookcases,2,140.0,280.0,0.0,65.0,South,North Carolina,Charlotte,PayPal
ORD-2022-11555,2022-09-04,CUST-1237,Joseph Anderson,PROD-TEC-110,True Wireless Earbuds,Technology,Phones & Audio,1,89.0,89.0,0.0,27.15,West,California,San Francisco,Credit Card
ORD-2022-11556,2022-06-02,CUST-1371,William Walker,PROD-TEC-105,Wireless Ergonomic Mouse,Technology,Accessories,4,35.0,126.0,0.1,35.0,East,Pennsylvania,Philadelphia,Credit Card
ORD-2022-11557,2023-10-22,CUST-1343,Sarah Ramirez,PROD-HOM-136,Weighted Cooling Blanket 15lbs,Home & Kitchen,Bedding & Decor,1,95.0,85.5,0.1,19.75,East,Pennsylvania,Philadelphia,Cash on Delivery
ORD-2022-11558,2022-12-20,CUST-1034,Jennifer Anderson,PROD-TEC-104,24-Inch IPS FHD Monitor,Technology,Laptops & Monitors,4,180.0,720.0,0.0,209.0,Central,Illinois,Chicago,UPI / Net Banking
ORD-2023-11559,2024-03-13,CUST-1364,Patricia Thompson,PROD-OFF-121,Premium Multipurpose Copy Paper 5 Reams,Office Supplies,Paper & Stationary,2,38.0,76.0,0.0,29.2,West,Washington,Seattle,UPI / Net Banking
ORD-2024-11560,2024-06-07,CUST-1359,Nancy Harris,PROD-TEC-112,Smart Fitness Watch,Technology,Phones & Audio,3,149.0,402.3,0.1,74.46,South,Florida,Miami,UPI / Net Banking
ORD-2023-11561,2022-06-01,CUST-1022,Matthew Miller,PROD-TEC-109,Noise Canceling Headphones,Technology,Phones & Audio,5,199.0,995.0,0.0,290.5,Central,Texas,Houston,PayPal
ORD-2022-11562,2024/02/29,CUST-1005,Amanda Wright,PROD-OFF-124,Heavy-Duty Plastic Storage Bins 4-Pack,Office Supplies,Storage & Organization,3,55.0,148.5,0.1,43.5,East,Pennsylvania,Philadelphia,PayPal
ORD-2024-11563,2022-07-26,CUST-1109,Donald Davis,PROD-TEC-110,True Wireless Earbuds,Technology,Phones & Audio,3,89.0,267.0,0.0,87.45,West,California,San Diego,Credit Card
ORD-2024-11564,2023-08-28,CUST-1314,Donald Taylor,PROD-FUR-113,Ergonomic Executive Mesh Chair,Furniture,Chairs & Stools,1,240.0,240.0,0.0,44.0,West,Washington,Seattle,Debit Card
ORD-2023-11565,2023-07-06,CUST-1387,Amanda Hill,PROD-HOM-130,Programmable Drip Coffee Maker,Home & Kitchen,Appliances,3,75.0,202.5,0.1,50.25,South,Florida,Miami,Credit Card
ORD-2023-11566,2023-04-20,CUST-1312,Donald Hernandez,PROD-FUR-115,Adjustable Drafting Stool,Furniture,Chairs & Stools,1,110.0,88.0,0.2,1.5,East,Pennsylvania,Philadelphia,Cash on Delivery
ORD-2022-11567,2023-11-16,CUST-1297,Jessica Martinez,PROD-FUR-117,Compact Computer Desk,Furniture,Desks & Tables,4,130.0,494.0,0.05,81.4,North,Minnesota,Minneapolis,Credit Card
ORD-2023-11568,2022-01-03,CUST-1221,Amanda Thomas,PROD-TEC-104,24-Inch IPS FHD Monitor,Technology,Laptops & Monitors,1,180.0,162.0,0.1,32.0,West,California,Los Angeles,UPI / Net Banking
ORD-2024-11569,2024-06-08,CUST-1376,David Hill,PROD-FUR-120,Modern Modular Bookshelf,Furniture,Bookcases,1,210.0,199.5,0.05,31.7,Central,Ohio,Columbus,PayPal
ORD-2022-11570,2024-05-25,CUST-1121,Kevin Young,PROD-OFF-125,3-Drawer Mobile File Cabinet,Office Supplies,Storage & Organization,1,145.0,145.0,0.0,36.6,South,Georgia,Atlanta,Credit Card
ORD-2022-11571,2023-05-07,CUST-1011,Mary Scott,PROD-TEC-107,USB-C Multi-Port Hub,Technology,Accessories,4,45.0,171.0,0.05,65.0,South,Florida,Orlando,PayPal
ORD-2022-11572,2023-03-13,CUST-1105,Edward Gonzalez,PROD-TEC-111,Bluetooth Conference Speaker,Technology,Phones & Audio,1,120.0,114.0,0.05,28.4,South,Georgia,Atlanta,Debit Card
ORD-2022-11573,2022-03-20,CUST-1080,Sandra Smith,PROD-TEC-108,HD Pro Webcam 1080p,Technology,Accessories,6,65.0,370.5,0.05,119.7,East,New York,New York City,Credit Card
ORD-2022-11574,2022-04-27,CUST-1392,Robert Allen,PROD-HOM-129,Digital Touchscreen Air Fryer 5.8Qt,Home & Kitchen,Appliances,6,110.0,660.0,0.0,189.0,South,Georgia,Atlanta,UPI / Net Banking
ORD-2024-11575,2023-09-22,CUST-1143,Patricia Wright,PROD-TEC-106,Mechanical RGB Keyboard,Technology,Accessories,2,75.0,150.0,0.0,47.5,Central,Texas,Austin,Credit Card
ORD-2024-11576,2022-01-19,CUST-1318,Ashley Thomas,PROD-TEC-106,Mechanical RGB Keyboard,Technology,Accessories,4,75.0,285.0,0.05,83.0,West,California,Los Angeles,PayPal
ORD-2024-11577,2022-12-26,CUST-1016,Edward Hernandez,PROD-OFF-122,Executive Hardcover Notebook 3-Pack,Office Supplies,Paper & Stationary,2,24.0,45.6,0.05,16.6,West,Washington,Seattle,Credit Card
ORD-2022-11578,2022-07-14,CUST-1318,Ashley Thomas,PROD-HOM-131,Compact HEPA Air Purifier,Home & Kitchen,Appliances,2,130.0,221.0,0.15,28.8,West,Oregon,Portland,Debit Card
ORD-2023-11579,2023-07-25,CUST-1395,Ashley Miller,PROD-HOM-130,Programmable Drip Coffee Maker,Home & Kitchen,Appliances,3,75.0,225.0,0.0,72.75,West,Washington,Seattle,UPI / Net Banking
ORD-2024-11580,2022-12-30,CUST-1009,Susan Anderson,PROD-OFF-124,Heavy-Duty Plastic Storage Bins 4-Pack,Office Supplies,Storage & Organization,3,55.0,156.75,0.05,51.75,Central,Texas,Austin,Credit Card
ORD-2022-11581,2023-09-01,CUST-1267,Emily Rodriguez,PROD-HOM-136,Weighted Cooling Blanket 15lbs,Home & Kitchen,Bedding & Decor,3,95.0,270.75,0.05,79.5,Central,Illinois,Chicago,Credit Card
ORD-2022-11582,2023-10-02,CUST-1416,Thomas Perez,PROD-TEC-103,27-Inch 4K UHD Monitor,Technology,Laptops & Monitors,1,350.0,350.0,0.0,94.0,North,Wisconsin,Milwaukee,Debit Card
ORD-2022-11583,2022-11-04,CUST-1341,Kenneth Anderson,PROD-TEC-109,Noise Canceling Headphones,Technology,Phones & Audio,2,199.0,398.0,0.0,114.4,East,Pennsylvania,Philadelphia,PayPal
ORD-2024-11584,2023-01-08,CUST-1039,Daniel Wilson,PROD-HOM-132,Non-Stick Ceramic Cookware 10-Piece,Home & Kitchen,Cookware & Dining,2,180.0,342.0,0.05,92.2,East,Pennsylvania,Philadelphia,PayPal
ORD-2022-11585,2024-06-09,CUST-1071,Kenneth Robinson,PROD-HOM-134,Insulated Stainless Steel Tumbler 30oz,Home & Kitchen,Cookware & Dining,1,25.0,25.0,0.0,8.5,West,Oregon,Portland,Credit Card
ORD-2023-11586,2024-06-28,CUST-1064,Paul Young,PROD-TEC-112,Smart Fitness Watch,Technology,Phones & Audio,1,149.0,134.1,0.1,22.82,Central,Ohio,Columbus,PayPal
ORD-2024-11587,2024-02-12,CUST-1278,Sandra Lewis,PROD-TEC-106,Mechanical RGB Keyboard,Technology,Accessories,2,75.0,150.0,0.0,47.5,West,Oregon,Portland,Cash on Delivery
ORD-2022-11588,2023-02-18,CUST-1386,Michael Martin,PROD-TEC-103,27-Inch 4K UHD Monitor,Technology,Laptops & Monitors,2,350.0,630.0,0.1,121.0,East,Pennsylvania,Philadelphia,Debit Card
ORD-2022-11589,2022-04-07,CUST-1302,Brian King,PROD-TEC-101,ProBook 15.6 Inch Laptop,Technology,Laptops & Monitors,1,850.0,807.5,0.05,140.5,North,Michigan,Detroit,Cash on Delivery
ORD-2022-11590,2023-08-29,CUST-1288,Joseph Gonzalez,PROD-FUR-116,Electric Dual-Motor Standing Desk,Furniture,Desks & Tables,2,450.0,855.0,0.05,112.0,North,Michigan,Detroit,PayPal
ORD-2022-11591,2023-04-27,CUST-1112,Mary Nguyen,PROD-TEC-109,Noise Canceling Headphones,Technology,Phones & Audio,1,199.0,189.05,0.05,45.75,East,New York,Buffalo,Debit Card
ORD-2024-11592,2023-06-20,CUST-1449,Michael Gonzalez,PROD-FUR-118,Solid Wood Conference Table,Furniture,Desks & Tables,2,850.0,1615.0,0.05,165.0,West,Oregon,Portland,Credit Card
ORD-2022-11593,2023-09-20,CUST-1342,Ashley Anderson,PROD-OFF-125,3-Drawer Mobile File Cabinet,Office Supplies,Storage & Organization,2,145.0,246.5,0.15,32.7,Central,Texas,Houston,Credit Card
ORD-2024-11594,2022-10-22,CUST-1138,William Ramirez,PROD-FUR-116,Electric Dual-Motor Standing Desk,Furniture,Desks & Tables,6,450.0,2025.0,0.25,-198.0,East,New York,New York City,
ORD-2024-11595,2022-07-15,CUST-1383,Betty Gonzalez,PROD-FUR-117,Compact Computer Desk,Furniture,Desks & Tables,3,130.0,331.5,0.15,21.3,North,Wisconsin,Milwaukee,UPI / Net Banking
ORD-2022-11596,2023-12-30,CUST-1021,Michael Garcia,PROD-FUR-115,Adjustable Drafting Stool,Furniture,Chairs & Stools,3,110.0,313.5,0.05,60.0,East,New York,Buffalo,Credit Card
ORD-2022-11597,2023-08-12,CUST-1002,Mary Moore,PROD-FUR-114,High-Back Leather Gaming Chair,Furniture,Chairs & Stools,2,290.0,522.0,0.1,41.4,Central,Illinois,Chicago,PayPal
ORD-2024-11598,2023-10-26,CUST-1403,Deborah Walker,PROD-TEC-108,HD Pro Webcam 1080p,Technology,Accessories,1,65.0,61.75,0.05,17.45,East,Pennsylvania,Philadelphia,Debit Card
ORD-2022-11599,2024-05-28,CUST-1326,Brian Martinez,PROD-TEC-110,True Wireless Earbuds,Technology,Phones & Audio,3,89.0,240.3,0.1,60.75,North,Michigan,Detroit,Credit Card
ORD-2023-11600,2022-10-08,CUST-1224, Anthony Flores ,PROD-TEC-104,24-Inch IPS FHD Monitor,Technology,Laptops & Monitors,2,180.0,360.0,0.0,103.0,West,California,San Diego,UPI / Net Banking
ORD-2023-11601,2023-06-21,CUST-1149,Patricia Hernandez,PROD-FUR-114,High-Back Leather Gaming Chair,Furniture,Chairs & Stools,3,290.0,696.0,0.2,-23.4,East,Massachusetts,Boston,UPI / Net Banking
ORD-2023-11602,2024-03-15,CUST-1391,Kevin White,PROD-HOM-134,Insulated Stainless Steel Tumbler 30oz,Home & Kitchen,Cookware & Dining,1,25.0,20.0,0.2,3.5,West,California,Los Angeles,Credit Card
ORD-2023-11603,2024-05-09,CUST-1245,Linda Taylor,PROD-OFF-125,3-Drawer Mobile File Cabinet,Office Supplies,Storage & Organization,2,145.0,217.5,0.25,3.7,East,Pennsylvania,Philadelphia,Credit Card
ORD-2023-11604,2023-01-29,CUST-1113,Emily Anderson,PROD-HOM-136,Weighted Cooling Blanket 15lbs,Home & Kitchen,Bedding & Decor,4,95.0,380.0,0.0,126.0,East,New York,Buffalo,Debit Card
ORD-2024-11605,2023-06-13,CUST-1410,Andrew Flores,PROD-FUR-120,Modern Modular Bookshelf,Furniture,Bookcases,2,210.0,315.0,0.25,-17.6,South,North Carolina,Charlotte,Debit Card
ORD-2022-11606,2024/02/15,CUST-1343,Sarah Ramirez,PROD-HOM-136,Weighted Cooling Blanket 15lbs,Home & Kitchen,Bedding & Decor,8,95.0,722.0,0.05,217.0,East,New York,Buffalo,Credit Card
ORD-2024-11607,2024-02-28,CUST-1284,Kevin Flores,PROD-OFF-127,Professional Acrylic Paint Set,Office Supplies,Art & Craft,2,42.0,84.0,0.0,30.28,North,Wisconsin,Milwaukee,PayPal
ORD-2023-11608,2022-09-15,CUST-1357,Christopher Wilson,PROD-FUR-118,Solid Wood Conference Table,Furniture,Desks & Tables,1,850.0,807.5,0.05,81.0,Central,Ohio,Columbus,UPI / Net Banking
ORD-2022-11609,2023-01-25,CUST-1242,Daniel Allen,PROD-FUR-113,Ergonomic Executive Mesh Chair,Furniture,Chairs & Stools,5,240.0,1140.0,0.05,172.0,South,Florida,Orlando,Debit Card
ORD-2023-11610,2022-08-22,CUST-1221,Amanda Thomas,PROD-HOM-136,Weighted Cooling Blanket 15lbs,Home & Kitchen,Bedding & Decor,2,95.0,190.0,0.0,61.5,East,New York,New York City,Debit Card
ORD-2022-11611,2023-04-24,CUST-1212,Linda Jones,PROD-HOM-135,100% Organic Cotton Sheet Set Queen,Home & Kitchen,Bedding & Decor,1,85.0,85.0,0.0,28.3,Central,Illinois,Chicago,Credit Card
ORD-2022-11612,2022-08-12,CUST-1190,David Lewis,PROD-TEC-107,USB-C Multi-Port Hub,Technology,Accessories,2,45.0,85.5,0.05,31.0,North,Michigan,Detroit,Debit Card
ORD-2023-11613,2022-08-03,CUST-1048,Deborah Brown,PROD-OFF-122,Executive Hardcover Notebook 3-Pack,Office Supplies,Paper & Stationary,1,24.0,22.8,0.05,6.8,South,Florida,Orlando,Cash on Delivery
ORD-2022-11614,2022-02-15,CUST-1244,Nancy Johnson,PROD-FUR-118,Solid Wood Conference Table,Furniture,Desks & Tables,2,850.0,1700.0,0.0,250.0,North,Wisconsin,Milwaukee,Credit Card
ORD-2022-11615,2024-03-25,CUST-1211,Emily Smith,PROD-OFF-122,Executive Hardcover Notebook 3-Pack,Office Supplies,Paper & Stationary,3,24.0,68.4,0.05,26.4,East,New York,New York City,Credit Card
ORD-2023-11616,2023-01-01,CUST-1386,Michael Martin,PROD-HOM-129,Digital Touchscreen Air Fryer 5.8Qt,Home & Kitchen,Appliances,1,110.0,99.0,0.1,18.0,North,Wisconsin,Milwaukee,Credit Card
ORD-2023-11617,2022-07-17,CUST-1089,Steven King,PROD-TEC-111,Bluetooth Conference Speaker,Technology,Phones & Audio,4,120.0,480.0,0.0,146.6,Central,Texas,Houston,Credit Card
ORD-2023-11618,2022-03-04,CUST-1339,Anthony Wright,PROD-HOM-129,Digital Touchscreen Air Fryer 5.8Qt,Home & Kitchen,Appliances,6,110.0,561.0,0.15,90.0,Central,Texas,Houston,PayPal
ORD-2023-11619,2024-05-04,CUST-1352,Kevin Johnson,PROD-OFF-128,Precision Cutting Mat & Knife Set,Office Supplies,Art & Craft,3,22.0,46.2,0.3,5.88,Central,Texas,Houston,UPI / Net Banking
ORD-2022-11620,2023-06-30,CUST-1090,James Hill,PROD-OFF-127,Professional Acrylic Paint Set,Office Supplies,Art & Craft,2,42.0,84.0,0.0,30.28,West,California,Los Angeles,Credit Card
ORD-2024-11621,2024-04-12,CUST-1086,Kenneth Gonzalez,PROD-FUR-118,Solid Wood Conference Table,Furniture,Desks & Tables,2,850.0,1615.0,0.05,165.0,Central,Ohio,Columbus,Credit Card
ORD-2024-11622,2022-12-04,CUST-1232,Brian Miller,PROD-TEC-111,Bluetooth Conference Speaker,Technology,Phones & Audio,1,120.0,114.0,0.05,28.4,North,Wisconsin,Milwaukee,Credit Card
ORD-2023-11623,2022-10-13,CUST-1162,Paul King,PROD-FUR-117,Compact Computer Desk,Furniture,Desks & Tables,2,130.0,234.0,0.1,26.2,Central,Ohio,Columbus,Credit Card
ORD-2023-11624,2024-03-02,CUST-1275,Susan Ramirez,PROD-HOM-130,Programmable Drip Coffee Maker,Home & Kitchen,Appliances,2,75.0,150.0,0.0,47.5,North,Michigan,Detroit,Credit Card
ORD-2024-11625,2023-07-01,CUST-1439,Thomas Anderson,PROD-TEC-108,HD Pro Webcam 1080p,Technology,Accessories,2,65.0,130.0,0.0,44.4,East,Massachusetts,Boston,PayPal
ORD-2022-11626,2023-07-06,CUST-1449,Michael Gonzalez,PROD-FUR-115,Adjustable Drafting Stool,Furniture,Chairs & Stools,1,110.0,110.0,0.0,23.5,West,California,San Francisco,Credit Card
ORD-2024-11627,2023-07-20,CUST-1043,Steven Thomas,PROD-OFF-122,Executive Hardcover Notebook 3-Pack,Office Supplies,Paper & Stationary,1,24.0,20.4,0.15,4.4,South,Florida,Miami,UPI / Net Banking
ORD-2022-11628,2022-05-24,CUST-1412,Nancy Johnson,PROD-FUR-115,Adjustable Drafting Stool,Furniture,Chairs & Stools,4,110.0,396.0,0.1,59.0,East,New York,New York City,PayPal
ORD-2024-11629,2024-02-18,CUST-1165,Barbara Jones,PROD-HOM-130,Programmable Drip Coffee Maker,Home & Kitchen,Appliances,4,75.0,255.0,0.15,53.0,West,California,San Francisco,Credit Card
ORD-2022-11630,2024-03-04,CUST-1341,Kenneth Anderson,PROD-TEC-102,UltraSlim 14 Inch Notebook,Technology,Laptops & Monitors,4,1100.0,3960.0,0.1,653.0,North,Wisconsin,Milwaukee,Credit Card
ORD-2022-11631,2023-12-06,CUST-1098,Robert Wright,PROD-HOM-131,Compact HEPA Air Purifier,Home & Kitchen,Appliances,1,130.0,130.0,0.0,32.4,South,Florida,Miami,Credit Card
ORD-2024-11632,2022-01-27,CUST-1369,Mary Flores,PROD-TEC-110,True Wireless Earbuds,Technology,Phones & Audio,1,89.0,44.5,0.5,-17.35,East,Pennsylvania,Philadelphia,UPI / Net Banking
ORD-2023-11633,2022-09-25,CUST-1082,Paul Lopez,PROD-TEC-106,Mechanical RGB Keyboard,Technology,Accessories,2,75.0,127.5,0.15,25.0,Central,Ohio,Columbus,UPI / Net Banking
ORD-2022-11634,2022-06-04,CUST-1090,James Hill,PROD-FUR-119,5-Shelf Ladder Bookcase,Furniture,Bookcases,5,140.0,700.0,0.0,167.0,East,New York,New York City,Credit Card
ORD-2022-11635,2022-01-03,CUST-1339,Anthony Wright,PROD-FUR-117,Compact Computer Desk,Furniture,Desks & Tables,3,130.0,312.0,0.2,1.8,West,California,San Francisco,Debit Card
ORD-2022-11636,2023-02-19,CUST-1194,Karen Miller,PROD-TEC-108,HD Pro Webcam 1080p,Technology,Accessories,1,65.0,55.25,0.15,10.95,North,Michigan,Detroit,Credit Card
ORD-2022-11637,2023-01-10,CUST-1159,Patricia Lee,PROD-TEC-111,Bluetooth Conference Speaker,Technology,Phones & Audio,2,120.0,240.0,0.0,71.8,Central,Ohio,Columbus,Debit Card
ORD-2022-11638,2022-09-04,CUST-1211,Emily Smith,PROD-HOM-136,Weighted Cooling Blanket 15lbs,Home & Kitchen,Bedding & Decor,1,95.0,90.25,0.05,24.5,West,Washington,Seattle,Debit Card
ORD-2024-11639,2022-07-09,CUST-1065,Jennifer Brown,PROD-TEC-105,Wireless Ergonomic Mouse,Technology,Accessories,2,35.0,70.0,0.0,23.0,South,Florida,Miami,PayPal
ORD-2022-11640,2024-06-30,CUST-1285,Nancy Garcia,PROD-HOM-134,Insulated Stainless Steel Tumbler 30oz,Home & Kitchen,Cookware & Dining,2,25.0,50.0,0.0,20.0,South,Florida,Miami,Cash on Delivery
ORD-2023-11641,2023-05-26,CUST-1128,Kevin Ramirez,PROD-HOM-134,Insulated Stainless Steel Tumbler 30oz,Home & Kitchen,Cookware & Dining,1,25.0,25.0,0.0,8.5,East,New York,Buffalo,Debit Card
ORD-2022-11642,2023-11-21,CUST-1034,Jennifer Anderson,PROD-TEC-110,True Wireless Earbuds,Technology,Phones & Audio,1,89.0,89.0,0.0,27.15,Central,Texas,Dallas,Debit Card
ORD-2024-11643,2022-11-11,CUST-1209,David Lewis,PROD-FUR-120,Modern Modular Bookshelf,Furniture,Bookcases,2,210.0,399.0,0.05,66.4,Central,Texas,Houston,Credit Card
ORD-2024-11644,2023-03-18,CUST-1110,Jessica Anderson,PROD-TEC-107,USB-C Multi-Port Hub,Technology,Accessories,1,45.0,36.0,0.2,7.25,East,Pennsylvania,Philadelphia,PayPal
ORD-2024-11645,2023-02-04,CUST-1081,George Taylor,PROD-OFF-123,Gel Ink Pens Box of 24,Office Supplies,Paper & Stationary,5,15.0,75.0,0.0,33.25,West,California,San Diego,Debit Card
ORD-2024-11646,2023-01-13,CUST-1175,Christopher Taylor,PROD-HOM-135,100% Organic Cotton Sheet Set Queen,Home & Kitchen,Bedding & Decor,5,85.0,318.75,0.25,47.25,South,Florida,Orlando,Credit Card
ORD-2023-11647,2022-11-12,CUST-1211,Emily Smith,PROD-FUR-118,Solid Wood Conference Table,Furniture,Desks & Tables,3,850.0,2422.5,0.05,249.0,West,California,San Diego,Credit Card
ORD-2022-11648,2024-01-19,CUST-1056,Elizabeth Taylor,PROD-OFF-124,Heavy-Duty Plastic Storage Bins 4-Pack,Office Supplies,Storage & Organization,1,55.0,46.75,0.15,9.75,West,California,San Francisco,Credit Card
ORD-2022-11649,2023-04-22,CUST-1313,Melissa Walker,PROD-TEC-104,24-Inch IPS FHD Monitor,Technology,Laptops & Monitors,2,180.0,288.0,0.2,31.0,South,Georgia,Atlanta,Credit Card
ORD-2022-11650,2022-08-02,CUST-1392,Robert Allen,PROD-OFF-123,Gel Ink Pens Box of 24,Office Supplies,Paper & Stationary,1,15.0,15.0,0.0,4.25,North,Michigan,Detroit,Debit Card
ORD-2022-11651,2024-04-06,CUST-1073,Emily Smith,PROD-TEC-107,USB-C Multi-Port Hub,Technology,Accessories,2,45.0,85.5,0.05,31.0,West,California,Los Angeles,PayPal
ORD-2024-11652,2022-02-19,CUST-1311,Margaret Scott,PROD-FUR-113,Ergonomic Executive Mesh Chair,Furniture,Chairs & Stools,2,240.0,480.0,0.0,91.0,East,New York,Buffalo,Debit Card
ORD-2023-11653,2022-08-20,CUST-1021,Michael Garcia,PROD-OFF-127,Professional Acrylic Paint Set,Office Supplies,Art & Craft,6,42.0,252.0,0.0,96.84,South,Florida,Miami,PayPal
ORD-2023-11654,2023-02-03,CUST-1049,Joseph Williams,PROD-HOM-130,Programmable Drip Coffee Maker,Home & Kitchen,Appliances,1,75.0,75.0,0.0,22.25,East,Massachusetts,Boston,PayPal
ORD-2022-11655,2024-04-20,CUST-1014,Donald Nguyen,PROD-TEC-102,UltraSlim 14 Inch Notebook,Technology,Laptops & Monitors,1,1100.0,1100.0,0.0,271.0,West,Oregon,Portland,PayPal
ORD-2022-11656,2022-09-08,CUST-1353,Jennifer Ramirez,PROD-OFF-125,3-Drawer Mobile File Cabinet,Office Supplies,Storage & Organization,1,145.0,137.75,0.05,29.35,West,California,San Diego,Debit Card
ORD-2022-11657,2024-01-13,CUST-1213,Brian Martinez,PROD-TEC-101,ProBook 15.6 Inch Laptop,Technology,Laptops & Monitors,4,850.0,3400.0,0.0,741.0,South,Florida,Orlando,PayPal
ORD-2024-11658,2022-03-14,CUST-1414,Barbara Young,PROD-TEC-108,HD Pro Webcam 1080p,Technology,Accessories,2,65.0,117.0,0.1,31.4,West,Oregon,Portland,Credit Card
ORD-2024-11659,2023-05-04,CUST-1176,Susan Lee,PROD-TEC-102,UltraSlim 14 Inch Notebook,Technology,Laptops & Monitors,3,1100.0,3135.0,0.05,654.0,Central,Ohio,Columbus,Credit Card
ORD-2022-11660,2023-09-14,CUST-1309,Christopher Lewis,PROD-HOM-133,Stainless Steel Chef Knife 8-Inch,Home & Kitchen,Cookware & Dining,5,45.0,213.75,0.05,82.0,East,New York,Buffalo,Debit Card
ORD-2022-11661,2023-12-14,CUST-1382,Amanda Harris,PROD-FUR-119,5-Shelf Ladder Bookcase,Furniture,Bookcases,3,140.0,357.0,0.15,36.0,West,California,San Francisco,UPI / Net Banking
ORD-2023-11662,2022-09-01,CUST-1253,Matthew Torres,PROD-OFF-126,Desktop Document Organizer,Office Supplies,Storage & Organization,1,28.0,26.6,0.05,7.2,South,North Carolina,Charlotte,UPI / Net Banking
ORD-2022-11663,2023-03-13,CUST-1400,George King,PROD-TEC-102,UltraSlim 14 Inch Notebook,Technology,Laptops & Monitors,3,1100.0,2640.0,0.2,159.0,East,New York,New York City,UPI / Net Banking
ORD-2023-11664,2024-06-24,CUST-1312,Donald Hernandez,PROD-TEC-106,Mechanical RGB Keyboard,Technology,Accessories,1,75.0,75.0,0.0,22.25,East,New York,New York City,Debit Card
ORD-2022-11665,2024-02-26,CUST-1112,Mary Nguyen,PROD-FUR-117,Compact Computer Desk,Furniture,Desks & Tables,1,130.0,130.0,0.0,24.6,East,Pennsylvania,Philadelphia,Credit Card
ORD-2023-11666,2023-10-04,CUST-1434,Daniel Ramirez,PROD-HOM-132,Non-Stick Ceramic Cookware 10-Piece,Home & Kitchen,Cookware & Dining,2,180.0,342.0,0.05,92.2,West,Washington,Seattle,PayPal
ORD-2023-11667,2022/10/25,CUST-1384,Robert Nguyen,PROD-TEC-103,27-Inch 4K UHD Monitor,Technology,Laptops & Monitors,5,350.0,1487.5,0.15,219.5,West,California,Los Angeles,PayPal
ORD-2022-11668,2022-12-17,CUST-1153,Margaret Scott,PROD-FUR-116,Electric Dual-Motor Standing Desk,Furniture,Desks & Tables,1,450.0,450.0,0.0,77.0,West,Washington,Seattle,PayPal
ORD-2022-11669,2022-08-28,CUST-1331,Anthony Brown,PROD-OFF-124,Heavy-Duty Plastic Storage Bins 4-Pack,Office Supplies,Storage & Organization,1,55.0,55.0,0.0,18.0,East,New York,New York City,UPI / Net Banking
ORD-2022-11670,2023-06-04,CUST-1189,Lisa Jackson,PROD-TEC-105,Wireless Ergonomic Mouse,Technology,Accessories,3,35.0,105.0,0.0,36.0,Central,Texas,Austin,Debit Card
ORD-2024-11671,2024-04-06,CUST-1085,Joshua Allen,PROD-OFF-126,Desktop Document Organizer,Office Supplies,Storage & Organization,3,28.0,84.0,0.0,31.8,South,North Carolina,Charlotte,Credit Card
ORD-2024-11672,2023-10-20,CUST-1310,Michelle Allen,PROD-HOM-130,Programmable Drip Coffee Maker,Home & Kitchen,Appliances,3,75.0,225.0,0.0,72.75,West,California,Los Angeles,Credit Card
ORD-2024-11673,2022-09-12,CUST-1076,Edward Moore,PROD-OFF-122,Executive Hardcover Notebook 3-Pack,Office Supplies,Paper & Stationary,2,24.0,48.0,0.0,19.0,South,Florida,Miami,Credit Card
ORD-2022-11674,2022-06-29,CUST-1098,Robert Wright,PROD-TEC-107,USB-C Multi-Port Hub,Technology,Accessories,3,45.0,114.75,0.15,34.5,Central,Texas,Houston,PayPal
ORD-2023-11675,2023-02-18,CUST-1289,Elizabeth Johnson,PROD-HOM-136,Weighted Cooling Blanket 15lbs,Home & Kitchen,Bedding & Decor,3,95.0,285.0,0.0,93.75,South,Florida,Miami,Credit Card
ORD-2022-11676,2023-04-14,CUST-1392,Robert Allen,PROD-OFF-127,Professional Acrylic Paint Set,Office Supplies,Art & Craft,2,42.0,75.6,0.1,21.88,West,California,Los Angeles,Credit Card
ORD-2022-11677,2023-06-17,CUST-1311,Margaret Scott,PROD-FUR-115,Adjustable Drafting Stool,Furniture,Chairs & Stools,2,110.0,187.0,0.15,17.0,North,Minnesota,Minneapolis,Debit Card
ORD-2022-11678,2023-11-05,CUST-1288,Joseph Gonzalez,PROD-TEC-102,UltraSlim 14 Inch Notebook,Technology,Laptops & Monitors,3,1100.0,2640.0,0.2,159.0,East,Pennsylvania,Philadelphia,Credit Card
ORD-2022-11679,2023-12-13,CUST-1290,John Thomas,PROD-OFF-128,Precision Cutting Mat & Knife Set,Office Supplies,Art & Craft,3,22.0,56.1,0.15,15.78,South,Georgia,Atlanta,Debit Card
ORD-2024-11680,2023-11-24,CUST-1076,Edward Moore,PROD-OFF-128,Precision Cutting Mat & Knife Set,Office Supplies,Art & Craft,1,22.0,20.9,0.05,5.46,East,Pennsylvania,Philadelphia,Credit Card
ORD-2022-11681,2022-01-16,CUST-1288,Joseph Gonzalez,PROD-HOM-131,Compact HEPA Air Purifier,Home & Kitchen,Appliances,3,130.0,390.0,0.0,103.2,South,North Carolina,Charlotte,Debit Card
ORD-2023-11682,2023-08-09,CUST-1173,Kevin Nguyen,PROD-TEC-108,HD Pro Webcam 1080p,Technology,Accessories,2,65.0,130.0,0.0,44.4,West,California,San Diego,Credit Card
ORD-2023-11683,2024-05-20,CUST-1261,,PROD-FUR-118,Solid Wood Conference Table,Furniture,Desks & Tables,6,850.0,4335.0,0.15,-9.0,West,California,Los Angeles,Credit Card
ORD-2024-11684,2024-05-22,CUST-1264,Kevin Clark,PROD-OFF-128,Precision Cutting Mat & Knife Set,Office Supplies,Art & Craft,6,22.0,132.0,0.0,54.36,East,Massachusetts,Boston,Debit Card
ORD-2023-11685,2023-05-31,CUST-1104,Susan Wright,PROD-TEC-105,Wireless Ergonomic Mouse,Technology,Accessories,6,35.0,210.0,0.0,75.0,East,New York,New York City,UPI / Net Banking
ORD-2022-11686,2022-03-09,CUST-1193,James Scott,PROD-HOM-134,Insulated Stainless Steel Tumbler 30oz,Home & Kitchen,Cookware & Dining,1,25.0,25.0,0.0,8.5,Central,Illinois,Chicago,UPI / Net Banking
ORD-2023-11687,2022-02-25,CUST-1233,Matthew Williams,PROD-OFF-127,Professional Acrylic Paint Set,Office Supplies,Art & Craft,2,42.0,42.0,0.5,-11.72,Central,Texas,Houston,Credit Card
ORD-2024-11688,2022-05-28,CUST-1026,Steven Davis,PROD-OFF-124,Heavy-Duty Plastic Storage Bins 4-Pack,Office Supplies,Storage & Organization,10,55.0,522.5,0.05,179.5,West,California,San Francisco,Debit Card
ORD-2023-11689,2022-06-16,CUST-1030,Lisa Torres,PROD-HOM-129,Digital Touchscreen Air Fryer 5.8Qt,Home & Kitchen,Appliances,1,110.0,110.0,0.0,29.0,East,New York,Buffalo,Debit Card
ORD-2022-11690,2023-07-23,CUST-1409,Jessica Robinson,PROD-TEC-106,Mechanical RGB Keyboard,Technology,Accessories,4,75.0,285.0,0.05,83.0,North,Wisconsin,Milwaukee,Credit Card
ORD-2022-11691,2023-08-02,CUST-1359,Nancy Harris,PROD-TEC-105,Wireless Ergonomic Mouse,Technology,Accessories,1,35.0,35.0,0.0,10.0,East,Pennsylvania,Philadelphia,Credit Card
ORD-2022-11692,2022-07-27,CUST-1233,Matthew Williams,PROD-FUR-115,Adjustable Drafting Stool,Furniture,Chairs & Stools,4,110.0,352.0,0.2,15.0,North,Michigan,Detroit,Credit Card
ORD-2023-11693,2023-02-15,CUST-1056,Elizabeth Taylor,PROD-HOM-130,Programmable Drip Coffee Maker,Home & Kitchen,Appliances,5,75.0,375.0,0.0,123.25,East,New York,New York City,UPI / Net Banking
ORD-2022-11694,2023-09-10,CUST-1084,Joshua Martin,PROD-TEC-101,ProBook 15.6 Inch Laptop,Technology,Laptops & Monitors,3,850.0,2550.0,0.0,555.0,West,Washington,Seattle,Credit Card
ORD-2022-11695,2023-04-24,CUST-1254,Richard Taylor,PROD-HOM-135,100% Organic Cotton Sheet Set Queen,Home & Kitchen,Bedding & Decor,3,85.0,242.25,0.05,78.15,North,Wisconsin,Milwaukee,Credit Card
ORD-2024-11696,2022-10-31,CUST-1158,Melissa Wright,PROD-FUR-117,Compact Computer Desk,Furniture,Desks & Tables,2,130.0,247.0,0.05,39.2,West,Oregon,Portland,Credit Card
ORD-2023-11697,2022-10-29,CUST-1262,George Martin,PROD-TEC-103,27-Inch 4K UHD Monitor,Technology,Laptops & Monitors,3,350.0,840.0,0.2,78.0,North,Michigan,Detroit,PayPal
ORD-2022-11698,2023-02-12,CUST-1241,Deborah Moore,PROD-HOM-135,100% Organic Cotton Sheet Set Queen,Home & Kitchen,Bedding & Decor,4,85.0,323.0,0.05,105.2,South,Florida,Miami,Credit Card
ORD-2022-11699,2022-03-18,CUST-1008,Mary Garcia,PROD-TEC-111,Bluetooth Conference Speaker,Technology,Phones & Audio,2,120.0,240.0,0.0,71.8,West,California,Los Angeles,Credit Card
ORD-2022-11700,2022-09-25,CUST-1266,Brian Jackson,PROD-OFF-127,Professional Acrylic Paint Set,Office Supplies,Art & Craft,6,42.0,252.0,0.0,96.84,East,New York,Buffalo,Debit Card
ORD-2023-11701,2022-08-28,CUST-1389,John Thompson,PROD-OFF-128,Precision Cutting Mat & Knife Set,Office Supplies,Art & Craft,1,22.0,22.0,0.0,6.56,East,New York,Buffalo,Debit Card
ORD-2024-11702,2022-11-23,CUST-1210,Emily Ramirez,PROD-TEC-102,UltraSlim 14 Inch Notebook,Technology,Laptops & Monitors,2,1100.0,1870.0,0.15,215.0,South,Georgia,Atlanta,Debit Card
ORD-2024-11703,2023-07-12,CUST-1369,Mary Flores,PROD-OFF-128,Precision Cutting Mat & Knife Set,Office Supplies,Art & Craft,1,22.0,22.0,0.0,6.56,South,North Carolina,Charlotte,Credit Card
ORD-2023-11704,2022-08-30,CUST-1208,Joshua Taylor,PROD-HOM-134,Insulated Stainless Steel Tumbler 30oz,Home & Kitchen,Cookware & Dining,1,25.0,21.25,0.15,4.75,West,California,San Francisco,Credit Card
ORD-2024-11705,2024-05-10,CUST-1088,Edward Hernandez,PROD-TEC-112,Smart Fitness Watch,Technology,Phones & Audio,1,149.0,111.75,0.25,0.47,South,Florida,Orlando,PayPal
ORD-2024-11706,2023-01-10,CUST-1008,Mary Garcia,PROD-OFF-122,Executive Hardcover Notebook 3-Pack,Office Supplies,Paper & Stationary,2,24.0,45.6,0.05,16.6,North,Wisconsin,Milwaukee,Cash on Delivery
ORD-2022-11707,2023-06-20,CUST-1334,Brian Johnson,PROD-TEC-112,Smart Fitness Watch,Technology,Phones & Audio,1,149.0,126.65,0.15,15.37,East,New York,New York City,Credit Card
ORD-2022-11708,2023-07-25,CUST-1303,Sandra Brown,PROD-HOM-135,100% Organic Cotton Sheet Set Queen,Home & Kitchen,Bedding & Decor,3,85.0,242.25,0.05,78.15,North,Wisconsin,Milwaukee,Credit Card
ORD-2022-11709,2022-06-12,CUST-1065,Jennifer Brown,PROD-TEC-103,27-Inch 4K UHD Monitor,Technology,Laptops & Monitors,2,350.0,525.0,0.25,16.0,North,Minnesota,Minneapolis,Credit Card
ORD-2023-11710,2024-01-07,CUST-1307,Kevin King,PROD-FUR-117,Compact Computer Desk,Furniture,Desks & Tables,2,130.0,234.0,0.1,26.2,East,Pennsylvania,Philadelphia,Cash on Delivery
ORD-2024-11711,2023-10-07,CUST-1034,Jennifer Anderson,PROD-TEC-106,Mechanical RGB Keyboard,Technology,Accessories,5,75.0,375.0,0.0,123.25,East,Pennsylvania,Philadelphia,Credit Card
ORD-2022-11712,2023-12-13,CUST-1336,Matthew Walker,PROD-HOM-129,Digital Touchscreen Air Fryer 5.8Qt,Home & Kitchen,Appliances,5,110.0,550.0,0.0,157.0,West,California,Los Angeles,Debit Card
ORD-2022-11713,2023-07-07,CUST-1394,James Clark,PROD-TEC-112,Smart Fitness Watch,Technology,Phones & Audio,2,149.0,298.0,0.0,78.44,East,New York,New York City,UPI / Net Banking
ORD-2024-11714,2023-10-05,CUST-1340,Melissa Wright,PROD-HOM-130,Programmable Drip Coffee Maker,Home & Kitchen,Appliances,5,75.0,318.75,0.15,67.0,East,Massachusetts,Boston,Credit Card
ORD-2023-11715,2023-06-02,CUST-1255,John Ramirez,PROD-TEC-110,True Wireless Earbuds,Technology,Phones & Audio,3,89.0,267.0,0.0,87.45,North,Michigan,Detroit,Debit Card
ORD-2024-11716,2022-11-22,CUST-1349,Michelle Wright,PROD-HOM-134,Insulated Stainless Steel Tumbler 30oz,Home & Kitchen,Cookware & Dining,1,25.0,20.0,0.2,3.5,North,Michigan,Detroit,Credit Card
ORD-2023-11717,2024-06-23,CUST-1016,Edward Hernandez,PROD-OFF-124,Heavy-Duty Plastic Storage Bins 4-Pack,Office Supplies,Storage & Organization,2,55.0,110.0,0.0,39.0,West,Washington,Seattle,Credit Card
ORD-2022-11718,2022-06-21,CUST-1144,James Garcia,PROD-HOM-135,100% Organic Cotton Sheet Set Queen,Home & Kitchen,Bedding & Decor,2,85.0,119.0,0.3,8.6,West,California,San Francisco,Credit Card
ORD-2023-11719,2023-04-17,CUST-1304,Emily Thomas,PROD-OFF-126,Desktop Document Organizer,Office Supplies,Storage & Organization,3,28.0,84.0,0.0,31.8,South,Florida,Orlando,Debit Card
ORD-2022-11720,2023-12-01,CUST-1273,Emily Smith,PROD-FUR-118,Solid Wood Conference Table,Furniture,Desks & Tables,1,850.0,850.0,0.0,123.5,South,North Carolina,Charlotte,Credit Card
ORD-2024-11721,2022-04-16,CUST-1175,Christopher Taylor,PROD-OFF-126,Desktop Document Organizer,Office Supplies,Storage & Organization,3,28.0,84.0,0.0,31.8,West,California,San Francisco,Debit Card
ORD-2024-11722,2023-05-10,CUST-1092,Mary Davis,PROD-OFF-122,Executive Hardcover Notebook 3-Pack,Office Supplies,Paper & Stationary,6,24.0,108.0,0.25,27.0,East,Massachusetts,Boston,Credit Card
ORD-2022-11723,2022-12-18,CUST-1272,Karen Sanchez,PROD-OFF-124,Heavy-Duty Plastic Storage Bins 4-Pack,Office Supplies,Storage & Organization,1,55.0,52.25,0.05,15.25,West,California,Los Angeles,UPI / Net Banking
ORD-2023-11724,2022-01-27,CUST-1331,Anthony Brown,PROD-HOM-132,Non-Stick Ceramic Cookware 10-Piece,Home & Kitchen,Cookware & Dining,6,180.0,1080.0,0.0,336.6,West,Oregon,Portland,UPI / Net Banking
ORD-2023-11725,2024-03-02,CUST-1349,Michelle Wright,PROD-FUR-119,5-Shelf Ladder Bookcase,Furniture,Bookcases,4,140.0,560.0,0.0,133.0,West,California,San Diego,Debit Card
ORD-2024-11726,2024-04-24,CUST-1296,Ashley Sanchez,PROD-TEC-105,Wireless Ergonomic Mouse,Technology,Accessories,1,35.0,35.0,0.0,10.0,East,New York,New York City,Debit Card
ORD-2023-11727,2023-08-19,CUST-1121,Kevin Young,PROD-FUR-118,Solid Wood Conference Table,Furniture,Desks & Tables,1,850.0,850.0,0.0,123.5,East,New York,New York City,PayPal
ORD-2022-11728,2022-12-01,CUST-1424,Edward Thomas,PROD-OFF-121,Premium Multipurpose Copy Paper 5 Reams,Office Supplies,Paper & Stationary,4,38.0,144.4,0.05,53.8,West,California,San Francisco,Cash on Delivery
ORD-2023-11729,2024-01-16,CUST-1434,Daniel Ramirez,PROD-HOM-134,Insulated Stainless Steel Tumbler 30oz,Home & Kitchen,Cookware & Dining,1,25.0,25.0,0.0,8.5,West,California,Los Angeles,Credit Card
ORD-2023-11730,2024-05-16,CUST-1077,Deborah Perez,PROD-TEC-107,USB-C Multi-Port Hub,Technology,Accessories,2,45.0,67.5,0.25,13.0,Central,Texas,Austin,Debit Card
ORD-2024-11731,2023-06-26,CUST-1063,Joseph Rodriguez,PROD-HOM-134,Insulated Stainless Steel Tumbler 30oz,Home & Kitchen,Cookware & Dining,6,25.0,150.0,0.0,66.0,East,Massachusetts,Boston,Debit Card
ORD-2023-11732,2022-05-13,CUST-1121,Kevin Young,PROD-HOM-133,Stainless Steel Chef Knife 8-Inch,Home & Kitchen,Cookware & Dining,3,45.0,135.0,0.0,54.75,West,Oregon,Portland,Debit Card
ORD-2024-11733,2024-04-08,CUST-1415,Susan Thompson,PROD-OFF-128,Precision Cutting Mat & Knife Set,Office Supplies,Art & Craft,3,22.0,59.4,0.1,19.08,West,Washington,Seattle,Credit Card
ORD-2023-11734,2023-07-06,CUST-1227,Barbara Clark,PROD-FUR-118,Solid Wood Conference Table,Furniture,Desks & Tables,2,850.0,1700.0,0.0,250.0,North,Minnesota,Minneapolis,Debit Card
ORD-2024-11735,2022-10-14,CUST-1278,Sandra Lewis,PROD-OFF-122,Executive Hardcover Notebook 3-Pack,Office Supplies,Paper & Stationary,1,24.0,20.4,0.15,4.4,West,Oregon,Portland,Credit Card
ORD-2023-11736,2022-07-02,CUST-1258,Lisa Ramirez,PROD-TEC-109,Noise Canceling Headphones,Technology,Phones & Audio,4,199.0,636.8,0.2,72.6,Central,Texas,Austin,Credit Card
ORD-2023-11737,2022-01-27,CUST-1070,Matthew Harris,PROD-TEC-101,ProBook 15.6 Inch Laptop,Technology,Laptops & Monitors,2,850.0,1445.0,0.15,114.0,East,New York,New York City,Credit Card
ORD-2022-11738,2022-03-16,CUST-1122,Susan Wright,PROD-TEC-109,Noise Canceling Headphones,Technology,Phones & Audio,5,199.0,995.0,0.0,290.5,South,Florida,Miami,Debit Card
ORD-2022-11739,2023-06-19,CUST-1105,Edward Gonzalez,PROD-OFF-128,Precision Cutting Mat & Knife Set,Office Supplies,Art & Craft,2,22.0,44.0,0.0,16.12,South,Florida,Orlando,Credit Card
ORD-2023-11740,2023-08-24,CUST-1318,Ashley Thomas,PROD-HOM-132,Non-Stick Ceramic Cookware 10-Piece,Home & Kitchen,Cookware & Dining,2,180.0,324.0,0.1,74.2,Central,Texas,Houston,Cash on Delivery
ORD-2024-11741,2024-03-18,CUST-1226,Jessica Hernandez,PROD-FUR-119,5-Shelf Ladder Bookcase,Furniture,Bookcases,2,140.0,280.0,0.0,65.0,North,Wisconsin,Milwaukee,Debit Card
ORD-2024-11742,2022-06-21,CUST-1189,Lisa Jackson,PROD-FUR-119,5-Shelf Ladder Bookcase,Furniture,Bookcases,1,140.0,140.0,0.0,31.0,South,Florida,Orlando,Credit Card
ORD-2022-11743,2024-01-25,CUST-1069,Kenneth Jones,PROD-FUR-113,Ergonomic Executive Mesh Chair,Furniture,Chairs & Stools,3,240.0,684.0,0.05,102.0,East,New York,New York City,Debit Card
ORD-2024-11744,2022-04-05,CUST-1031,Richard Jones,PROD-OFF-125,3-Drawer Mobile File Cabinet,Office Supplies,Storage & Organization,1,145.0,137.75,0.05,29.35,Central,Illinois,Chicago,Debit Card
ORD-2024-11745,2023-04-20,CUST-1177,Jessica Taylor,PROD-TEC-102,UltraSlim 14 Inch Notebook,Technology,Laptops & Monitors,3,1100.0,2805.0,0.15,324.0,South,Florida,Orlando,Credit Card
ORD-2022-11746,2022-12-25,CUST-1246,Barbara Nguyen,PROD-HOM-130,Programmable Drip Coffee Maker,Home & Kitchen,Appliances,1,75.0,71.25,0.05,18.5,North,Minnesota,Minneapolis,UPI / Net Banking
ORD-2022-11747,2024-06-02,CUST-1293,Sandra Clark,PROD-TEC-103,27-Inch 4K UHD Monitor,Technology,Laptops & Monitors,4,350.0,1400.0,0.0,385.0,West,California,San Diego,Debit Card
ORD-2023-11748,2023-11-05,CUST-1284,Kevin Flores,PROD-FUR-116,Electric Dual-Motor Standing Desk,Furniture,Desks & Tables,1,450.0,450.0,0.0,77.0,North,Wisconsin,Milwaukee,Credit Card
ORD-2024-11749,2023-04-26,CUST-1090,James Hill,PROD-TEC-105,Wireless Ergonomic Mouse,Technology,Accessories,1,35.0,35.0,0.0,10.0,North,Minnesota,Minneapolis,Debit Card
ORD-2024-11750,2023-08-20,CUST-1096,Jennifer Garcia,PROD-TEC-102,UltraSlim 14 Inch Notebook,Technology,Laptops & Monitors,3,1100.0,2475.0,0.25,-6.0,West,California,San Diego,Debit Card
ORD-2023-11751,2024-06-21,CUST-1088,Edward Hernandez,PROD-TEC-107,USB-C Multi-Port Hub,Technology,Accessories,1,45.0,45.0,0.0,16.25,South,North Carolina,Charlotte,PayPal
ORD-2024-11752,2022-05-28,CUST-1122,Susan Wright,PROD-TEC-111,Bluetooth Conference Speaker,Technology,Phones & Audio,2,120.0,240.0,0.0,71.8,Central,Texas,Austin,Credit Card
ORD-2022-11753,2022-11-24,CUST-1285,Nancy Garcia,PROD-FUR-120,Modern Modular Bookshelf,Furniture,Bookcases,1,210.0,210.0,0.0,42.2,West,California,San Diego,PayPal
ORD-2022-11754,2022-06-15,CUST-1414,Barbara Young,PROD-OFF-126,Desktop Document Organizer,Office Supplies,Storage & Organization,1,28.0,28.0,0.0,8.6,West,California,San Diego,UPI / Net Banking
ORD-2023-11755,2023-09-18,CUST-1367,,PROD-TEC-108,HD Pro Webcam 1080p,Technology,Accessories,1,65.0,65.0,0.0,20.7,West,California,San Francisco,PayPal
ORD-2024-11756,2022-06-28,CUST-1226,Jessica Hernandez,PROD-TEC-105,Wireless Ergonomic Mouse,Technology,Accessories,2,35.0,59.5,0.15,12.5,North,Michigan,Detroit,PayPal
ORD-2023-11757,2024-01-07,CUST-1058,Melissa Scott,PROD-FUR-114,High-Back Leather Gaming Chair,Furniture,Chairs & Stools,3,290.0,826.5,0.05,107.1,East,Massachusetts,Boston,Cash on Delivery
ORD-2024-11758,2022-09-06,CUST-1067,Joshua Hernandez,PROD-TEC-110,True Wireless Earbuds,Technology,Phones & Audio,2,89.0,178.0,0.0,57.3,Central,Illinois,Chicago,Credit Card
ORD-2024-11759,2024-06-02,CUST-1028,Emily Jackson,PROD-HOM-136,Weighted Cooling Blanket 15lbs,Home & Kitchen,Bedding & Decor,2,95.0,180.5,0.05,52.0,West,California,San Francisco,UPI / Net Banking
ORD-2024-11760,2024-06-25,CUST-1239,Betty Perez,PROD-HOM-134,Insulated Stainless Steel Tumbler 30oz,Home & Kitchen,Cookware & Dining,1,25.0,23.75,0.05,7.25,Central,Ohio,Columbus,PayPal
ORD-2024-11761,2024-06-18,CUST-1191,Steven Martin,PROD-HOM-133,Stainless Steel Chef Knife 8-Inch,Home & Kitchen,Cookware & Dining,4,45.0,180.0,0.0,74.0,Central,Texas,Austin,Credit Card
ORD-2022-11762,2022-07-26,CUST-1009,Susan Anderson,PROD-FUR-118,Solid Wood Conference Table,Furniture,Desks & Tables,6,850.0,5100.0,0.0,756.0,Central,Texas,Austin,Credit Card
ORD-2023-11763,2022-04-23,CUST-1236,Daniel Martin,PROD-TEC-105,Wireless Ergonomic Mouse,Technology,Accessories,1,35.0,33.25,0.05,8.25,South,Georgia,Atlanta,Debit Card
ORD-2022-11764,2022-01-24,CUST-1399,Margaret Lopez,PROD-TEC-110,True Wireless Earbuds,Technology,Phones & Audio,5,89.0,422.75,0.05,125.5,West,Oregon,Portland,Credit Card
ORD-2022-11765,2022-11-07,CUST-1102,Thomas King,PROD-HOM-131,Compact HEPA Air Purifier,Home & Kitchen,Appliances,4,130.0,520.0,0.0,138.6,South,Georgia,Atlanta,UPI / Net Banking
ORD-2022-11766,2023-08-14,CUST-1213,Brian Martinez,PROD-HOM-131,Compact HEPA Air Purifier,Home & Kitchen,Appliances,6,130.0,741.0,0.05,170.4,Central,Illinois,Chicago,PayPal
ORD-2022-11767,2023-10-11,CUST-1078,Linda Jackson,PROD-TEC-110,True Wireless Earbuds,Technology,Phones & Audio,1,89.0,80.1,0.1,18.25,East,New York,New York City,Debit Card
ORD-2023-11768,2024-02-10,CUST-1339,Anthony Wright,PROD-TEC-109,Noise Canceling Headphones,Technology,Phones & Audio,1,199.0,199.0,0.0,55.7,West,California,Los Angeles,Debit Card
ORD-2022-11769,2022-05-13,CUST-1093,Lisa Martin,PROD-TEC-103,27-Inch 4K UHD Monitor,Technology,Laptops & Monitors,3,350.0,1050.0,0.0,288.0,West,California,Los Angeles,Credit Card
ORD-2024-11770,2024-02-18,CUST-1225,Melissa Martinez,PROD-FUR-116,Electric Dual-Motor Standing Desk,Furniture,Desks & Tables,2,450.0,810.0,0.1,67.0,Central,Texas,Houston,PayPal
ORD-2023-11771,2022-12-12,CUST-1107,Betty White,PROD-HOM-135,100% Organic Cotton Sheet Set Queen,Home & Kitchen,Bedding & Decor,1,85.0,72.25,0.15,15.55,West,California,Los Angeles,Debit Card
ORD-2022-11772,2022-06-03,CUST-1392,Robert Allen,PROD-FUR-119,5-Shelf Ladder Bookcase,Furniture,Bookcases,3,140.0,420.0,0.0,99.0,Central,Texas,Houston,Debit Card
ORD-2022-11773,2022-12-12,CUST-1441,Christopher Davis,PROD-TEC-101,ProBook 15.6 Inch Laptop,Technology,Laptops & Monitors,1,850.0,850.0,0.0,183.0,East,Pennsylvania,Philadelphia,UPI / Net Banking
ORD-2024-11774,2022-07-18,CUST-1359,Nancy Harris,PROD-OFF-124,Heavy-Duty Plastic Storage Bins 4-Pack,Office Supplies,Storage & Organization,3,55.0,165.0,0.0,60.0,West,California,San Diego,Debit Card
ORD-2022-11775,2024-01-03,CUST-1342,Ashley Anderson,PROD-OFF-123,Gel Ink Pens Box of 24,Office Supplies,Paper & Stationary,4,15.0,60.0,0.0,26.0,East,New York,Buffalo,UPI / Net Banking
ORD-2023-11776,2022-05-02,CUST-1073,Emily Smith,PROD-FUR-118,Solid Wood Conference Table,Furniture,Desks & Tables,1,850.0,850.0,0.0,123.5,North,Michigan,Detroit,Debit Card
ORD-2022-11777,2022-08-06,CUST-1434,Daniel Ramirez,PROD-TEC-102,UltraSlim 14 Inch Notebook,Technology,Laptops & Monitors,1,1100.0,1100.0,0.0,271.0,East,Pennsylvania,Philadelphia,Credit Card
ORD-2022-11778,2023-03-09,CUST-1064,Paul Young,PROD-OFF-124,Heavy-Duty Plastic Storage Bins 4-Pack,Office Supplies,Storage & Organization,5,55.0,261.25,0.05,88.25,Central,Ohio,Columbus,UPI / Net Banking
ORD-2022-11779,2023-03-30,CUST-1369,Mary Flores,PROD-TEC-106,Mechanical RGB Keyboard,Technology,Accessories,2,75.0,150.0,0.0,47.5,West,Washington,Seattle,UPI / Net Banking
ORD-2024-11780,2023-10-28,CUST-1055,Betty Robinson,PROD-OFF-122,Executive Hardcover Notebook 3-Pack,Office Supplies,Paper & Stationary,4,24.0,96.0,0.0,41.0,Central,Texas,Austin,Debit Card
ORD-2022-11781,2023-12-20,CUST-1364,Patricia Thompson,PROD-FUR-119,5-Shelf Ladder Bookcase,Furniture,Bookcases,5,140.0,700.0,0.0,167.0,Central,Illinois,Chicago,UPI / Net Banking
ORD-2023-11782,2023-08-01,CUST-1394,James Clark,PROD-HOM-129,Digital Touchscreen Air Fryer 5.8Qt,Home & Kitchen,Appliances,2,110.0,209.0,0.05,50.0,East,Pennsylvania,Philadelphia,Credit Card
ORD-2023-11783,2023-01-16,CUST-1146,David Clark,PROD-OFF-128,Precision Cutting Mat & Knife Set,Office Supplies,Art & Craft,1,22.0,16.5,0.25,1.06,West,California,San Francisco,Debit Card
ORD-2023-11784,2023-03-21,CUST-1002,Mary Moore,PROD-TEC-108,HD Pro Webcam 1080p,Technology,Accessories,3,65.0,195.0,0.0,68.1,West,California,Los Angeles,PayPal
ORD-2022-11785,2024-04-05,CUST-1378,Deborah Hernandez,PROD-OFF-127,Professional Acrylic Paint Set,Office Supplies,Art & Craft,4,42.0,151.2,0.1,46.76,Central,Ohio,Columbus,Credit Card
ORD-2023-11786,2023-06-13,CUST-1022,Matthew Miller,PROD-HOM-135,100% Organic Cotton Sheet Set Queen,Home & Kitchen,Bedding & Decor,6,85.0,510.0,0.0,184.8,South,Florida,Miami,Credit Card
ORD-2022-11787,2024-06-08,CUST-1369,Mary Flores,PROD-TEC-107,USB-C Multi-Port Hub,Technology,Accessories,6,45.0,243.0,0.1,85.5,South,Georgia,Atlanta,Credit Card
ORD-2022-11788,2022-02-25,CUST-1237,Joseph Anderson,PROD-FUR-115,Adjustable Drafting Stool,Furniture,Chairs & Stools,2,110.0,198.0,0.1,28.0,South,Georgia,Atlanta,Credit Card
ORD-2023-11789,2023-05-19,CUST-1154,Kevin Young,PROD-FUR-113,Ergonomic Executive Mesh Chair,Furniture,Chairs & Stools,6,240.0,1152.0,0.2,-9.0,West,Washington,Seattle,PayPal
ORD-2024-11790,2024-05-30,CUST-1271,Michelle Torres,PROD-OFF-123,Gel Ink Pens Box of 24,Office Supplies,Paper & Stationary,2,15.0,28.5,0.05,10.0,West,Washington,Seattle,Debit Card
ORD-2022-11791,2022-12-08,CUST-1102,Thomas King,PROD-FUR-113,Ergonomic Executive Mesh Chair,Furniture,Chairs & Stools,3,240.0,684.0,0.05,102.0,Central,Ohio,Columbus,PayPal
ORD-2023-11792,2024-06-29,CUST-1202,Paul Young,PROD-OFF-128,Precision Cutting Mat & Knife Set,Office Supplies,Art & Craft,3,22.0,66.0,0.0,25.68,South,Florida,Orlando,Debit Card
ORD-2023-11793,2022-01-20,CUST-1017,Brian Ramirez,PROD-TEC-104,24-Inch IPS FHD Monitor,Technology,Laptops & Monitors,1,180.0,180.0,0.0,50.0,West,California,San Diego,UPI / Net Banking
ORD-2022-11794,2024-03-25,CUST-1060,Melissa Nguyen,PROD-TEC-104,24-Inch IPS FHD Monitor,Technology,Laptops & Monitors,2,180.0,324.0,0.1,67.0,East,Massachusetts,Boston,Debit Card
ORD-2024-11795,2022-09-26,CUST-1300,Deborah Ramirez,PROD-FUR-116,Electric Dual-Motor Standing Desk,Furniture,Desks & Tables,10,450.0,3825.0,0.15,122.0,East,New York,New York City,Debit Card
ORD-2024-11796,2022-01-04,CUST-1162,Paul King,PROD-FUR-116,Electric Dual-Motor Standing Desk,Furniture,Desks & Tables,1,450.0,427.5,0.05,54.5,South,Florida,Miami,PayPal
ORD-2024-11797,2022-11-01,CUST-1332,Susan Clark,PROD-HOM-132,Non-Stick Ceramic Cookware 10-Piece,Home & Kitchen,Cookware & Dining,1,180.0,135.0,0.25,8.6,Central,Texas,Dallas,Credit Card
ORD-2023-11798,2023-08-28,CUST-1225,Melissa Martinez,PROD-TEC-108,HD Pro Webcam 1080p,Technology,Accessories,2,65.0,117.0,0.1,31.4,Central,Texas,Dallas,Debit Card
ORD-2022-11799,2022-06-02,CUST-1111,Robert Perez,PROD-HOM-132,Non-Stick Ceramic Cookware 10-Piece,Home & Kitchen,Cookware & Dining,2,180.0,360.0,0.0,110.2,South,Georgia,Atlanta,Debit Card
ORD-2023-11800,2023-03-24,CUST-1094,Jessica Brown,PROD-FUR-114,High-Back Leather Gaming Chair,Furniture,Chairs & Stools,1,290.0,246.5,0.15,4.7,North,Wisconsin,Milwaukee,UPI / Net Banking
ORD-2022-11801,2023-09-18,CUST-1229,Melissa Perez,PROD-TEC-101,ProBook 15.6 Inch Laptop,Technology,Laptops & Monitors,2,850.0,1700.0,0.0,369.0,West,California,Los Angeles,Credit Card
ORD-2024-11802,2022-05-23,CUST-1014,Donald Nguyen,PROD-FUR-114,High-Back Leather Gaming Chair,Furniture,Chairs & Stools,6,290.0,1740.0,0.0,304.2,West,Washington,Seattle,Debit Card
ORD-2023-11803,2022-02-26,CUST-1431,Karen Nguyen,PROD-TEC-111,Bluetooth Conference Speaker,Technology,Phones & Audio,2,120.0,204.0,0.15,35.8,West,California,Los Angeles,Credit Card
ORD-2024-11804,2024-03-29,CUST-1043,Steven Thomas,PROD-FUR-116,Electric Dual-Motor Standing Desk,Furniture,Desks & Tables,1,450.0,427.5,0.05,54.5,East,Pennsylvania,Philadelphia,Debit Card
ORD-2024-11805,2023-04-05,CUST-1076,Edward Moore,PROD-TEC-108,HD Pro Webcam 1080p,Technology,Accessories,2,65.0,117.0,0.1,31.4,North,Michigan,Detroit,UPI / Net Banking
ORD-2023-11806,2023-11-09,CUST-1261,Kevin Davis,PROD-TEC-102,UltraSlim 14 Inch Notebook,Technology,Laptops & Monitors,6,1100.0,6600.0,0.0,1641.0,East,New York,New York City,Credit Card
ORD-2022-11807,2023-04-08,CUST-1183,Michelle Torres,PROD-HOM-134,Insulated Stainless Steel Tumbler 30oz,Home & Kitchen,Cookware & Dining,5,25.0,87.5,0.3,17.0,South,Florida,Orlando,Credit Card
ORD-2022-11808,2022-03-05,CUST-1416,Thomas Perez,PROD-TEC-102,UltraSlim 14 Inch Notebook,Technology,Laptops & Monitors,6,1100.0,6270.0,0.05,1311.0,East,Pennsylvania,Philadelphia,Debit Card
ORD-2022-11809,2024-05-12,CUST-1097,George Young,PROD-OFF-125,3-Drawer Mobile File Cabinet,Office Supplies,Storage & Organization,1,145.0,137.75,0.05,29.35,West,Oregon,Portland,Debit Card
ORD-2022-11810,2023-06-08,CUST-1256,James King,PROD-FUR-118,Solid Wood Conference Table,Furniture,Desks & Tables,3,850.0,2040.0,0.2,-133.5,Central,Texas,Houston,Debit Card
ORD-2023-11811,2023-08-16,CUST-1344,Ashley Johnson,PROD-HOM-131,Compact HEPA Air Purifier,Home & Kitchen,Appliances,4,130.0,416.0,0.2,34.6,East,New York,New York City,Debit Card
ORD-2022-11812,2024-03-20,CUST-1298,Carol Smith,PROD-OFF-128,Precision Cutting Mat & Knife Set,Office Supplies,Art & Craft,1,22.0,22.0,0.0,6.56,Central,Illinois,Chicago,UPI / Net Banking
ORD-2023-11813,2023-11-22,CUST-1414,Barbara Young,PROD-HOM-136,Weighted Cooling Blanket 15lbs,Home & Kitchen,Bedding & Decor,1,95.0,80.75,0.15,15.0,South,Florida,Orlando,UPI / Net Banking
ORD-2024-11814,2023-11-18,CUST-1329,Anthony Perez,PROD-OFF-126,Desktop Document Organizer,Office Supplies,Storage & Organization,1,28.0,22.4,0.2,3.0,West,California,San Francisco,Debit Card
ORD-2024-11815,2023-01-21,CUST-1197,Melissa Scott,PROD-HOM-135,100% Organic Cotton Sheet Set Queen,Home & Kitchen,Bedding & Decor,1,85.0,85.0,0.0,28.3,Central,Texas,Houston,Debit Card
ORD-2022-11816,2022-03-08,CUST-1228,Mary Lopez,PROD-TEC-101,ProBook 15.6 Inch Laptop,Technology,Laptops & Monitors,1,850.0,850.0,0.0,183.0,Central,Texas,Houston,Credit Card
ORD-2022-11817,2024-04-25,CUST-1323,Steven Garcia,PROD-OFF-127,Professional Acrylic Paint Set,Office Supplies,Art & Craft,4,42.0,168.0,0.0,63.56,East,Pennsylvania,Philadelphia,Credit Card
ORD-2022-11818,2022-09-30,CUST-1274,Karen Jackson,PROD-OFF-126,Desktop Document Organizer,Office Supplies,Storage & Organization,2,28.0,56.0,0.0,20.2,West,Oregon,Portland,Cash on Delivery
ORD-2023-11819,2023-05-07,CUST-1078,Linda Jackson,PROD-HOM-134,Insulated Stainless Steel Tumbler 30oz,Home & Kitchen,Cookware & Dining,3,25.0,75.0,0.0,31.5,West,Washington,Seattle,UPI / Net Banking
ORD-2022-11820,2022-08-08,CUST-1425,Brian Walker,PROD-TEC-108,HD Pro Webcam 1080p,Technology,Accessories,1,65.0,65.0,0.0,20.7,South,Florida,Orlando,Debit Card
ORD-2022-11821,2024-01-02,CUST-1209,David Lewis,PROD-TEC-107,USB-C Multi-Port Hub,Technology,Accessories,2,45.0,90.0,0.0,35.5,East,New York,Buffalo,Debit Card
ORD-2022-11822,2022-09-18,CUST-1165,Barbara Jones,PROD-HOM-136,Weighted Cooling Blanket 15lbs,Home & Kitchen,Bedding & Decor,1,95.0,90.25,0.05,24.5,Central,Ohio,Columbus,Credit Card
ORD-2023-11823,2024-02-08,CUST-1155,Elizabeth Gonzalez,PROD-HOM-132,Non-Stick Ceramic Cookware 10-Piece,Home & Kitchen,Cookware & Dining,6,180.0,918.0,0.15,174.6,Central,Texas,Houston,Credit Card
ORD-2024-11824,2022-10-24,CUST-1141,Robert Lewis,PROD-TEC-102,UltraSlim 14 Inch Notebook,Technology,Laptops & Monitors,1,1100.0,1045.0,0.05,216.0,East,Massachusetts,Boston,Cash on Delivery
ORD-2024-11825,2022-03-08,CUST-1396,Margaret White,PROD-HOM-134,Insulated Stainless Steel Tumbler 30oz,Home & Kitchen,Cookware & Dining,1,25.0,23.75,0.05,7.25,West,California,San Francisco,Debit Card
ORD-2024-11826,2024-01-17,CUST-1002,Mary Moore,PROD-OFF-126,Desktop Document Organizer,Office Supplies,Storage & Organization,1,28.0,26.6,0.05,7.2,West,Washington,Seattle,UPI / Net Banking
ORD-2022-11827,2024-03-17,CUST-1116,Dorothy Brown,PROD-OFF-121,Premium Multipurpose Copy Paper 5 Reams,Office Supplies,Paper & Stationary,1,38.0,28.5,0.25,3.6,South,Florida,Orlando,Credit Card
ORD-2024-11828,2023-09-25,CUST-1413,Ashley Lee,PROD-FUR-116,Electric Dual-Motor Standing Desk,Furniture,Desks & Tables,4,450.0,1800.0,0.0,317.0,North,Wisconsin,Milwaukee,Debit Card
ORD-2023-11829,2023-08-04,CUST-1160,Patricia Brown,PROD-TEC-106,Mechanical RGB Keyboard,Technology,Accessories,1,75.0,75.0,0.0,22.25,East,Pennsylvania,Philadelphia,Cash on Delivery
ORD-2024-11830,2022-05-19,CUST-1370,Elizabeth Thomas,PROD-TEC-112,Smart Fitness Watch,Technology,Phones & Audio,1,149.0,134.1,0.1,22.82,West,California,Los Angeles,UPI / Net Banking
ORD-2024-11831,2022-02-15,CUST-1180,Sandra Lee,PROD-TEC-108,HD Pro Webcam 1080p,Technology,Accessories,1,65.0,61.75,0.05,17.45,West,California,Los Angeles,PayPal
ORD-2024-11832,2024-04-06,CUST-1203,Thomas Brown,PROD-FUR-114,High-Back Leather Gaming Chair,Furniture,Chairs & Stools,1,290.0,290.0,0.0,48.2,East,Massachusetts,Boston,PayPal
ORD-2023-11833,2022-12-02,CUST-1191,Steven Martin,PROD-TEC-104,24-Inch IPS FHD Monitor,Technology,Laptops & Monitors,1,180.0,171.0,0.05,41.0,East,Massachusetts,Boston,UPI / Net Banking
ORD-2022-11834,2022-11-02,CUST-1272,Karen Sanchez,PROD-FUR-117,Compact Computer Desk,Furniture,Desks & Tables,6,130.0,741.0,0.05,123.6,West,California,San Francisco,Credit Card
ORD-2024-11835,2024-06-01,CUST-1286,Edward Thomas,PROD-OFF-128,Precision Cutting Mat & Knife Set,Office Supplies,Art & Craft,1,22.0,22.0,0.0,6.56,Central,Texas,Dallas,Debit Card
ORD-2023-11836,2022-11-19,CUST-1217,Margaret Rodriguez,PROD-OFF-124,Heavy-Duty Plastic Storage Bins 4-Pack,Office Supplies,Storage & Organization,6,55.0,330.0,0.0,123.0,Central,Texas,Dallas,Debit Card
ORD-2023-11837,2024-02-26,CUST-1164,Paul Garcia,PROD-FUR-115,Adjustable Drafting Stool,Furniture,Chairs & Stools,2,110.0,220.0,0.0,50.0,West,California,San Francisco,Debit Card
ORD-2023-11838,2022-09-22,CUST-1410,Andrew Flores,PROD-OFF-126,Desktop Document Organizer,Office Supplies,Storage & Organization,3,28.0,63.0,0.25,10.8,West,Washington,Seattle,Credit Card
ORD-2022-11839,2022-04-22,CUST-1204,Jennifer Ramirez,PROD-OFF-122,Executive Hardcover Notebook 3-Pack,Office Supplies,Paper & Stationary,2,24.0,45.6,0.05,16.6,East,Pennsylvania,Philadelphia,PayPal
ORD-2022-11840,2022-05-02,CUST-1090,James Hill,PROD-TEC-110,True Wireless Earbuds,Technology,Phones & Audio,8,89.0,534.0,0.25,60.2,East,Pennsylvania,Philadelphia,UPI / Net Banking
ORD-2024-11841,2023-05-01,CUST-1160,Patricia Brown,PROD-OFF-126,Desktop Document Organizer,Office Supplies,Storage & Organization,3,28.0,79.8,0.05,27.6,Central,Texas,Houston,UPI / Net Banking
ORD-2024-11842,2022-04-13,CUST-1048,Deborah Brown,PROD-OFF-124,Heavy-Duty Plastic Storage Bins 4-Pack,Office Supplies,Storage & Organization,2,55.0,110.0,0.0,39.0,West,Oregon,Portland,Debit Card
ORD-2022-11843,2024-02-18,CUST-1275,Susan Ramirez,PROD-TEC-101,ProBook 15.6 Inch Laptop,Technology,Laptops & Monitors,1,850.0,680.0,0.2,13.0,Central,Illinois,Chicago,Debit Card
ORD-2022-11844,2022-07-20,CUST-1448,Kenneth Jackson,PROD-TEC-106,Mechanical RGB Keyboard,Technology,Accessories,1,75.0,67.5,0.1,14.75,East,New York,Buffalo,Credit Card
ORD-2023-11845,2023-04-02,CUST-1070,Matthew Harris,PROD-OFF-127,Professional Acrylic Paint Set,Office Supplies,Art & Craft,2,42.0,79.8,0.05,26.08,Central,Texas,Austin,Credit Card
ORD-2022-11846,2022-02-24,CUST-1105,Edward Gonzalez,PROD-HOM-134,Insulated Stainless Steel Tumbler 30oz,Home & Kitchen,Cookware & Dining,2,25.0,50.0,0.0,20.0,North,Minnesota,Minneapolis,Debit Card
ORD-2024-11847,2024-01-18,CUST-1198,Elizabeth Moore,PROD-HOM-135,100% Organic Cotton Sheet Set Queen,Home & Kitchen,Bedding & Decor,3,85.0,255.0,0.0,90.9,East,New York,New York City,Cash on Delivery
ORD-2024-11848,2022-06-29,CUST-1159,Patricia Lee,PROD-TEC-109,Noise Canceling Headphones,Technology,Phones & Audio,1,199.0,189.05,0.05,45.75,Central,Illinois,Chicago,Credit Card
ORD-2023-11849,2022-02-18,CUST-1017,Brian Ramirez,PROD-OFF-128,Precision Cutting Mat & Knife Set,Office Supplies,Art & Craft,4,22.0,83.6,0.05,30.84,West,California,San Diego,Credit Card
ORD-2022-11850,2024-05-15,CUST-1040,Kevin Moore,PROD-TEC-108,HD Pro Webcam 1080p,Technology,Accessories,1,65.0,52.0,0.2,7.7,Central,Texas,Houston,Credit Card
ORD-2024-11851,2024-02-23,CUST-1378,Deborah Hernandez,PROD-HOM-132,Non-Stick Ceramic Cookware 10-Piece,Home & Kitchen,Cookware & Dining,1,180.0,162.0,0.1,35.6,Central,Ohio,Columbus,Debit Card
ORD-2022-11852,2022-09-06,CUST-1341,Kenneth Anderson,PROD-FUR-119,5-Shelf Ladder Bookcase,Furniture,Bookcases,2,140.0,280.0,0.0,65.0,Central,Texas,Houston,Cash on Delivery
ORD-2022-11853,2024-04-19,CUST-1038,David White,PROD-HOM-131,Compact HEPA Air Purifier,Home & Kitchen,Appliances,1,130.0,123.5,0.05,25.9,West,California,San Diego,Debit Card
ORD-2023-11854,2022-09-10,CUST-1424,Edward Thomas,PROD-TEC-103,27-Inch 4K UHD Monitor,Technology,Laptops & Monitors,1,350.0,297.5,0.15,41.5,West,California,San Diego,Debit Card
ORD-2022-11855,2022-11-29,CUST-1369,Mary Flores,PROD-HOM-135,100% Organic Cotton Sheet Set Queen,Home & Kitchen,Bedding & Decor,1,85.0,85.0,0.0,28.3,East,New York,Buffalo,PayPal
ORD-2022-11856,2024-05-28,CUST-1442,Melissa Wright,PROD-TEC-107,USB-C Multi-Port Hub,Technology,Accessories,1,45.0,40.5,0.1,11.75,West,Oregon,Portland,Debit Card
ORD-2022-11857,2024-05-12,CUST-1218,John Martin,PROD-OFF-123,Gel Ink Pens Box of 24,Office Supplies,Paper & Stationary,2,15.0,30.0,0.0,11.5,East,New York,Buffalo,Credit Card
ORD-2022-11858,2024-04-25,CUST-1273,Emily Smith,PROD-FUR-114,High-Back Leather Gaming Chair,Furniture,Chairs & Stools,3,290.0,783.0,0.1,63.6,West,Oregon,Portland,Debit Card
ORD-2024-11859,2022-04-20,CUST-1008,Mary Garcia,PROD-OFF-121,Premium Multipurpose Copy Paper 5 Reams,Office Supplies,Paper & Stationary,1,38.0,38.0,0.0,13.1,East,New York,Buffalo,UPI / Net Banking
ORD-2023-11860,2024-06-14,CUST-1276,Donna Hill,PROD-OFF-125,3-Drawer Mobile File Cabinet,Office Supplies,Storage & Organization,1,145.0,145.0,0.0,36.6,West,Oregon,Portland,Credit Card
ORD-2024-11861,2023-09-06,CUST-1032,John Anderson,PROD-FUR-120,Modern Modular Bookshelf,Furniture,Bookcases,3,210.0,630.0,0.0,132.6,East,Pennsylvania,Philadelphia,Debit Card
ORD-2024-11862,2022-05-21,CUST-1130,Anthony Robinson,PROD-OFF-125,3-Drawer Mobile File Cabinet,Office Supplies,Storage & Organization,1,145.0,130.5,0.1,22.1,Central,Texas,Houston,Credit Card
ORD-2023-11863,2023-12-29,CUST-1130,Anthony Robinson,PROD-TEC-112,Smart Fitness Watch,Technology,Phones & Audio,3,149.0,447.0,0.0,119.16,Central,Texas,Austin,Debit Card
ORD-2024-11864,2022-08-30,CUST-1122,Susan Wright,PROD-TEC-107,USB-C Multi-Port Hub,Technology,Accessories,1,45.0,40.5,0.1,11.75,South,Florida,Orlando,Cash on Delivery
ORD-2022-11865,2024-06-21,CUST-1291,Mark Flores,PROD-FUR-114,High-Back Leather Gaming Chair,Furniture,Chairs & Stools,3,290.0,826.5,0.05,107.1,East,New York,Buffalo,Credit Card
ORD-2022-11866,2022-05-30,CUST-1063, Joseph Rodriguez ,PROD-TEC-103,27-Inch 4K UHD Monitor,Technology,Laptops & Monitors,2,350.0,700.0,0.0,191.0,North,Michigan,Detroit,Credit Card
ORD-2023-11867,2023-04-18,CUST-1223,Daniel Scott,PROD-OFF-125,3-Drawer Mobile File Cabinet,Office Supplies,Storage & Organization,2,145.0,290.0,0.0,76.2,South,Florida,Miami,PayPal
ORD-2024-11868,2023-05-08,CUST-1367, Edward Johnson ,PROD-OFF-125,3-Drawer Mobile File Cabinet,Office Supplies,Storage & Organization,3,145.0,435.0,0.0,115.8,South,Florida,Miami,Credit Card
ORD-2023-11869,2022-03-05,CUST-1371,William Walker,PROD-FUR-116,Electric Dual-Motor Standing Desk,Furniture,Desks & Tables,4,450.0,1710.0,0.05,227.0,West,Oregon,Portland,Debit Card
ORD-2022-11870,2024-03-16,CUST-1248,Michael Hill,PROD-FUR-118,Solid Wood Conference Table,Furniture,Desks & Tables,3,850.0,2550.0,0.0,376.5,South,North Carolina,Charlotte,Debit Card
ORD-2023-11871,2024-06-06,CUST-1302,Brian King,PROD-OFF-121,Premium Multipurpose Copy Paper 5 Reams,Office Supplies,Paper & Stationary,1,38.0,38.0,0.0,13.1,West,California,Los Angeles,Debit Card
ORD-2023-11872,2022-07-06,CUST-1002,Mary Moore,PROD-OFF-124,Heavy-Duty Plastic Storage Bins 4-Pack,Office Supplies,Storage & Organization,2,55.0,99.0,0.1,28.0,West,California,San Diego,Cash on Delivery
ORD-2022-11873,2023-12-07,CUST-1024,Kenneth Taylor,PROD-OFF-128,Precision Cutting Mat & Knife Set,Office Supplies,Art & Craft,2,22.0,37.4,0.15,9.52,East,Massachusetts,Boston,Credit Card
ORD-2024-11874,2023-02-07,CUST-1190,David Lewis,PROD-FUR-120,Modern Modular Bookshelf,Furniture,Bookcases,1,210.0,199.5,0.05,31.7,South,Florida,Miami,Credit Card
ORD-2022-11875,2024-04-07,CUST-1229,Melissa Perez,PROD-HOM-135,100% Organic Cotton Sheet Set Queen,Home & Kitchen,Bedding & Decor,1,85.0,68.0,0.2,11.3,East,Pennsylvania,Philadelphia,PayPal
ORD-2023-11876,2022-02-12,CUST-1268,Richard Clark,PROD-TEC-101,ProBook 15.6 Inch Laptop,Technology,Laptops & Monitors,2,850.0,1445.0,0.15,114.0,East,Pennsylvania,Philadelphia,Credit Card
ORD-2022-11877,2023-01-22,CUST-1274,Karen Jackson,PROD-OFF-126,Desktop Document Organizer,Office Supplies,Storage & Organization,2,28.0,42.0,0.25,6.2,West,California,San Francisco,Credit Card
ORD-2024-11878,2023-06-17,CUST-1326,Brian Martinez,PROD-TEC-108,HD Pro Webcam 1080p,Technology,Accessories,3,65.0,146.25,0.25,19.35,South,North Carolina,Charlotte,Cash on Delivery
ORD-2022-11879,2023-01-15,CUST-1412,Nancy Johnson,PROD-OFF-128,Precision Cutting Mat & Knife Set,Office Supplies,Art & Craft,1,22.0,22.0,0.0,6.56,Central,Texas,Houston,PayPal
ORD-2024-11880,2022-08-31,CUST-1065,Jennifer Brown,PROD-TEC-102,UltraSlim 14 Inch Notebook,Technology,Laptops & Monitors,1,1100.0,1100.0,0.0,271.0,South,Florida,Miami,Credit Card
ORD-2024-11881,2023-06-19,CUST-1296,Ashley Sanchez,PROD-HOM-136,Weighted Cooling Blanket 15lbs,Home & Kitchen,Bedding & Decor,2,95.0,180.5,0.05,52.0,Central,Texas,Houston,PayPal
ORD-2024-11882,2023-01-13,CUST-1072,Kimberly Taylor,PROD-TEC-105,Wireless Ergonomic Mouse,Technology,Accessories,2,35.0,63.0,0.1,16.0,Central,Texas,Dallas,Debit Card
ORD-2023-11883,2023-12-25,CUST-1047,Joseph Lee,PROD-TEC-109,Noise Canceling Headphones,Technology,Phones & Audio,3,199.0,597.0,0.0,173.1,East,Massachusetts,Boston,Credit Card
ORD-2024-11884,2023-07-19,CUST-1075,Amanda Wright,PROD-FUR-118,Solid Wood Conference Table,Furniture,Desks & Tables,1,850.0,807.5,0.05,81.0,South,Florida,Miami,PayPal
ORD-2022-11885,2023-09-10,CUST-1245,Linda Taylor,PROD-OFF-122,Executive Hardcover Notebook 3-Pack,Office Supplies,Paper & Stationary,4,24.0,96.0,0.0,41.0,West,Oregon,Portland,Credit Card
ORD-2023-11886,2024-01-09,CUST-1375,Deborah White,PROD-OFF-124,Heavy-Duty Plastic Storage Bins 4-Pack,Office Supplies,Storage & Organization,1,55.0,55.0,0.0,18.0,Central,Texas,Austin,Cash on Delivery
ORD-2022-11887,2022-11-23,CUST-1223, Daniel Scott ,PROD-HOM-133,Stainless Steel Chef Knife 8-Inch,Home & Kitchen,Cookware & Dining,1,45.0,45.0,0.0,16.25,South,Florida,Orlando,Credit Card
ORD-2022-11888,2023-12-29,CUST-1295,Richard Harris,PROD-TEC-102,UltraSlim 14 Inch Notebook,Technology,Laptops & Monitors,4,1100.0,3960.0,0.1,653.0,North,Wisconsin,Milwaukee,Debit Card
ORD-2023-11889,2022-02-24,CUST-1236,Daniel Martin,PROD-TEC-111,Bluetooth Conference Speaker,Technology,Phones & Audio,3,120.0,342.0,0.05,91.2,Central,Texas,Houston,Debit Card
ORD-2024-11890,2023-09-18,CUST-1168,Betty Davis,PROD-FUR-118,Solid Wood Conference Table,Furniture,Desks & Tables,1,850.0,807.5,0.05,81.0,West,California,Los Angeles,PayPal
ORD-2022-11891,2023-12-07,CUST-1135,Michael Thomas,PROD-HOM-129,Digital Touchscreen Air Fryer 5.8Qt,Home & Kitchen,Appliances,3,110.0,297.0,0.1,60.0,East,New York,Buffalo,PayPal
ORD-2023-11892,2022-01-07,CUST-1247,Thomas Williams,PROD-TEC-105,Wireless Ergonomic Mouse,Technology,Accessories,2,35.0,56.0,0.2,9.0,North,Michigan,Detroit,Credit Card
ORD-2022-11893,2023-08-12,CUST-1191,Steven Martin,PROD-TEC-101,ProBook 15.6 Inch Laptop,Technology,Laptops & Monitors,4,850.0,3400.0,0.0,741.0,West,Oregon,Portland,Debit Card
ORD-2023-11894,2022-07-10,CUST-1219,Lisa Williams,PROD-TEC-106,Mechanical RGB Keyboard,Technology,Accessories,1,75.0,67.5,0.1,14.75,East,New York,New York City,Credit Card
ORD-2024-11895,2022-05-20,CUST-1103,Kenneth Ramirez,PROD-TEC-103,27-Inch 4K UHD Monitor,Technology,Laptops & Monitors,2,350.0,630.0,0.1,121.0,North,Michigan,Detroit,PayPal
ORD-2023-11896,2022-09-20,CUST-1359,Nancy Harris,PROD-TEC-106,Mechanical RGB Keyboard,Technology,Accessories,3,75.0,225.0,0.0,72.75,East,Pennsylvania,Philadelphia,Credit Card
ORD-2024-11897,2023-06-19,CUST-1240,Sarah Jones,PROD-OFF-127,Professional Acrylic Paint Set,Office Supplies,Art & Craft,2,42.0,75.6,0.1,21.88,West,Oregon,Portland,PayPal
ORD-2023-11898,2023-04-29,CUST-1393,Carol Perez,PROD-TEC-108,HD Pro Webcam 1080p,Technology,Accessories,2,65.0,130.0,0.0,44.4,East,Massachusetts,Boston,UPI / Net Banking
ORD-2023-11899,2022-07-27,CUST-1413,Ashley Lee,PROD-FUR-120,Modern Modular Bookshelf,Furniture,Bookcases,3,210.0,504.0,0.2,6.6,East,New York,New York City,Cash on Delivery
ORD-2022-11900,2022-12-27,CUST-1397,Joshua Robinson,PROD-HOM-136,Weighted Cooling Blanket 15lbs,Home & Kitchen,Bedding & Decor,1,95.0,95.0,0.0,29.25,North,Wisconsin,Milwaukee,Credit Card
ORD-2024-11901,2023-01-04,CUST-1225,Melissa Martinez,PROD-FUR-117,Compact Computer Desk,Furniture,Desks & Tables,3,130.0,390.0,0.0,79.8,Central,Ohio,Columbus,UPI / Net Banking
ORD-2022-11902,2023-02-20,CUST-1442,Melissa Wright,PROD-FUR-118,Solid Wood Conference Table,Furniture,Desks & Tables,1,850.0,765.0,0.1,38.5,East,Massachusetts,Boston,Debit Card
ORD-2023-11903,2022-11-03,CUST-1278,Sandra Lewis,PROD-HOM-133,Stainless Steel Chef Knife 8-Inch,Home & Kitchen,Cookware & Dining,1,45.0,45.0,0.0,16.25,West,California,San Francisco,Credit Card
ORD-2024-11904,2024-05-20,CUST-1153,Margaret Scott,PROD-OFF-126,Desktop Document Organizer,Office Supplies,Storage & Organization,5,28.0,140.0,0.0,55.0,East,New York,Buffalo,Debit Card
ORD-2024-11905,2022-02-21,CUST-1202,Paul Young,PROD-OFF-124,Heavy-Duty Plastic Storage Bins 4-Pack,Office Supplies,Storage & Organization,1,55.0,49.5,0.1,12.5,North,Minnesota,Minneapolis,Debit Card
ORD-2022-11906,2024-01-17,CUST-1423,Ashley Scott,PROD-TEC-101,ProBook 15.6 Inch Laptop,Technology,Laptops & Monitors,4,850.0,3230.0,0.05,571.0,East,New York,New York City,PayPal
ORD-2024-11907,2022-11-13,CUST-1375,Deborah White,PROD-TEC-102,UltraSlim 14 Inch Notebook,Technology,Laptops & Monitors,2,1100.0,1980.0,0.1,325.0,South,Florida,Miami,Debit Card
ORD-2023-11908,2022-04-08,CUST-1308,Emily Hill,PROD-TEC-102,UltraSlim 14 Inch Notebook,Technology,Laptops & Monitors,5,1100.0,4675.0,0.15,542.0,West,California,San Francisco,Debit Card
ORD-2024-11909,2022-07-01,CUST-1087,Elizabeth White,PROD-TEC-102,UltraSlim 14 Inch Notebook,Technology,Laptops & Monitors,1,1100.0,660.0,0.4,-169.0,Central,Texas,Dallas,Credit Card
ORD-2024-11910,2022-03-27,CUST-1350,Mary Sanchez,PROD-TEC-112,Smart Fitness Watch,Technology,Phones & Audio,1,149.0,134.1,0.1,22.82,East,New York,New York City,Credit Card
ORD-2024-11911,2023-01-01,CUST-1447,Edward King,PROD-TEC-104,24-Inch IPS FHD Monitor,Technology,Laptops & Monitors,2,180.0,360.0,0.0,103.0,West,California,Los Angeles,Credit Card
ORD-2022-11912,2022-12-12,CUST-1110,Jessica Anderson,PROD-TEC-112,Smart Fitness Watch,Technology,Phones & Audio,1,149.0,134.1,0.1,22.82,West,California,San Diego,Credit Card
ORD-2024-11913,2022-12-14,CUST-1017,Brian Ramirez,PROD-HOM-129,Digital Touchscreen Air Fryer 5.8Qt,Home & Kitchen,Appliances,1,110.0,104.5,0.05,23.5,East,Pennsylvania,Philadelphia,Credit Card
ORD-2022-11914,2023-04-20,CUST-1305,Linda Robinson,PROD-HOM-136,Weighted Cooling Blanket 15lbs,Home & Kitchen,Bedding & Decor,1,95.0,80.75,0.15,15.0,South,Florida,Miami,PayPal
ORD-2022-11915,2023-11-14,CUST-1385, Brian Thomas ,PROD-TEC-105,Wireless Ergonomic Mouse,Technology,Accessories,3,35.0,94.5,0.1,25.5,West,California,Los Angeles,Debit Card
ORD-2024-11916,2022-01-13,CUST-1105,Edward Gonzalez,PROD-TEC-108,HD Pro Webcam 1080p,Technology,Accessories,1,65.0,58.5,0.1,14.2,South,Florida,Miami,Debit Card
ORD-2024-11917,2023-12-17,CUST-1390,Steven Ramirez,PROD-FUR-119,5-Shelf Ladder Bookcase,Furniture,Bookcases,2,140.0,280.0,0.0,65.0,Central,Illinois,Chicago,PayPal
ORD-2024-11918,2022-12-11,CUST-1316,Joshua Moore,PROD-TEC-112,Smart Fitness Watch,Technology,Phones & Audio,4,149.0,596.0,0.0,159.88,South,Georgia,Atlanta,Debit Card
ORD-2022-11919,2023-01-06,CUST-1199,Charles Hill,PROD-TEC-105,Wireless Ergonomic Mouse,Technology,Accessories,5,35.0,166.25,0.05,53.25,West,California,Los Angeles,Debit Card
ORD-2023-11920,2023-08-08,CUST-1220,Daniel Wilson,PROD-HOM-136,Weighted Cooling Blanket 15lbs,Home & Kitchen,Bedding & Decor,3,95.0,199.5,0.3,8.25,East,New York,New York City,Credit Card
ORD-2022-11921,2023-05-06,CUST-1257,Steven Gonzalez,PROD-FUR-118,Solid Wood Conference Table,Furniture,Desks & Tables,6,850.0,4845.0,0.05,501.0,Central,Texas,Houston,Debit Card
ORD-2024-11922,2023-12-17,CUST-1192, Michelle King ,PROD-FUR-115,Adjustable Drafting Stool,Furniture,Chairs & Stools,1,110.0,93.5,0.15,7.0,South,Florida,Miami,Credit Card
ORD-2023-11923,2022-01-09,CUST-1112,Mary Nguyen,PROD-TEC-111,Bluetooth Conference Speaker,Technology,Phones & Audio,1,120.0,102.0,0.15,16.4,East,Pennsylvania,Philadelphia,UPI / Net Banking
ORD-2023-11924,2022-07-08,CUST-1147,Ashley Walker,PROD-TEC-107,USB-C Multi-Port Hub,Technology,Accessories,1,45.0,42.75,0.05,14.0,North,Minnesota,Minneapolis,PayPal
ORD-2024-11925,2024-03-08,CUST-1077,Deborah Perez,PROD-FUR-115,Adjustable Drafting Stool,Furniture,Chairs & Stools,2,110.0,198.0,0.1,28.0,West,California,San Francisco,Credit Card
ORD-2022-11926,2023-10-21,CUST-1216,Emily Martinez,PROD-TEC-103,27-Inch 4K UHD Monitor,Technology,Laptops & Monitors,10,350.0,2975.0,0.15,442.0,Central,Texas,Austin,Credit Card
ORD-2023-11927,2022-09-06,CUST-1008,Mary Garcia,PROD-TEC-110,True Wireless Earbuds,Technology,Phones & Audio,1,89.0,89.0,0.0,27.15,Central,Illinois,Chicago,PayPal
ORD-2023-11928,2023-11-26,CUST-1172,Jennifer Clark,PROD-HOM-130,Programmable Drip Coffee Maker,Home & Kitchen,Appliances,2,75.0,127.5,0.15,25.0,East,Pennsylvania,Philadelphia,Credit Card
ORD-2024-11929,2024-05-31,CUST-1096,Jennifer Garcia,PROD-TEC-106,Mechanical RGB Keyboard,Technology,Accessories,1,75.0,71.25,0.05,18.5,East,New York,Buffalo,Cash on Delivery
ORD-2022-11930,2023-03-06,CUST-1344,Ashley Johnson,PROD-TEC-112,Smart Fitness Watch,Technology,Phones & Audio,1,149.0,111.75,0.25,0.47,West,California,Los Angeles,Cash on Delivery
ORD-2023-11931,2023-04-20,CUST-1013,Anthony Anderson,PROD-TEC-109,Noise Canceling Headphones,Technology,Phones & Audio,2,199.0,298.5,0.25,14.9,East,New York,New York City,PayPal
ORD-2024-11932,2022-01-07,CUST-1093,Lisa Martin,PROD-FUR-113,Ergonomic Executive Mesh Chair,Furniture,Chairs & Stools,5,240.0,1200.0,0.0,232.0,East,Massachusetts,Boston,Debit Card
ORD-2022-11933,2022/12/28,CUST-1269,Kevin Harris,PROD-TEC-108,HD Pro Webcam 1080p,Technology,Accessories,6,65.0,370.5,0.05,119.7,West,Oregon,Portland,Credit Card
ORD-2022-11934,2024-03-02,CUST-1058,Melissa Scott,PROD-HOM-133,Stainless Steel Chef Knife 8-Inch,Home & Kitchen,Cookware & Dining,1,45.0,38.25,0.15,9.5,East,Massachusetts,Boston,Debit Card
ORD-2023-11935,2023-08-06,CUST-1384,Robert Nguyen,PROD-HOM-130,Programmable Drip Coffee Maker,Home & Kitchen,Appliances,5,75.0,375.0,0.0,123.25,Central,Texas,Dallas,Credit Card
ORD-2023-11936,2022-08-31,CUST-1246,Barbara Nguyen,PROD-HOM-135,100% Organic Cotton Sheet Set Queen,Home & Kitchen,Bedding & Decor,3,85.0,255.0,0.0,90.9,South,Florida,Orlando,Credit Card
ORD-2023-11937,2022-06-26,CUST-1412,Nancy Johnson,PROD-HOM-133,Stainless Steel Chef Knife 8-Inch,Home & Kitchen,Cookware & Dining,2,45.0,85.5,0.05,31.0,East,Pennsylvania,Philadelphia,PayPal
ORD-2022-11938,2022-06-22,CUST-1370, Elizabeth Thomas ,PROD-HOM-131,Compact HEPA Air Purifier,Home & Kitchen,Appliances,1,130.0,117.0,0.1,19.4,East,New York,Buffalo,PayPal
ORD-2022-11939,2022-05-19,CUST-1340,Melissa Wright,PROD-TEC-110,True Wireless Earbuds,Technology,Phones & Audio,1,89.0,84.55,0.05,22.7,East,New York,New York City,PayPal
ORD-2022-11940,2024-02-07,CUST-1441,Christopher Davis,PROD-HOM-134,Insulated Stainless Steel Tumbler 30oz,Home & Kitchen,Cookware & Dining,1,25.0,20.0,0.2,3.5,South,Florida,Miami,Credit Card
ORD-2024-11941,2022-01-11,CUST-1345,Matthew Perez,PROD-TEC-109,Noise Canceling Headphones,Technology,Phones & Audio,3,199.0,597.0,0.0,173.1,West,California,Los Angeles,PayPal
ORD-2022-11942,2022-08-13,CUST-1437,Brian Robinson,PROD-TEC-109,Noise Canceling Headphones,Technology,Phones & Audio,3,199.0,537.3,0.1,113.4,West,California,San Francisco,Credit Card
ORD-2022-11943,2023-01-17,CUST-1368,Jessica Gonzalez,PROD-FUR-113,Ergonomic Executive Mesh Chair,Furniture,Chairs & Stools,1,240.0,216.0,0.1,20.0,West,California,Los Angeles,PayPal
ORD-2023-11944,2022-09-17,CUST-1203,Thomas Brown,PROD-FUR-113,Ergonomic Executive Mesh Chair,Furniture,Chairs & Stools,1,240.0,240.0,0.0,44.0,West,California,Los Angeles,Credit Card
ORD-2023-11945,2023-04-13,CUST-1236,Daniel Martin,PROD-OFF-123,Gel Ink Pens Box of 24,Office Supplies,Paper & Stationary,1,15.0,12.75,0.15,2.0,South,North Carolina,Charlotte,Debit Card
ORD-2022-11946,2023-10-30,CUST-1083,Paul Miller,PROD-TEC-106,Mechanical RGB Keyboard,Technology,Accessories,2,75.0,150.0,0.0,47.5,South,North Carolina,Charlotte,Credit Card
ORD-2024-11947,2022-02-11,CUST-1441,Christopher Davis,PROD-TEC-111,Bluetooth Conference Speaker,Technology,Phones & Audio,6,120.0,684.0,0.05,185.4,West,Oregon,Portland,UPI / Net Banking
ORD-2024-11948,2023-07-09,CUST-1421,Jennifer Thomas,PROD-FUR-118,Solid Wood Conference Table,Furniture,Desks & Tables,1,850.0,807.5,0.05,81.0,Central,Illinois,Chicago,Credit Card
ORD-2022-11949,2023-03-06,CUST-1250,George Lee,PROD-TEC-101,ProBook 15.6 Inch Laptop,Technology,Laptops & Monitors,2,850.0,1530.0,0.1,199.0,Central,Ohio,Columbus,Credit Card
ORD-2023-11950,2023-04-17,CUST-1386,Michael Martin,PROD-TEC-103,27-Inch 4K UHD Monitor,Technology,Laptops & Monitors,6,350.0,2100.0,0.0,579.0,East,Massachusetts,Boston,Credit Card
ORD-2023-11951,2023-01-06,CUST-1031,Richard Jones,PROD-FUR-120,Modern Modular Bookshelf,Furniture,Bookcases,1,210.0,210.0,0.0,42.2,North,Wisconsin,Milwaukee,Credit Card
ORD-2023-11952,2023-02-05,CUST-1101,Emily Hernandez,PROD-FUR-120,Modern Modular Bookshelf,Furniture,Bookcases,1,210.0,210.0,0.0,42.2,Central,Ohio,Columbus,UPI / Net Banking
ORD-2024-11953,2023-01-21,CUST-1086,Kenneth Gonzalez,PROD-HOM-130,Programmable Drip Coffee Maker,Home & Kitchen,Appliances,1,75.0,75.0,0.0,22.25,East,New York,Buffalo,Credit Card
ORD-2023-11954,2022-05-31,CUST-1131,George Brown,PROD-FUR-114,High-Back Leather Gaming Chair,Furniture,Chairs & Stools,1,290.0,275.5,0.05,33.7,East,Massachusetts,Boston,Debit Card
ORD-2023-11955,2022-09-30,CUST-1345,Matthew Perez,PROD-TEC-110,True Wireless Earbuds,Technology,Phones & Audio,1,89.0,66.75,0.25,4.9,North,Michigan,Detroit,Debit Card
ORD-2023-11956,2023-09-01,CUST-1352,Kevin Johnson,PROD-TEC-107,USB-C Multi-Port Hub,Technology,Accessories,2,45.0,90.0,0.0,35.5,West,Oregon,Portland,PayPal
ORD-2022-11957,2023-11-05,CUST-1308,Emily Hill,PROD-OFF-125,3-Drawer Mobile File Cabinet,Office Supplies,Storage & Organization,2,145.0,232.0,0.2,18.2,North,Minnesota,Minneapolis,Credit Card
ORD-2023-11958,2023-04-17,CUST-1096,Jennifer Garcia,PROD-OFF-124,Heavy-Duty Plastic Storage Bins 4-Pack,Office Supplies,Storage & Organization,2,55.0,110.0,0.0,39.0,East,New York,New York City,Debit Card
ORD-2022-11959,2024-04-08,CUST-1354,William Robinson,PROD-FUR-116,Electric Dual-Motor Standing Desk,Furniture,Desks & Tables,1,450.0,360.0,0.2,-13.0,East,New York,New York City,Debit Card
ORD-2023-11960,2024-01-07,CUST-1137,Steven Lewis,PROD-OFF-124,Heavy-Duty Plastic Storage Bins 4-Pack,Office Supplies,Storage & Organization,3,55.0,148.5,0.1,43.5,West,Washington,Seattle,UPI / Net Banking
ORD-2023-11961,2023-02-16,CUST-1301,Joseph Lopez,PROD-FUR-118,Solid Wood Conference Table,Furniture,Desks & Tables,2,850.0,1615.0,0.05,165.0,East,Pennsylvania,Philadelphia,Debit Card
ORD-2023-11962,2023-02-07,CUST-1198,Elizabeth Moore,PROD-HOM-133,Stainless Steel Chef Knife 8-Inch,Home & Kitchen,Cookware & Dining,4,45.0,162.0,0.1,56.0,South,North Carolina,Charlotte,Debit Card
ORD-2023-11963,2022-10-20,CUST-1190,David Lewis,PROD-TEC-102,UltraSlim 14 Inch Notebook,Technology,Laptops & Monitors,1,1100.0,1100.0,0.0,271.0,West,Oregon,Portland  ,PayPal
ORD-2023-11964,2023-06-05,CUST-1045,Matthew Moore,PROD-OFF-122,Executive Hardcover Notebook 3-Pack,Office Supplies,Paper & Stationary,4,24.0,96.0,0.0,41.0,West,California,San Francisco,Debit Card
ORD-2023-11965,2022-11-06,CUST-1433,Emily King,PROD-HOM-129,Digital Touchscreen Air Fryer 5.8Qt,Home & Kitchen,Appliances,2,110.0,220.0,0.0,61.0,East,New York,Buffalo,Credit Card
ORD-2022-11966,2023-01-12,CUST-1398,Dorothy Martinez,PROD-TEC-108,HD Pro Webcam 1080p,Technology,Accessories,1,65.0,65.0,0.0,20.7,East,Pennsylvania,Philadelphia,Debit Card
ORD-2023-11967,2023-10-29,CUST-1279,Donald Wilson,PROD-FUR-113,Ergonomic Executive Mesh Chair,Furniture,Chairs & Stools,1,240.0,168.0,0.3,-28.0,East,New York,Buffalo,Credit Card
ORD-2023-11968,2022-08-07,CUST-1368,Jessica Gonzalez,PROD-TEC-104,24-Inch IPS FHD Monitor,Technology,Laptops & Monitors,2,180.0,360.0,0.0,103.0,South,North Carolina,Charlotte,Credit Card
ORD-2024-11969,2022-01-19,CUST-1016,Edward Hernandez,PROD-HOM-135,100% Organic Cotton Sheet Set Queen,Home & Kitchen,Bedding & Decor,6,85.0,408.0,0.2,82.8,Central,Illinois,Chicago,Debit Card
ORD-2022-11970,2023-01-13,CUST-1374,Sandra Taylor,PROD-HOM-136,Weighted Cooling Blanket 15lbs,Home & Kitchen,Bedding & Decor,3,95.0,285.0,0.0,93.75,Central,Texas,Dallas,Credit Card
ORD-2024-11971,2022-10-14,CUST-1379,Karen Miller,PROD-TEC-112,Smart Fitness Watch,Technology,Phones & Audio,1,149.0,141.55,0.05,30.27,Central,Texas,Dallas,UPI / Net Banking
ORD-2024-11972,2023-05-26,CUST-1025,John Robinson,PROD-TEC-108,HD Pro Webcam 1080p,Technology,Accessories,1,65.0,55.25,0.15,10.95,East,Massachusetts,Boston,Credit Card
ORD-2024-11973,2023-06-26,CUST-1211,Emily Smith,PROD-OFF-122,Executive Hardcover Notebook 3-Pack,Office Supplies,Paper & Stationary,1,24.0,22.8,0.05,6.8,East,New York,Buffalo,Debit Card
ORD-2023-11974,2023-02-21,CUST-1097, George Young ,PROD-FUR-113,Ergonomic Executive Mesh Chair,Furniture,Chairs & Stools,4,240.0,912.0,0.05,137.0,West,Washington,Seattle,UPI / Net Banking
ORD-2024-11975,2023-12-19,CUST-1183,Michelle Torres,PROD-TEC-110,True Wireless Earbuds,Technology,Phones & Audio,3,89.0,253.65,0.05,74.1,West,Washington,Seattle,UPI / Net Banking
ORD-2024-11976,2022-02-16,CUST-1019,Elizabeth Wilson,PROD-TEC-102,UltraSlim 14 Inch Notebook,Technology,Laptops & Monitors,2,1100.0,2200.0,0.0,545.0,West,California,San Francisco,PayPal
ORD-2023-11977,2023-11-10,CUST-1434,Daniel Ramirez,PROD-FUR-113,Ergonomic Executive Mesh Chair,Furniture,Chairs & Stools,1,240.0,120.0,0.5,-76.0,East,New York,New York City,PayPal
ORD-2022-11978,2024-02-21,CUST-1204,Jennifer Ramirez,PROD-HOM-134,Insulated Stainless Steel Tumbler 30oz,Home & Kitchen,Cookware & Dining,2,25.0,47.5,0.05,17.5,South,Florida,Miami,Debit Card
ORD-2023-11979,2022-12-26,CUST-1364,Patricia Thompson,PROD-TEC-110,True Wireless Earbuds,Technology,Phones & Audio,2,89.0,178.0,0.0,57.3,East,Massachusetts,Boston,Credit Card
ORD-2023-11980,2024-03-13,CUST-1127,Michael Miller,PROD-OFF-123,Gel Ink Pens Box of 24,Office Supplies,Paper & Stationary,3,15.0,45.0,0.0,18.75,East,New York,Buffalo,Debit Card
ORD-2022-11981,2022-08-29,CUST-1076,Edward Moore,PROD-TEC-111,Bluetooth Conference Speaker,Technology,Phones & Audio,3,120.0,324.0,0.1,73.2,East,New York,Buffalo,Credit Card
ORD-2024-11982,2023-09-10,CUST-1312,Donald Hernandez,PROD-TEC-112,Smart Fitness Watch,Technology,Phones & Audio,6,149.0,894.0,0.0,241.32,South,Florida,Miami,UPI / Net Banking
ORD-2022-11983,2024-03-11,CUST-1182,James Robinson,PROD-FUR-115,Adjustable Drafting Stool,Furniture,Chairs & Stools,3,110.0,330.0,0.0,76.5,South,Florida,Orlando,PayPal
ORD-2022-11984,2022-02-20,CUST-1283,Charles Allen,PROD-HOM-130,Programmable Drip Coffee Maker,Home & Kitchen,Appliances,2,75.0,150.0,0.0,47.5,West,California,Los Angeles,Credit Card
ORD-2022-11985,2024-04-29,CUST-1438,Sarah Martin,PROD-FUR-113,Ergonomic Executive Mesh Chair,Furniture,Chairs & Stools,2,240.0,456.0,0.05,67.0,West,Washington,Seattle,Debit Card
ORD-2024-11986,2022-08-16,CUST-1286,Edward Thomas,PROD-HOM-136,Weighted Cooling Blanket 15lbs,Home & Kitchen,Bedding & Decor,2,95.0,171.0,0.1,42.5,North,Wisconsin,Milwaukee,Credit Card
ORD-2024-11987,2023-03-22,CUST-1363,Melissa Wright,PROD-FUR-117,Compact Computer Desk,Furniture,Desks & Tables,2,130.0,260.0,0.0,52.2,Central,Ohio,Columbus,PayPal
ORD-2022-11988,2022-05-29,CUST-1108,Donald King,PROD-FUR-114,High-Back Leather Gaming Chair,Furniture,Chairs & Stools,6,290.0,1740.0,0.0,304.2,North,Wisconsin,Milwaukee,Credit Card
ORD-2022-11989,2024-02-12,CUST-1312,Donald Hernandez,PROD-FUR-119,5-Shelf Ladder Bookcase,Furniture,Bookcases,3,140.0,420.0,0.0,99.0,South,Georgia,Atlanta,Debit Card
ORD-2024-11990,2024-04-15,CUST-1341,Kenneth Anderson,PROD-TEC-112,Smart Fitness Watch,Technology,Phones & Audio,3,149.0,379.95,0.15,52.11,East,New York,Buffalo,Credit Card
ORD-2023-11991,2022-08-05,CUST-1191,Steven Martin,PROD-TEC-104,24-Inch IPS FHD Monitor,Technology,Laptops & Monitors,4,180.0,720.0,0.0,209.0,East,Massachusetts,Boston,Debit Card
ORD-2022-11992,2024-05-25,CUST-1332,Susan Clark,PROD-TEC-108,HD Pro Webcam 1080p,Technology,Accessories,2,65.0,130.0,0.0,44.4,West,Oregon,Portland,Credit Card
ORD-2022-11993,2023-05-13,CUST-1343,Sarah Ramirez,PROD-OFF-121,Premium Multipurpose Copy Paper 5 Reams,Office Supplies,Paper & Stationary,2,38.0,60.8,0.2,14.0,North,Michigan,Detroit,Debit Card
ORD-2022-11994,2024-06-28,CUST-1338,Karen Harris,PROD-TEC-105,Wireless Ergonomic Mouse,Technology,Accessories,1,35.0,28.0,0.2,3.0,West,California,San Francisco,Credit Card
ORD-2023-11995,2022-08-23,CUST-1293,Sandra Clark,PROD-HOM-131,Compact HEPA Air Purifier,Home & Kitchen,Appliances,5,130.0,552.5,0.15,76.5,South,Georgia,Atlanta,PayPal
ORD-2023-11996,2023-08-06,CUST-1038,David White,PROD-TEC-112,Smart Fitness Watch,Technology,Phones & Audio,1,149.0,149.0,0.0,37.72,Central,Illinois,Chicago,Credit Card
ORD-2024-11997,2022-12-17,CUST-1169,Andrew Thomas,PROD-OFF-128,Precision Cutting Mat & Knife Set,Office Supplies,Art & Craft,2,22.0,37.4,0.15,9.52,South,Georgia,Atlanta,Debit Card
ORD-2022-11998,2023-08-29,CUST-1165,Barbara Jones,PROD-HOM-129,Digital Touchscreen Air Fryer 5.8Qt,Home & Kitchen,Appliances,4,110.0,374.0,0.15,59.0,Central,Ohio,Columbus,Credit Card
ORD-2022-11999,2022-09-17,CUST-1087,Elizabeth White,PROD-OFF-128,Precision Cutting Mat & Knife Set,Office Supplies,Art & Craft,1,22.0,22.0,0.0,6.56,East,New York,Buffalo,Credit Card
ORD-2024-12000,2022-04-02,CUST-1077,Deborah Perez,PROD-FUR-120,Modern Modular Bookshelf,Furniture,Bookcases,1,210.0,199.5,0.05,31.7,North,Michigan,Detroit,Credit Card
ORD-2023-12001,2023-04-19,CUST-1273,Emily Smith,PROD-HOM-130,Programmable Drip Coffee Maker,Home & Kitchen,Appliances,3,75.0,202.5,0.1,50.25,East,Massachusetts,Boston,UPI / Net Banking
ORD-2023-12002,2022-08-25,CUST-1041,Brian Jones,PROD-TEC-112,Smart Fitness Watch,Technology,Phones & Audio,2,149.0,298.0,0.0,78.44,South,Florida,Orlando,Credit Card
ORD-2024-12003,2023-06-28,CUST-1274,Karen Jackson,PROD-HOM-131,Compact HEPA Air Purifier,Home & Kitchen,Appliances,3,130.0,390.0,0.0,103.2,South,North Carolina,Charlotte,Debit Card
ORD-2024-12004,2023-12-11,CUST-1159,Patricia Lee,PROD-FUR-113,Ergonomic Executive Mesh Chair,Furniture,Chairs & Stools,3,240.0,720.0,0.0,138.0,Central,Illinois,Chicago,PayPal
ORD-2024-12005,2023-11-20,CUST-1372,Kevin Davis,PROD-OFF-122,Executive Hardcover Notebook 3-Pack,Office Supplies,Paper & Stationary,2,24.0,43.2,0.1,14.2,West,California,San Francisco,UPI / Net Banking
ORD-2022-12006,2024-03-04,CUST-1179,Kevin Martin,PROD-HOM-132,Non-Stick Ceramic Cookware 10-Piece,Home & Kitchen,Cookware & Dining,2,180.0,306.0,0.15,56.2,South,North Carolina,Charlotte,Debit Card
ORD-2022-12007,2023-12-30,CUST-1026,Steven Davis,PROD-TEC-101,ProBook 15.6 Inch Laptop,Technology,Laptops & Monitors,1,850.0,807.5,0.05,140.5,South,Florida,Orlando,Credit Card
ORD-2023-12008,2023-05-24,CUST-1206,James Perez,PROD-FUR-120,Modern Modular Bookshelf,Furniture,Bookcases,2,210.0,357.0,0.15,24.4,West,Oregon,Portland,Debit Card
ORD-2022-12009,2023-01-30,CUST-1178,Betty Rodriguez,PROD-OFF-128,Precision Cutting Mat & Knife Set,Office Supplies,Art & Craft,1,22.0,22.0,0.0,6.56,South,Florida,Miami,Credit Card
ORD-2022-12010,2023-04-27,CUST-1102,Thomas King,PROD-TEC-103,27-Inch 4K UHD Monitor,Technology,Laptops & Monitors,1,350.0,280.0,0.2,24.0,West,Oregon,Portland,Cash on Delivery
ORD-2023-12011,2022-03-22,CUST-1057,William Thomas,PROD-OFF-123,Gel Ink Pens Box of 24,Office Supplies,Paper & Stationary,8,15.0,120.0,0.0,55.0,East,New York,Buffalo,PayPal
ORD-2023-12012,2024-01-07,CUST-1005,Amanda Wright,PROD-TEC-112,Smart Fitness Watch,Technology,Phones & Audio,2,149.0,298.0,0.0,78.44,Central,Texas,Austin,Credit Card
ORD-2023-12013,2022-08-29,CUST-1041,Brian Jones,PROD-OFF-121,Premium Multipurpose Copy Paper 5 Reams,Office Supplies,Paper & Stationary,4,38.0,152.0,0.0,61.4,East,Pennsylvania,Philadelphia,Credit Card
ORD-2023-12014,2022-12-24,CUST-1145,Edward Thomas,PROD-OFF-127,Professional Acrylic Paint Set,Office Supplies,Art & Craft,6,42.0,226.8,0.1,71.64,South,North Carolina,Charlotte,Credit Card
ORD-2023-12015,2024-02-03,CUST-1114,Donna Anderson,PROD-FUR-120,Modern Modular Bookshelf,Furniture,Bookcases,1,210.0,210.0,0.0,42.2,West,California,San Diego,Debit Card
ORD-2024-12016,2023-08-27,CUST-1126,Anthony Gonzalez,PROD-FUR-116,Electric Dual-Motor Standing Desk,Furniture,Desks & Tables,3,450.0,1350.0,0.0,237.0,North,Wisconsin,Milwaukee,Credit Card
ORD-2023-12017,2024-06-17,CUST-1210,Emily Ramirez,PROD-FUR-117,Compact Computer Desk,Furniture,Desks & Tables,6,130.0,780.0,0.0,162.6,West,California,Los Angeles,Credit Card
ORD-2022-12018,2023-08-31,CUST-1169,Andrew Thomas,PROD-HOM-133,Stainless Steel Chef Knife 8-Inch,Home & Kitchen,Cookware & Dining,2,45.0,85.5,0.05,31.0,West,Washington,Seattle,Debit Card
ORD-2024-12019,2023-10-20,CUST-1395,Ashley Miller,PROD-HOM-134,Insulated Stainless Steel Tumbler 30oz,Home & Kitchen,Cookware & Dining,3,25.0,67.5,0.1,24.0,South,Georgia,Atlanta,Credit Card
ORD-2023-12020,2022-05-13,CUST-1032,John Anderson,PROD-TEC-112,Smart Fitness Watch,Technology,Phones & Audio,3,149.0,424.65,0.05,96.81,West,California,Los Angeles,Debit Card
ORD-2023-12021,2022-07-17,CUST-1147,Ashley Walker,PROD-OFF-127,Professional Acrylic Paint Set,Office Supplies,Art & Craft,1,42.0,42.0,0.0,13.64,East,Pennsylvania,Philadelphia,Credit Card
ORD-2022-12022,2022-02-13,CUST-1155,Elizabeth Gonzalez,PROD-FUR-118,Solid Wood Conference Table,Furniture,Desks & Tables,3,850.0,2295.0,0.1,121.5,North,Wisconsin,Milwaukee,PayPal
ORD-2024-12023,2022-02-25,CUST-1422,George Clark,PROD-TEC-102,UltraSlim 14 Inch Notebook,Technology,Laptops & Monitors,1,1100.0,880.0,0.2,51.0,South,Florida,Orlando,Debit Card
ORD-2023-12024,2022-12-08,CUST-1440,Linda Gonzalez,PROD-OFF-126,Desktop Document Organizer,Office Supplies,Storage & Organization,2,28.0,33.6,0.4,-2.2,Central,Texas,Austin,UPI / Net Banking
ORD-2023-12025,2022-01-03,CUST-1285,Nancy Garcia,PROD-OFF-128,Precision Cutting Mat & Knife Set,Office Supplies,Art & Craft,1,22.0,22.0,0.0,6.56,West,California,Los Angeles,Debit Card
ORD-2023-12026,2022-07-13,CUST-1133,Patricia Sanchez,PROD-OFF-121,Premium Multipurpose Copy Paper 5 Reams,Office Supplies,Paper & Stationary,4,38.0,91.2,0.4,0.6,West,Washington,Seattle,Credit Card
ORD-2022-12027,2022-10-31,CUST-1094,Jessica Brown,PROD-FUR-113,Ergonomic Executive Mesh Chair,Furniture,Chairs & Stools,4,240.0,864.0,0.1,89.0,East,Massachusetts,Boston,Debit Card
ORD-2023-12028,2022-10-27,CUST-1094,Jessica Brown,PROD-FUR-117,Compact Computer Desk,Furniture,Desks & Tables,3,130.0,331.5,0.15,21.3,West,Washington,Seattle,Credit Card
ORD-2023-12029,2023-06-01,CUST-1380,Donna Johnson,PROD-OFF-126,Desktop Document Organizer,Office Supplies,Storage & Organization,8,28.0,201.6,0.1,67.4,West,Oregon,Portland,Credit Card
ORD-2024-12030,2023-12-26,CUST-1073,Emily Smith,PROD-FUR-118,Solid Wood Conference Table,Furniture,Desks & Tables,3,850.0,2550.0,0.0,376.5,East,Massachusetts,Boston,Debit Card
ORD-2024-12031,2023-05-14,CUST-1225,Melissa Martinez,PROD-FUR-119,5-Shelf Ladder Bookcase,Furniture,Bookcases,1,140.0,126.0,0.1,17.0,East,New York,New York City,PayPal
ORD-2022-12032,2022-08-22,CUST-1275,Susan Ramirez,PROD-OFF-124,Heavy-Duty Plastic Storage Bins 4-Pack,Office Supplies,Storage & Organization,1,55.0,55.0,0.0,18.0,East,New York,New York City,UPI / Net Banking
ORD-2022-12033,2023-04-05,CUST-1385,Brian Thomas,PROD-OFF-122,Executive Hardcover Notebook 3-Pack,Office Supplies,Paper & Stationary,4,24.0,96.0,0.0,41.0,South,Florida,Orlando,Debit Card
ORD-2022-12034,2022-01-17,CUST-1069,Kenneth Jones,PROD-OFF-122,Executive Hardcover Notebook 3-Pack,Office Supplies,Paper & Stationary,8,24.0,192.0,0.0,85.0,Central,Texas,Dallas,Credit Card
ORD-2022-12035,2022-09-17,CUST-1210,Emily Ramirez,PROD-HOM-130,Programmable Drip Coffee Maker,Home & Kitchen,Appliances,2,75.0,105.0,0.3,2.5,Central,Texas,Dallas,Credit Card
ORD-2022-12036,2023-03-25,CUST-1439,Thomas Anderson,PROD-OFF-128,Precision Cutting Mat & Knife Set,Office Supplies,Art & Craft,1,22.0,19.8,0.1,4.36,Central,Texas,Houston,Credit Card
ORD-2024-12037,2022-02-28,CUST-1089,Steven King,PROD-FUR-118,Solid Wood Conference Table,Furniture,Desks & Tables,6,850.0,5100.0,0.0,756.0,West,California,San Diego,UPI / Net Banking
ORD-2024-12038,2024-02-28,CUST-1133,Patricia Sanchez,PROD-HOM-132,Non-Stick Ceramic Cookware 10-Piece,Home & Kitchen,Cookware & Dining,1,180.0,180.0,0.0,53.6,Central,Texas,Houston,PayPal
ORD-2022-12039,2023-07-08,CUST-1152,Sandra Jackson,PROD-HOM-130,Programmable Drip Coffee Maker,Home & Kitchen,Appliances,1,75.0,56.25,0.25,3.5,South,Florida,Miami,Credit Card
ORD-2022-12040,2022-04-04,CUST-1233,Matthew Williams,PROD-TEC-111,Bluetooth Conference Speaker,Technology,Phones & Audio,3,120.0,360.0,0.0,109.2,West,California,San Francisco,PayPal
ORD-2024-12041,2023-02-28,CUST-1426,Carol Young,PROD-FUR-117,Compact Computer Desk,Furniture,Desks & Tables,6,130.0,780.0,0.0,162.6,West,Oregon,Portland,Debit Card
ORD-2024-12042,2023-05-23,CUST-1165,Barbara Jones,PROD-FUR-117,Compact Computer Desk,Furniture,Desks & Tables,2,130.0,260.0,0.0,52.2,East,Massachusetts,Boston,PayPal
ORD-2022-12043,2023-01-31,CUST-1185,Steven Wilson,PROD-HOM-135,100% Organic Cotton Sheet Set Queen,Home & Kitchen,Bedding & Decor,2,85.0,170.0,0.0,59.6,South,Florida,Orlando,PayPal
ORD-2023-12044,2023-06-02,CUST-1447,Edward King,PROD-TEC-105,Wireless Ergonomic Mouse,Technology,Accessories,2,35.0,70.0,0.0,23.0,Central,Texas,Houston,Credit Card
ORD-2023-12045,2023-02-08,CUST-1389,John Thompson,PROD-HOM-135,100% Organic Cotton Sheet Set Queen,Home & Kitchen,Bedding & Decor,1,85.0,76.5,0.1,19.8,East,Pennsylvania,Philadelphia,Credit Card
ORD-2022-12046,2023-10-05,CUST-1097,George Young,PROD-HOM-129,Digital Touchscreen Air Fryer 5.8Qt,Home & Kitchen,Appliances,1,110.0,110.0,0.0,29.0,East,New York,New York City,Cash on Delivery
ORD-2023-12047,2023-06-10,CUST-1022,Matthew Miller,PROD-FUR-116,Electric Dual-Motor Standing Desk,Furniture,Desks & Tables,1,450.0,450.0,0.0,77.0,East,Pennsylvania,Philadelphia,UPI / Net Banking
ORD-2022-12048,2023-04-11,CUST-1438,Sarah Martin,PROD-TEC-104,24-Inch IPS FHD Monitor,Technology,Laptops & Monitors,2,180.0,360.0,0.0,103.0,South,North Carolina,Charlotte,Credit Card
ORD-2022-12049,2023-08-25,CUST-1318,Ashley Thomas,PROD-FUR-117,Compact Computer Desk,Furniture,Desks & Tables,1,130.0,130.0,0.0,24.6,West,California,San Diego,Credit Card
ORD-2022-12050,2022-06-29,CUST-1073,Emily Smith,PROD-HOM-132,Non-Stick Ceramic Cookware 10-Piece,Home & Kitchen,Cookware & Dining,3,180.0,540.0,0.0,166.8,Central,Texas,Dallas,Credit Card
ORD-2023-12051,2022-06-03,CUST-1074,Amanda Davis,PROD-TEC-108,HD Pro Webcam 1080p,Technology,Accessories,1,65.0,61.75,0.05,17.45,North,Minnesota,Minneapolis,Credit Card
ORD-2023-12052,2024-05-20,CUST-1099,Deborah Rodriguez,PROD-FUR-113,Ergonomic Executive Mesh Chair,Furniture,Chairs & Stools,3,240.0,720.0,0.0,138.0,East,New York,New York City,Credit Card
ORD-2022-12053,2022-11-09,CUST-1258,Lisa Ramirez,PROD-HOM-134,Insulated Stainless Steel Tumbler 30oz,Home & Kitchen,Cookware & Dining,1,25.0,25.0,0.0,8.5,East,Massachusetts,Boston,PayPal
ORD-2022-12054,2022-01-11,CUST-1441,Christopher Davis,PROD-OFF-124,Heavy-Duty Plastic Storage Bins 4-Pack,Office Supplies,Storage & Organization,1,55.0,52.25,0.05,15.25,West,Oregon,Portland,Debit Card
ORD-2023-12055,2022-07-14,CUST-1404,Sandra Ramirez,PROD-HOM-129,Digital Touchscreen Air Fryer 5.8Qt,Home & Kitchen,Appliances,2,110.0,220.0,0.0,61.0,West,Washington,Seattle,PayPal
ORD-2022-12056,2024-06-17,CUST-1307,Kevin King,PROD-OFF-121,Premium Multipurpose Copy Paper 5 Reams,Office Supplies,Paper & Stationary,4,38.0,152.0,0.0,61.4,East,Massachusetts,Boston,UPI / Net Banking
ORD-2022-12057,2023-01-03,CUST-1291,Mark Flores,PROD-TEC-110,True Wireless Earbuds,Technology,Phones & Audio,1,89.0,84.55,0.05,22.7,West,California,Los Angeles,Credit Card
ORD-2022-12058,2022-01-29,CUST-1335,Edward Torres,PROD-OFF-124,Heavy-Duty Plastic Storage Bins 4-Pack,Office Supplies,Storage & Organization,2,55.0,104.5,0.05,33.5,East,New York,Buffalo,Debit Card
ORD-2023-12059,2022-08-12,CUST-1022,Matthew Miller,PROD-TEC-110,True Wireless Earbuds,Technology,Phones & Audio,4,89.0,338.2,0.05,99.8,East,Pennsylvania,Philadelphia,Debit Card
ORD-2024-12060,2024-01-08,CUST-1416,Thomas Perez,PROD-TEC-110,True Wireless Earbuds,Technology,Phones & Audio,3,89.0,226.95,0.15,47.4,Central,Texas,Dallas,Credit Card
ORD-2023-12061,2023-01-22,CUST-1039,Daniel Wilson,PROD-OFF-122,Executive Hardcover Notebook 3-Pack,Office Supplies,Paper & Stationary,3,24.0,64.8,0.1,22.8,East,Pennsylvania,Philadelphia,Debit Card
ORD-2024-12062,2022-04-20,CUST-1115,James Jones,PROD-HOM-135,100% Organic Cotton Sheet Set Queen,Home & Kitchen,Bedding & Decor,1,85.0,76.5,0.1,19.8,East,New York,New York City,Debit Card
ORD-2022-12063,2024-04-18,CUST-1329,Anthony Perez,PROD-TEC-106,Mechanical RGB Keyboard,Technology,Accessories,5,75.0,318.75,0.15,67.0,North,Michigan,Detroit,Cash on Delivery
ORD-2023-12064,2023-06-08,CUST-1340,Melissa Wright,PROD-TEC-108,HD Pro Webcam 1080p,Technology,Accessories,1,65.0,58.5,0.1,14.2,West,California,San Diego,UPI / Net Banking
ORD-2023-12065,2022-01-09,CUST-1054,Susan Young,PROD-TEC-108,HD Pro Webcam 1080p,Technology,Accessories,1,65.0,39.0,0.4,-5.3,Central,Ohio,Columbus,PayPal
ORD-2022-12066,2024-05-07,CUST-1429,Joseph Sanchez,PROD-TEC-101,ProBook 15.6 Inch Laptop,Technology,Laptops & Monitors,1,850.0,850.0,0.0,183.0,South,Florida,Miami,Credit Card
ORD-2024-12067,2023-06-22,CUST-1246,Barbara Nguyen,PROD-FUR-116,Electric Dual-Motor Standing Desk,Furniture,Desks & Tables,4,450.0,1800.0,0.0,317.0,Central,Texas,Austin,Credit Card
ORD-2023-12068,2024-02-06,CUST-1160,Patricia Brown,PROD-TEC-108,HD Pro Webcam 1080p,Technology,Accessories,3,65.0,175.5,0.1,48.6,West,Oregon,Portland,Credit Card
ORD-2024-12069,2023-03-23,CUST-1415,Susan Thompson,PROD-TEC-110,True Wireless Earbuds,Technology,Phones & Audio,1,89.0,84.55,0.05,22.7,West,California,San Francisco,PayPal
ORD-2024-12070,2022-09-17,CUST-1273,Emily Smith,PROD-FUR-114,High-Back Leather Gaming Chair,Furniture,Chairs & Stools,2,290.0,551.0,0.05,70.4,West,California,Los Angeles,Credit Card
ORD-2024-12071,2024-06-05,CUST-1058,Melissa Scott,PROD-TEC-106,Mechanical RGB Keyboard,Technology,Accessories,1,75.0,45.0,0.4,-7.75,South,North Carolina,Charlotte,Credit Card
ORD-2024-12072,2022-10-12,CUST-1295,Richard Harris,PROD-HOM-134,Insulated Stainless Steel Tumbler 30oz,Home & Kitchen,Cookware & Dining,2,25.0,42.5,0.15,12.5,West,California,Los Angeles,Credit Card
ORD-2022-12073,2024-06-15,CUST-1222,Kevin Miller,PROD-OFF-128,Precision Cutting Mat & Knife Set,Office Supplies,Art & Craft,1,22.0,20.9,0.05,5.46,North,Minnesota,Minneapolis,
ORD-2022-12074,2024-02-05,CUST-1083,Paul Miller,PROD-HOM-135,100% Organic Cotton Sheet Set Queen,Home & Kitchen,Bedding & Decor,1,85.0,85.0,0.0,28.3,South,Georgia,Atlanta,
ORD-2023-12075,2024-04-09,CUST-1092,Mary Davis,PROD-FUR-118,Solid Wood Conference Table,Furniture,Desks & Tables,3,850.0,2295.0,0.1,121.5,East,New York,Buffalo,
ORD-2024-12076,2022-06-15,CUST-1214,Steven Williams,PROD-TEC-111,Bluetooth Conference Speaker,Technology,Phones & Audio,4,120.0,480.0,0.0,146.6,Central,Ohio,Columbus,Credit Card
ORD-2023-12077,2024-02-14,CUST-1224,Anthony Flores,PROD-FUR-116,Electric Dual-Motor Standing Desk,Furniture,Desks & Tables,1,450.0,450.0,0.0,77.0,East,New York,Buffalo,Credit Card
ORD-2023-12078,2023-11-21,CUST-1405,George Nguyen,PROD-FUR-114,High-Back Leather Gaming Chair,Furniture,Chairs & Stools,2,290.0,551.0,0.05,70.4,West,California,San Francisco,Credit Card
ORD-2024-12079,2023-07-10,CUST-1416,Thomas Perez,PROD-OFF-126,Desktop Document Organizer,Office Supplies,Storage & Organization,1,28.0,25.2,0.1,5.8,West,California,San Francisco,Credit Card
ORD-2022-12080,2022-03-18,CUST-1098,Robert Wright,PROD-TEC-110,True Wireless Earbuds,Technology,Phones & Audio,4,89.0,320.4,0.1,82.0,South,Florida,Orlando,Debit Card
ORD-2024-12081,2024-01-19,CUST-1115,James Jones,PROD-OFF-123,Gel Ink Pens Box of 24,Office Supplies,Paper & Stationary,1,15.0,13.5,0.1,2.75,East,New York,Buffalo,Debit Card
ORD-2024-12082,2023-12-19,CUST-1011,Mary Scott,PROD-OFF-126,Desktop Document Organizer,Office Supplies,Storage & Organization,1,28.0,23.8,0.15,4.4,East,Massachusetts,Boston,UPI / Net Banking
ORD-2024-12083,2022-06-21,CUST-1004,William Miller,PROD-HOM-135,100% Organic Cotton Sheet Set Queen,Home & Kitchen,Bedding & Decor,4,85.0,323.0,0.05,105.2,South,Florida,Miami,Debit Card
ORD-2024-12084,2023-04-01,CUST-1210,Emily Ramirez,PROD-TEC-108,HD Pro Webcam 1080p,Technology,Accessories,4,65.0,247.0,0.05,78.8,South,North Carolina,Charlotte,Debit Card
ORD-2024-12085,2023-10-21,CUST-1127,Michael Miller,PROD-HOM-135,100% Organic Cotton Sheet Set Queen,Home & Kitchen,Bedding & Decor,6,85.0,484.5,0.05,159.3,West,California,San Diego,PayPal
ORD-2024-12086,2022-06-04,CUST-1360,Sarah Clark,PROD-OFF-126,Desktop Document Organizer,Office Supplies,Storage & Organization,4,28.0,106.4,0.05,37.8,East,Massachusetts,Boston,Debit Card
ORD-2023-12087,2023-08-12,CUST-1425,Brian Walker,PROD-TEC-107,USB-C Multi-Port Hub,Technology,Accessories,6,45.0,229.5,0.15,72.0,South,Florida,Orlando,Credit Card
ORD-2022-12088,2022-12-18,CUST-1167,Amanda Thomas,PROD-FUR-115,Adjustable Drafting Stool,Furniture,Chairs & Stools,2,110.0,198.0,0.1,28.0,South,Georgia,Atlanta,Credit Card
ORD-2022-12089,2023-08-17,CUST-1442,Melissa Wright,PROD-TEC-102,UltraSlim 14 Inch Notebook,Technology,Laptops & Monitors,4,1100.0,4180.0,0.05,873.0,East,Massachusetts,Boston,Credit Card
ORD-2023-12090,2022-03-06,CUST-1392,Robert Allen,PROD-HOM-129,Digital Touchscreen Air Fryer 5.8Qt,Home & Kitchen,Appliances,1,110.0,104.5,0.05,23.5,East,Massachusetts,Boston,Credit Card
ORD-2024-12091,2023-05-25,CUST-1131,George Brown,PROD-HOM-136,Weighted Cooling Blanket 15lbs,Home & Kitchen,Bedding & Decor,4,95.0,380.0,0.0,126.0,East,Pennsylvania,Philadelphia,Debit Card
ORD-2022-12092,2024-04-01,CUST-1312,Donald Hernandez,PROD-HOM-133,Stainless Steel Chef Knife 8-Inch,Home & Kitchen,Cookware & Dining,2,45.0,76.5,0.15,22.0,West,California,San Diego,PayPal
ORD-2023-12093,2022-07-31,CUST-1205,Sarah Williams,PROD-HOM-135,100% Organic Cotton Sheet Set Queen,Home & Kitchen,Bedding & Decor,3,85.0,255.0,0.0,90.9,East,New York,New York City,Debit Card
ORD-2022-12094,2024-03-22,CUST-1310,Michelle Allen,PROD-TEC-111,Bluetooth Conference Speaker,Technology,Phones & Audio,2,120.0,216.0,0.1,47.8,Central,Ohio,Columbus,Credit Card
ORD-2022-12095,2022-06-17,CUST-1205,Sarah Williams,PROD-TEC-109,Noise Canceling Headphones,Technology,Phones & Audio,1,199.0,199.0,0.0,55.7,Central,Texas,Dallas,Debit Card
ORD-2024-12096,2022-07-03,CUST-1139,Barbara Moore,PROD-HOM-135,100% Organic Cotton Sheet Set Queen,Home & Kitchen,Bedding & Decor,2,85.0,170.0,0.0,59.6,Central,Texas,Austin,UPI / Net Banking
ORD-2024-12097,2022-07-14,CUST-1448,Kenneth Jackson,PROD-TEC-103,27-Inch 4K UHD Monitor,Technology,Laptops & Monitors,1,350.0,332.5,0.05,76.5,North,Minnesota,Minneapolis,Credit Card
ORD-2023-12098,2022-09-26,CUST-1427,Donald Johnson,PROD-TEC-107,USB-C Multi-Port Hub,Technology,Accessories,2,45.0,90.0,0.0,35.5,Central,Ohio,Columbus,Credit Card
ORD-2023-12099,2022-01-14,CUST-1025,John Robinson,PROD-TEC-101,ProBook 15.6 Inch Laptop,Technology,Laptops & Monitors,6,850.0,4590.0,0.1,603.0,South,Florida,Orlando,PayPal
ORD-2024-12100,2022-12-31,CUST-1331,Anthony Brown,PROD-FUR-114,High-Back Leather Gaming Chair,Furniture,Chairs & Stools,2,290.0,551.0,0.05,70.4,South,Florida,Miami,Cash on Delivery
ORD-2024-12101,2022-07-16,CUST-1423,Ashley Scott,PROD-HOM-129,Digital Touchscreen Air Fryer 5.8Qt,Home & Kitchen,Appliances,2,110.0,165.0,0.25,6.0,Central,Ohio,Columbus,Debit Card
ORD-2023-12102,2024-01-09,CUST-1010,Paul Hill,PROD-TEC-108,HD Pro Webcam 1080p,Technology,Accessories,2,65.0,130.0,0.0,44.4,East,Massachusetts,Boston,Credit Card
ORD-2022-12103,2023-03-14,CUST-1191,Steven Martin,PROD-TEC-108,HD Pro Webcam 1080p,Technology,Accessories,2,65.0,130.0,0.0,44.4,West,California,Los Angeles,Cash on Delivery
ORD-2024-12104,2022-02-14,CUST-1202,Paul Young,PROD-HOM-131,Compact HEPA Air Purifier,Home & Kitchen,Appliances,2,130.0,247.0,0.05,54.8,East,Pennsylvania,Philadelphia,Credit Card
ORD-2023-12105,2022-06-18,CUST-1155,Elizabeth Gonzalez,PROD-TEC-103,27-Inch 4K UHD Monitor,Technology,Laptops & Monitors,3,350.0,997.5,0.05,235.5,South,North Carolina,Charlotte,Credit Card
ORD-2023-12106,2024-06-12,CUST-1245,Linda Taylor,PROD-TEC-109,Noise Canceling Headphones,Technology,Phones & Audio,2,199.0,398.0,0.0,114.4,East,Pennsylvania,Philadelphia,Credit Card
ORD-2022-12107,2022-12-06,CUST-1121,Kevin Young,PROD-FUR-114,High-Back Leather Gaming Chair,Furniture,Chairs & Stools,1,290.0,290.0,0.0,48.2,East,Pennsylvania,Philadelphia,Cash on Delivery
ORD-2024-12108,2022-10-23,CUST-1351,Donna Torres,PROD-OFF-121,Premium Multipurpose Copy Paper 5 Reams,Office Supplies,Paper & Stationary,1,38.0,38.0,0.0,13.1,East,Pennsylvania,Philadelphia,Debit Card
ORD-2022-12109,2023-07-02,CUST-1116,Dorothy Brown,PROD-OFF-121,Premium Multipurpose Copy Paper 5 Reams,Office Supplies,Paper & Stationary,1,38.0,30.4,0.2,5.5,North,Michigan,Detroit,Credit Card
ORD-2022-12110,2022-06-20,CUST-1360,Sarah Clark,PROD-TEC-104,24-Inch IPS FHD Monitor,Technology,Laptops & Monitors,2,180.0,360.0,0.0,103.0,Central,Illinois,Chicago,Debit Card
ORD-2022-12111,2024-01-05,CUST-1399,Margaret Lopez,PROD-HOM-131,Compact HEPA Air Purifier,Home & Kitchen,Appliances,1,130.0,130.0,0.0,32.4,Central,Texas,Houston,Debit Card
ORD-2023-12112,2023-07-03,CUST-1329,Anthony Perez,PROD-HOM-135,100% Organic Cotton Sheet Set Queen,Home & Kitchen,Bedding & Decor,1,85.0,76.5,0.1,19.8,Central,Texas,Houston,UPI / Net Banking
ORD-2022-12113,2023-08-22,CUST-1343,Sarah Ramirez,PROD-FUR-120,Modern Modular Bookshelf,Furniture,Bookcases,1,210.0,178.5,0.15,10.7,Central,Texas,Houston,Credit Card
ORD-2024-12114,2022-12-02,CUST-1251,Margaret Hill,PROD-OFF-124,Heavy-Duty Plastic Storage Bins 4-Pack,Office Supplies,Storage & Organization,3,55.0,156.75,0.05,51.75,North,Wisconsin,Milwaukee,Credit Card
ORD-2022-12115,2023-01-07,CUST-1158,Melissa Wright,PROD-TEC-106,Mechanical RGB Keyboard,Technology,Accessories,3,75.0,225.0,0.0,72.75,North,Minnesota,Minneapolis,Credit Card
ORD-2023-12116,2024-03-01,CUST-1073,Emily Smith,PROD-FUR-120,Modern Modular Bookshelf,Furniture,Bookcases,6,210.0,1008.0,0.2,16.2,West,Washington,Seattle,PayPal
ORD-2023-12117,2022-05-02,CUST-1183,Michelle Torres,PROD-FUR-120,Modern Modular Bookshelf,Furniture,Bookcases,10,210.0,2100.0,0.0,449.0,West,Oregon,Portland,Debit Card
ORD-2022-12118,2023-05-16,CUST-1262,George Martin,PROD-HOM-135,100% Organic Cotton Sheet Set Queen,Home & Kitchen,Bedding & Decor,1,85.0,85.0,0.0,28.3,East,New York,New York City,Credit Card
ORD-2024-12119,2022-07-25,CUST-1123,William Torres,PROD-HOM-134,Insulated Stainless Steel Tumbler 30oz,Home & Kitchen,Cookware & Dining,2,25.0,50.0,0.0,20.0,South,Florida,Orlando,PayPal
ORD-2024-12120,2022-03-11,CUST-1181,Edward Jones,PROD-TEC-112,Smart Fitness Watch,Technology,Phones & Audio,1,149.0,134.1,0.1,22.82,Central,Texas,Dallas,Cash on Delivery
ORD-2024-12121,2022-03-06,CUST-1161,Donna Walker,PROD-TEC-112,Smart Fitness Watch,Technology,Phones & Audio,1,149.0,149.0,0.0,37.72,North,Michigan,Detroit,UPI / Net Banking
ORD-2024-12122,2022-08-20,CUST-1248,Michael Hill,PROD-HOM-133,Stainless Steel Chef Knife 8-Inch,Home & Kitchen,Cookware & Dining,3,45.0,114.75,0.15,34.5,East,New York,New York City,Debit Card
ORD-2023-12123,2022-10-13,CUST-1446,Sarah Nguyen,PROD-OFF-125,3-Drawer Mobile File Cabinet,Office Supplies,Storage & Organization,1,145.0,145.0,0.0,36.6,South,North Carolina,Charlotte,Credit Card
ORD-2023-12124,2023-08-26,CUST-1034,Jennifer Anderson,PROD-FUR-120,Modern Modular Bookshelf,Furniture,Bookcases,2,210.0,315.0,0.25,-17.6,East,New York,Buffalo,Cash on Delivery
ORD-2024-12125,2024-03-23,CUST-1221,Amanda Thomas,PROD-FUR-117,Compact Computer Desk,Furniture,Desks & Tables,10,130.0,1235.0,0.05,208.0,East,Pennsylvania,Philadelphia,Credit Card
ORD-2022-12126,2023-06-30,CUST-1305,Linda Robinson,PROD-HOM-136,Weighted Cooling Blanket 15lbs,Home & Kitchen,Bedding & Decor,2,95.0,190.0,0.0,61.5,West,California,San Diego,Cash on Delivery
ORD-2024-12127,2022-12-15,CUST-1084,Joshua Martin,PROD-TEC-107,USB-C Multi-Port Hub,Technology,Accessories,1,45.0,40.5,0.1,11.75,East,New York,New York City,Debit Card
ORD-2023-12128,2023-02-04,CUST-1142,Emily Miller,PROD-HOM-133,Stainless Steel Chef Knife 8-Inch,Home & Kitchen,Cookware & Dining,5,45.0,225.0,0.0,93.25,East,Pennsylvania,Philadelphia,PayPal
ORD-2023-12129,2023-03-25,CUST-1088,Edward Hernandez,PROD-HOM-136,Weighted Cooling Blanket 15lbs,Home & Kitchen,Bedding & Decor,3,95.0,256.5,0.1,65.25,West,California,San Diego,Credit Card
ORD-2024-12130,2022-05-10,CUST-1266,Brian Jackson,PROD-TEC-108,HD Pro Webcam 1080p,Technology,Accessories,6,65.0,292.5,0.25,41.7,West,Oregon,Portland,UPI / Net Banking
ORD-2024-12131,2023-11-08,CUST-1340,Melissa Wright,PROD-TEC-105,Wireless Ergonomic Mouse,Technology,Accessories,2,35.0,66.5,0.05,19.5,East,New York,Buffalo,Debit Card
ORD-2022-12132,2023-04-19,CUST-1008,Mary Garcia,PROD-OFF-122,Executive Hardcover Notebook 3-Pack,Office Supplies,Paper & Stationary,2,24.0,48.0,0.0,19.0,West,Oregon,Portland,PayPal
ORD-2023-12133,2024-03-24,CUST-1106,Dorothy Martin,PROD-OFF-128,Precision Cutting Mat & Knife Set,Office Supplies,Art & Craft,3,22.0,59.4,0.1,19.08,North,Minnesota,Minneapolis,Credit Card
ORD-2022-12134,2024-01-14,CUST-1112,Mary Nguyen,PROD-TEC-102,UltraSlim 14 Inch Notebook,Technology,Laptops & Monitors,2,1100.0,1870.0,0.15,215.0,Central,Texas,Houston,Credit Card
ORD-2024-12135,2022-09-09,CUST-1313,Melissa Walker,PROD-HOM-132,Non-Stick Ceramic Cookware 10-Piece,Home & Kitchen,Cookware & Dining,1,180.0,144.0,0.2,17.6,West,Oregon,Portland,UPI / Net Banking
ORD-2024-12136,2024-03-25,CUST-1317,Deborah King,PROD-TEC-111,Bluetooth Conference Speaker,Technology,Phones & Audio,2,120.0,216.0,0.1,47.8,South,Florida,Miami,PayPal
ORD-2023-12137,2023-08-23,CUST-1107,Betty White,PROD-FUR-115,Adjustable Drafting Stool,Furniture,Chairs & Stools,2,110.0,209.0,0.05,39.0,South,Georgia,Atlanta,Credit Card
ORD-2024-12138,2023-04-21,CUST-1384,Robert Nguyen,PROD-TEC-101,ProBook 15.6 Inch Laptop,Technology,Laptops & Monitors,2,850.0,1700.0,0.0,369.0,North,Wisconsin,Milwaukee,Credit Card
ORD-2024-12139,2022-09-04,CUST-1404,Sandra Ramirez,PROD-TEC-106,Mechanical RGB Keyboard,Technology,Accessories,3,75.0,213.75,0.05,61.5,West,California,Los Angeles,PayPal
ORD-2022-12140,2023-10-24,CUST-1444,Richard Wilson,PROD-OFF-121,Premium Multipurpose Copy Paper 5 Reams,Office Supplies,Paper & Stationary,1,38.0,36.1,0.05,11.2,South,Georgia,Atlanta,PayPal
ORD-2024-12141,2024-03-27,CUST-1052,Susan Torres,PROD-HOM-133,Stainless Steel Chef Knife 8-Inch,Home & Kitchen,Cookware & Dining,1,45.0,36.0,0.2,7.25,Central,Illinois,Chicago,UPI / Net Banking
ORD-2022-12142,2023-02-15,CUST-1036,Sarah Robinson,PROD-OFF-122,Executive Hardcover Notebook 3-Pack,Office Supplies,Paper & Stationary,2,24.0,45.6,0.05,16.6,North,Wisconsin,Milwaukee,UPI / Net Banking
ORD-2023-12143,2022-03-22,CUST-1112,Mary Nguyen,PROD-OFF-123,Gel Ink Pens Box of 24,Office Supplies,Paper & Stationary,2,15.0,30.0,0.0,11.5,West,Oregon,Portland,Credit Card
ORD-2022-12144,2023-12-23,CUST-1004,William Miller,PROD-OFF-122,Executive Hardcover Notebook 3-Pack,Office Supplies,Paper & Stationary,1,24.0,24.0,0.0,8.0,South,Georgia,Atlanta,Credit Card
ORD-2023-12145,2023-04-07,CUST-1341,Kenneth Anderson,PROD-FUR-116,Electric Dual-Motor Standing Desk,Furniture,Desks & Tables,3,450.0,1350.0,0.0,237.0,West,California,Los Angeles,Credit Card
ORD-2022-12146,2023-01-01,CUST-1178,Betty Rodriguez,PROD-TEC-108,HD Pro Webcam 1080p,Technology,Accessories,1,65.0,55.25,0.15,10.95,South,Florida,Miami,Credit Card
ORD-2024-12147,2022-09-03,CUST-1242,Daniel Allen,PROD-HOM-132,Non-Stick Ceramic Cookware 10-Piece,Home & Kitchen,Cookware & Dining,2,180.0,342.0,0.05,92.2,South,Florida,Orlando,PayPal
ORD-2023-12148,2023-02-24,CUST-1003,Jessica Anderson,PROD-OFF-122,Executive Hardcover Notebook 3-Pack,Office Supplies,Paper & Stationary,2,24.0,43.2,0.1,14.2,South,Florida,Orlando,Credit Card
ORD-2024-12149,2023-12-01,CUST-1212,Linda Jones,PROD-TEC-105,Wireless Ergonomic Mouse,Technology,Accessories,2,35.0,56.0,0.2,9.0,South,Florida,Miami,Debit Card
ORD-2022-12150,2022-12-09,CUST-1275,Susan Ramirez,PROD-FUR-120,Modern Modular Bookshelf,Furniture,Bookcases,2,210.0,420.0,0.0,87.4,West,Washington,Seattle,PayPal
ORD-2024-12151,2023-07-14,CUST-1001,Joshua Davis,PROD-TEC-109,Noise Canceling Headphones,Technology,Phones & Audio,2,199.0,358.2,0.1,74.6,South,North Carolina,Charlotte  ,Credit Card
ORD-2024-12152,2024-06-12,CUST-1053,Dorothy Lee,PROD-FUR-117,Compact Computer Desk,Furniture,Desks & Tables,2,130.0,247.0,0.05,39.2,Central,Texas,Austin,Credit Card
ORD-2022-12153,2022-01-23,CUST-1295,Richard Harris,PROD-OFF-127,Professional Acrylic Paint Set,Office Supplies,Art & Craft,3,42.0,100.8,0.2,21.72,West,Oregon,Portland,UPI / Net Banking
ORD-2024-12154,2024-05-30,CUST-1311,Margaret Scott,PROD-TEC-101,ProBook 15.6 Inch Laptop,Technology,Laptops & Monitors,10,850.0,8500.0,0.0,1857.0,East,New York,Buffalo,Cash on Delivery
ORD-2023-12155,2024-06-11,CUST-1164,Paul Garcia,PROD-OFF-123,Gel Ink Pens Box of 24,Office Supplies,Paper & Stationary,6,15.0,90.0,0.0,40.5,East,New York,New York City,Credit Card
ORD-2023-12156,2022-05-20,CUST-1434,Daniel Ramirez,PROD-HOM-132,Non-Stick Ceramic Cookware 10-Piece,Home & Kitchen,Cookware & Dining,10,180.0,1800.0,0.0,563.0,West,California,Los Angeles,UPI / Net Banking
ORD-2024-12157,2022-05-03,CUST-1404,Sandra Ramirez,PROD-TEC-107,USB-C Multi-Port Hub,Technology,Accessories,1,45.0,40.5,0.1,11.75,West,Washington,Seattle,UPI / Net Banking
ORD-2023-12158,2022-08-02,CUST-1303,Sandra Brown,PROD-HOM-133,Stainless Steel Chef Knife 8-Inch,Home & Kitchen,Cookware & Dining,1,45.0,40.5,0.1,11.75,Central,Ohio,Columbus,Credit Card
ORD-2023-12159,2023-06-09,CUST-1114,Donna Anderson,PROD-FUR-115,Adjustable Drafting Stool,Furniture,Chairs & Stools,1,110.0,104.5,0.05,18.0,West,California,San Francisco,PayPal
ORD-2024-12160,2022-01-09,CUST-1310,Michelle Allen,PROD-TEC-101,ProBook 15.6 Inch Laptop,Technology,Laptops & Monitors,4,850.0,3230.0,0.05,571.0,Central,Ohio,Columbus,Debit Card
ORD-2023-12161,2022-01-24,CUST-1096,Jennifer Garcia,PROD-HOM-135,100% Organic Cotton Sheet Set Queen,Home & Kitchen,Bedding & Decor,4,85.0,323.0,0.05,105.2,West,California,San Francisco,Credit Card
ORD-2022-12162,2023-11-02,CUST-1434,Daniel Ramirez,PROD-TEC-111,Bluetooth Conference Speaker,Technology,Phones & Audio,2,120.0,228.0,0.05,59.8,West,California,San Francisco,Credit Card
ORD-2022-12163,2022-10-02,CUST-1389,John Thompson,PROD-FUR-118,Solid Wood Conference Table,Furniture,Desks & Tables,3,850.0,2550.0,0.0,376.5,East,New York,New York City,Debit Card
ORD-2022-12164,2023-08-02,CUST-1111,Robert Perez,PROD-TEC-111,Bluetooth Conference Speaker,Technology,Phones & Audio,1,120.0,114.0,0.05,28.4,West,California,San Diego,Debit Card
ORD-2023-12165,2024-01-02,CUST-1316,Joshua Moore,PROD-FUR-120,Modern Modular Bookshelf,Furniture,Bookcases,2,210.0,420.0,0.0,87.4,East,New York,New York City,UPI / Net Banking
ORD-2022-12166,2023-08-25,CUST-1374,Sandra Taylor,PROD-HOM-136,Weighted Cooling Blanket 15lbs,Home & Kitchen,Bedding & Decor,2,95.0,180.5,0.05,52.0,East,Massachusetts,Boston,Debit Card
ORD-2022-12167,2022-07-01,CUST-1192,Michelle King,PROD-TEC-106,Mechanical RGB Keyboard,Technology,Accessories,2,75.0,142.5,0.05,40.0,Central,Texas,Dallas,Credit Card
ORD-2024-12168,2023-10-24,CUST-1345,Matthew Perez,PROD-FUR-114,High-Back Leather Gaming Chair,Furniture,Chairs & Stools,1,290.0,246.5,0.15,4.7,North,Michigan,Detroit,Credit Card
ORD-2023-12169,2023-06-23,CUST-1221,Amanda Thomas,PROD-TEC-107,USB-C Multi-Port Hub,Technology,Accessories,2,45.0,90.0,0.0,35.5,East,Massachusetts,Boston,Credit Card
ORD-2022-12170,2022-02-27,CUST-1078,Linda Jackson,PROD-TEC-103,27-Inch 4K UHD Monitor,Technology,Laptops & Monitors,1,350.0,315.0,0.1,59.0,Central,Illinois,Chicago,Credit Card
ORD-2022-12171,2022-03-13,CUST-1293,Sandra Clark,PROD-OFF-124,Heavy-Duty Plastic Storage Bins 4-Pack,Office Supplies,Storage & Organization,1,55.0,46.75,0.15,9.75,East,New York,Buffalo,Debit Card
ORD-2023-12172,2022-01-31,CUST-1031,Richard Jones,PROD-TEC-107,USB-C Multi-Port Hub,Technology,Accessories,1,45.0,42.75,0.05,14.0,West,Washington,Seattle,Credit Card
ORD-2023-12173,2022-08-10,CUST-1316,Joshua Moore,PROD-HOM-130,Programmable Drip Coffee Maker,Home & Kitchen,Appliances,1,75.0,75.0,0.0,22.25,West,California,Los Angeles,PayPal
ORD-2022-12174,2023-07-08,CUST-1417,Sarah Hill,PROD-OFF-125,3-Drawer Mobile File Cabinet,Office Supplies,Storage & Organization,1,145.0,145.0,0.0,36.6,West,Oregon,Portland,Debit Card
ORD-2022-12175,2022-05-03,CUST-1013,Anthony Anderson,PROD-FUR-117,Compact Computer Desk,Furniture,Desks & Tables,6,130.0,741.0,0.05,123.6,West,California,San Diego,Debit Card
ORD-2023-12176,2022-04-24,CUST-1292,Deborah Jones,PROD-TEC-111,Bluetooth Conference Speaker,Technology,Phones & Audio,5,120.0,510.0,0.15,94.0,West,Oregon,Portland,Credit Card
ORD-2022-12177,2023-02-21,CUST-1028,Emily Jackson,PROD-TEC-110,True Wireless Earbuds,Technology,Phones & Audio,1,89.0,84.55,0.05,22.7,South,Florida,Orlando,Debit Card
ORD-2022-12178,2022-04-06,CUST-1332,Susan Clark,PROD-OFF-126,Desktop Document Organizer,Office Supplies,Storage & Organization,1,28.0,25.2,0.1,5.8,South,Florida,Miami,Credit Card
ORD-2024-12179,2023-11-12,CUST-1374,Sandra Taylor,PROD-TEC-102,UltraSlim 14 Inch Notebook,Technology,Laptops & Monitors,3,1100.0,3135.0,0.05,654.0,South,Georgia,Atlanta,UPI / Net Banking
ORD-2024-12180,2022-01-24,CUST-1107,Betty White,PROD-TEC-112,Smart Fitness Watch,Technology,Phones & Audio,2,149.0,268.2,0.1,48.64,South,North Carolina,Charlotte,Debit Card
ORD-2022-12181,2023-10-30,CUST-1239,Betty Perez,PROD-FUR-120,Modern Modular Bookshelf,Furniture,Bookcases,1,210.0,178.5,0.15,10.7,East,New York,New York City,Credit Card
ORD-2024-12182,2023-07-08,CUST-1180,Sandra Lee,PROD-TEC-108,HD Pro Webcam 1080p,Technology,Accessories,4,65.0,234.0,0.1,65.8,West,Washington,Seattle,Credit Card
ORD-2024-12183,2023-08-19,CUST-1431,Karen Nguyen,PROD-TEC-106,Mechanical RGB Keyboard,Technology,Accessories,2,75.0,150.0,0.0,47.5,East,New York,Buffalo,PayPal
ORD-2024-12184,2024-04-01,CUST-1275,Susan Ramirez,PROD-OFF-127,Professional Acrylic Paint Set,Office Supplies,Art & Craft,1,42.0,39.9,0.05,11.54,West,California,San Diego,Cash on Delivery
ORD-2022-12185,2022-08-08,CUST-1238,Mary Gonzalez,PROD-OFF-125,3-Drawer Mobile File Cabinet,Office Supplies,Storage & Organization,2,145.0,290.0,0.0,76.2,East,New York,New York City,Debit Card
ORD-2024-12186,2022-08-25,CUST-1225,Melissa Martinez,PROD-HOM-136,Weighted Cooling Blanket 15lbs,Home & Kitchen,Bedding & Decor,2,95.0,180.5,0.05,52.0,West,California,Los Angeles,Credit Card
ORD-2022-12187,2022-03-29,CUST-1224,Anthony Flores,PROD-FUR-120,Modern Modular Bookshelf,Furniture,Bookcases,2,210.0,399.0,0.05,66.4,East,New York,New York City,Credit Card
ORD-2022-12188,2023-02-07,CUST-1312,Donald Hernandez,PROD-TEC-109,Noise Canceling Headphones,Technology,Phones & Audio,1,199.0,199.0,0.0,55.7,Central,Texas,Houston,Credit Card
ORD-2023-12189,2022-02-10,CUST-1259,Robert Perez,PROD-TEC-111,Bluetooth Conference Speaker,Technology,Phones & Audio,1,120.0,120.0,0.0,34.4,North,Michigan,Detroit,UPI / Net Banking
ORD-2024-12190,2024-05-26,CUST-1005,Amanda Wright,PROD-TEC-111,Bluetooth Conference Speaker,Technology,Phones & Audio,1,120.0,120.0,0.0,34.4,East,New York,New York City,Debit Card
ORD-2022-12191,2023-01-03,CUST-1169,Andrew Thomas,PROD-TEC-101,ProBook 15.6 Inch Laptop,Technology,Laptops & Monitors,1,850.0,765.0,0.1,98.0,West,California,San Francisco  ,UPI / Net Banking
ORD-2023-12192,2024/02/01,CUST-1366,Deborah Williams,PROD-OFF-126,Desktop Document Organizer,Office Supplies,Storage & Organization,1,28.0,23.8,0.15,4.4,South,North Carolina,Charlotte,Credit Card
ORD-2024-12193,2022-04-03,CUST-1063,Joseph Rodriguez,PROD-FUR-117,Compact Computer Desk,Furniture,Desks & Tables,2,130.0,260.0,0.0,52.2,West,California,Los Angeles  ,Credit Card
ORD-2024-12194,2024-02-11,CUST-1380,Donna Johnson,PROD-TEC-110,True Wireless Earbuds,Technology,Phones & Audio,2,89.0,169.1,0.05,48.4,North,Michigan,Detroit,Credit Card
ORD-2024-12195,2024-03-02,CUST-1296,Ashley Sanchez,PROD-HOM-130,Programmable Drip Coffee Maker,Home & Kitchen,Appliances,8,75.0,600.0,0.0,199.0,South,Florida,Miami,Credit Card
ORD-2022-12196,2024-05-25,CUST-1444,Richard Wilson,PROD-HOM-136,Weighted Cooling Blanket 15lbs,Home & Kitchen,Bedding & Decor,1,95.0,76.0,0.2,10.25,West,Washington,Seattle,PayPal
ORD-2024-12197,2023-06-12,CUST-1142,Emily Miller,PROD-FUR-115,Adjustable Drafting Stool,Furniture,Chairs & Stools,2,110.0,209.0,0.05,39.0,West,California,San Francisco,PayPal
ORD-2022-12198,2023-06-20,CUST-1044,David Robinson,PROD-OFF-121,Premium Multipurpose Copy Paper 5 Reams,Office Supplies,Paper & Stationary,1,38.0,34.2,0.1,9.3,South,Florida,Miami,Credit Card
ORD-2024-12199,2024-04-04,CUST-1159,Patricia Lee,PROD-TEC-110,True Wireless Earbuds,Technology,Phones & Audio,1,89.0,80.1,0.1,18.25,West,California,Los Angeles,Debit Card
ORD-2023-12200,2024-02-20,CUST-1123,William Torres,PROD-FUR-118,Solid Wood Conference Table,Furniture,Desks & Tables,1,850.0,807.5,0.05,81.0,East,Massachusetts,Boston,Debit Card
ORD-2023-12201,2023-08-19,CUST-1361,Thomas Garcia,PROD-FUR-118,Solid Wood Conference Table,Furniture,Desks & Tables,3,850.0,2550.0,0.0,376.5,West,Washington,Seattle,Cash on Delivery
ORD-2024-12202,2024-01-09,CUST-1009,Susan Anderson,PROD-TEC-109,Noise Canceling Headphones,Technology,Phones & Audio,3,199.0,507.45,0.15,83.55,West,Oregon,Portland,PayPal
ORD-2023-12203,2023-09-03,CUST-1393,Carol Perez,PROD-FUR-119,5-Shelf Ladder Bookcase,Furniture,Bookcases,1,140.0,140.0,0.0,31.0,East,New York,New York City,Debit Card
ORD-2022-12204,2023-05-24,CUST-1135,Michael Thomas,PROD-OFF-121,Premium Multipurpose Copy Paper 5 Reams,Office Supplies,Paper & Stationary,4,38.0,152.0,0.0,61.4,Central,Texas,Houston,PayPal
ORD-2022-12205,2022-08-16,CUST-1177, Jessica Taylor ,PROD-HOM-130,Programmable Drip Coffee Maker,Home & Kitchen,Appliances,2,75.0,150.0,0.0,47.5,Central,Illinois,Chicago,Credit Card
ORD-2022-12206,2023-07-19,CUST-1360,Sarah Clark,PROD-OFF-122,Executive Hardcover Notebook 3-Pack,Office Supplies,Paper & Stationary,1,24.0,12.0,0.5,-4.0,East,New York,New York City,Credit Card
ORD-2023-12207,2022-12-21,CUST-1290,John Thomas,PROD-TEC-102,UltraSlim 14 Inch Notebook,Technology,Laptops & Monitors,4,1100.0,4400.0,0.0,1093.0,Central,Texas,Austin,Credit Card
ORD-2022-12208,2022-08-13,CUST-1029,Joshua Flores,PROD-FUR-117,Compact Computer Desk,Furniture,Desks & Tables,2,130.0,260.0,0.0,52.2,West,Washington,Seattle,Debit Card
ORD-2022-12209,2022-01-31,CUST-1046,Joshua Scott,PROD-TEC-112,Smart Fitness Watch,Technology,Phones & Audio,3,149.0,424.65,0.05,96.81,North,Michigan,Detroit,Credit Card
ORD-2023-12210,2022-04-02,CUST-1065,Jennifer Brown,PROD-TEC-102,UltraSlim 14 Inch Notebook,Technology,Laptops & Monitors,2,1100.0,2090.0,0.05,435.0,North,Wisconsin,Milwaukee,Credit Card
ORD-2023-12211,2024-02-09,CUST-1167,Amanda Thomas,PROD-FUR-115,Adjustable Drafting Stool,Furniture,Chairs & Stools,2,110.0,176.0,0.2,6.0,East,Pennsylvania,Philadelphia,UPI / Net Banking
ORD-2022-12212,2023-03-27,CUST-1215,Lisa Nguyen,PROD-FUR-115,Adjustable Drafting Stool,Furniture,Chairs & Stools,1,110.0,99.0,0.1,12.5,North,Wisconsin,Milwaukee,PayPal
ORD-2022-12213,2023-01-10,CUST-1256,James King,PROD-FUR-114,High-Back Leather Gaming Chair,Furniture,Chairs & Stools,2,290.0,580.0,0.0,99.4,North,Wisconsin,Milwaukee,Debit Card
ORD-2022-12214,2023-05-18,CUST-1210,Emily Ramirez,PROD-HOM-135,100% Organic Cotton Sheet Set Queen,Home & Kitchen,Bedding & Decor,1,85.0,76.5,0.1,19.8,West,California,San Francisco,Credit Card
ORD-2024-12215,2022-07-07,CUST-1202,Paul Young,PROD-HOM-129,Digital Touchscreen Air Fryer 5.8Qt,Home & Kitchen,Appliances,1,110.0,110.0,0.0,29.0,Central,Illinois,Chicago,Debit Card
ORD-2024-12216,2024-03-12,CUST-1205,Sarah Williams,PROD-TEC-110,True Wireless Earbuds,Technology,Phones & Audio,2,89.0,151.3,0.15,30.6,South,Florida,Orlando,Debit Card
ORD-2023-12217,2024-05-22,CUST-1280,Paul Walker,PROD-HOM-129,Digital Touchscreen Air Fryer 5.8Qt,Home & Kitchen,Appliances,1,110.0,99.0,0.1,18.0,West,Oregon,Portland,Debit Card
ORD-2024-12218,2022-06-13,CUST-1297,Jessica Martinez,PROD-TEC-104,24-Inch IPS FHD Monitor,Technology,Laptops & Monitors,3,180.0,540.0,0.0,156.0,North,Wisconsin,Milwaukee,Credit Card
ORD-2023-12219,2023-05-28,CUST-1290,John Thomas,PROD-HOM-131,Compact HEPA Air Purifier,Home & Kitchen,Appliances,3,130.0,390.0,0.0,103.2,North,Minnesota,Minneapolis,Credit Card
ORD-2022-12220,2022-11-11,CUST-1372,Kevin Davis,PROD-OFF-127,Professional Acrylic Paint Set,Office Supplies,Art & Craft,1,42.0,42.0,0.0,13.64,West,Washington,Seattle,Credit Card
ORD-2023-12221,2023-09-12,CUST-1378,Deborah Hernandez,PROD-OFF-123,Gel Ink Pens Box of 24,Office Supplies,Paper & Stationary,2,15.0,28.5,0.05,10.0,East,New York,Buffalo,Credit Card
ORD-2023-12222,2024-03-31,CUST-1145,Edward Thomas,PROD-TEC-106,Mechanical RGB Keyboard,Technology,Accessories,4,75.0,270.0,0.1,68.0,Central,Illinois,Chicago,PayPal
ORD-2024-12223,2022-05-31,CUST-1238,Mary Gonzalez,PROD-FUR-116,Electric Dual-Motor Standing Desk,Furniture,Desks & Tables,1,450.0,450.0,0.0,77.0,West,California,Los Angeles,UPI / Net Banking
ORD-2023-12224,2023-05-28,CUST-1448,Kenneth Jackson,PROD-HOM-133,Stainless Steel Chef Knife 8-Inch,Home & Kitchen,Cookware & Dining,8,45.0,342.0,0.05,133.0,East,New York,Buffalo,Credit Card
ORD-2023-12225,2023-02-19,CUST-1133,Patricia Sanchez,PROD-TEC-102,UltraSlim 14 Inch Notebook,Technology,Laptops & Monitors,1,1100.0,1045.0,0.05,216.0,East,Pennsylvania,Philadelphia,UPI / Net Banking
ORD-2023-12226,2022-11-15,CUST-1101,Emily Hernandez,PROD-FUR-118,Solid Wood Conference Table,Furniture,Desks & Tables,2,850.0,1275.0,0.25,-175.0,South,Florida,Miami,PayPal
ORD-2023-12227,2023-09-18,CUST-1381, Karen Torres ,PROD-HOM-134,Insulated Stainless Steel Tumbler 30oz,Home & Kitchen,Cookware & Dining,3,25.0,67.5,0.1,24.0,Central,Texas,Dallas,Debit Card
ORD-2024-12228,2023-01-30,CUST-1028,Emily Jackson,PROD-TEC-104,24-Inch IPS FHD Monitor,Technology,Laptops & Monitors,2,180.0,216.0,0.4,-41.0,South,Florida,Orlando,PayPal
ORD-2024-12229,2023-09-30,CUST-1310,Michelle Allen,PROD-TEC-104,24-Inch IPS FHD Monitor,Technology,Laptops & Monitors,4,180.0,720.0,0.0,209.0,East,New York,New York City,Debit Card
ORD-2023-12230,2024-04-12,CUST-1060,Melissa Nguyen,PROD-FUR-116,Electric Dual-Motor Standing Desk,Furniture,Desks & Tables,2,450.0,765.0,0.15,22.0,West,California,Los Angeles,Debit Card
ORD-2024-12231,2023-03-01,CUST-1024,Kenneth Taylor,PROD-TEC-107,USB-C Multi-Port Hub,Technology,Accessories,2,45.0,90.0,0.0,35.5,Central,Texas,Dallas,PayPal
ORD-2022-12232,2024-01-10,CUST-1260,Michelle Lee,PROD-FUR-117,Compact Computer Desk,Furniture,Desks & Tables,1,130.0,123.5,0.05,18.1,Central,Illinois,Chicago,Credit Card
ORD-2023-12233,2022-01-10,CUST-1322,Nancy Lee,PROD-TEC-108,HD Pro Webcam 1080p,Technology,Accessories,1,65.0,39.0,0.4,-5.3,West,California,Los Angeles,Credit Card
ORD-2022-12234,2023-04-29,CUST-1086,Kenneth Gonzalez,PROD-HOM-136,Weighted Cooling Blanket 15lbs,Home & Kitchen,Bedding & Decor,1,95.0,85.5,0.1,19.75,Central,Ohio,Columbus,
ORD-2023-12235,2023-09-06,CUST-1390,Steven Ramirez,PROD-TEC-104,24-Inch IPS FHD Monitor,Technology,Laptops & Monitors,1,180.0,144.0,0.2,14.0,West,California,San Francisco,Credit Card
ORD-2022-12236,2024-03-08,CUST-1316,Joshua Moore,PROD-HOM-131,Compact HEPA Air Purifier,Home & Kitchen,Appliances,2,130.0,260.0,0.0,67.8,South,Florida,Orlando,UPI / Net Banking
ORD-2023-12237,2022-09-15,CUST-1247,Thomas Williams,PROD-HOM-132,Non-Stick Ceramic Cookware 10-Piece,Home & Kitchen,Cookware & Dining,1,180.0,144.0,0.2,17.6,South,Florida,Miami,UPI / Net Banking
ORD-2024-12238,2024-06-03,CUST-1055,Betty Robinson,PROD-TEC-101,ProBook 15.6 Inch Laptop,Technology,Laptops & Monitors,1,850.0,807.5,0.05,140.5,West,California,San Francisco,PayPal
ORD-2023-12239,2023-04-22,CUST-1444, Richard Wilson ,PROD-HOM-133,Stainless Steel Chef Knife 8-Inch,Home & Kitchen,Cookware & Dining,1,45.0,42.75,0.05,14.0,West,California,Los Angeles,Credit Card
ORD-2022-12240,2022-08-07,CUST-1449,Michael Gonzalez,PROD-OFF-126,Desktop Document Organizer,Office Supplies,Storage & Organization,3,28.0,67.2,0.2,15.0,Central,Texas,Houston,UPI / Net Banking
ORD-2024-12241,2023-11-16,CUST-1391,Kevin White,PROD-OFF-125,3-Drawer Mobile File Cabinet,Office Supplies,Storage & Organization,1,145.0,137.75,0.05,29.35,West,Oregon,Portland,Credit Card
ORD-2023-12242,2023-11-30,CUST-1350,Mary Sanchez,PROD-OFF-123,Gel Ink Pens Box of 24,Office Supplies,Paper & Stationary,2,15.0,27.0,0.1,8.5,Central,Illinois,Chicago,PayPal
ORD-2023-12243,2023-12-15,CUST-1384,Robert Nguyen,PROD-TEC-110,True Wireless Earbuds,Technology,Phones & Audio,2,89.0,178.0,0.0,57.3,East,New York,New York City,Debit Card
ORD-2023-12244,2022-03-16,CUST-1003,Jessica Anderson,PROD-HOM-131,Compact HEPA Air Purifier,Home & Kitchen,Appliances,1,130.0,130.0,0.0,32.4,West,California,Los Angeles,Debit Card
ORD-2023-12245,2024-03-11,CUST-1081,George Taylor,PROD-FUR-119,5-Shelf Ladder Bookcase,Furniture,Bookcases,1,140.0,126.0,0.1,17.0,Central,Texas,Houston,Credit Card
ORD-2023-12246,2023-07-09,CUST-1438,Sarah Martin,PROD-FUR-119,5-Shelf Ladder Bookcase,Furniture,Bookcases,3,140.0,378.0,0.1,57.0,Central,Ohio,Columbus,Debit Card
ORD-2022-12247,2024-04-13,CUST-1008,Mary Garcia,PROD-OFF-121,Premium Multipurpose Copy Paper 5 Reams,Office Supplies,Paper & Stationary,1,38.0,34.2,0.1,9.3,West,California,San Francisco,UPI / Net Banking
ORD-2024-12248,2023-07-18,CUST-1199,Charles Hill,PROD-FUR-119,5-Shelf Ladder Bookcase,Furniture,Bookcases,4,140.0,532.0,0.05,105.0,West,Washington,Seattle,Credit Card
ORD-2022-12249,2022-11-14,CUST-1282, Kevin Garcia ,PROD-TEC-106,Mechanical RGB Keyboard,Technology,Accessories,1,75.0,71.25,0.05,18.5,West,California,Los Angeles,Debit Card
ORD-2023-12250,2022-09-23,CUST-1394,James Clark,PROD-TEC-110,True Wireless Earbuds,Technology,Phones & Audio,1,89.0,53.4,0.4,-8.45,East,Massachusetts,Boston,UPI / Net Banking
ORD-2023-12251,2022-09-10,CUST-1283,Charles Allen,PROD-OFF-122,Executive Hardcover Notebook 3-Pack,Office Supplies,Paper & Stationary,5,24.0,114.0,0.05,46.0,Central,Texas,Austin,Debit Card
ORD-2023-12252,2023-05-20,CUST-1169,Andrew Thomas,PROD-TEC-107,USB-C Multi-Port Hub,Technology,Accessories,3,45.0,135.0,0.0,54.75,West,California,San Francisco,Debit Card
ORD-2023-12253,2022-06-08,CUST-1193,James Scott,PROD-TEC-103,27-Inch 4K UHD Monitor,Technology,Laptops & Monitors,2,350.0,665.0,0.05,156.0,West,Oregon,Portland,Credit Card
ORD-2023-12254,2024-02-16,CUST-1378,Deborah Hernandez,PROD-OFF-124,Heavy-Duty Plastic Storage Bins 4-Pack,Office Supplies,Storage & Organization,1,55.0,55.0,0.0,18.0,West,California,San Diego,Credit Card
ORD-2022-12255,2023-04-17,CUST-1105,Edward Gonzalez,PROD-TEC-104,24-Inch IPS FHD Monitor,Technology,Laptops & Monitors,1,180.0,153.0,0.15,23.0,East,Massachusetts,Boston,PayPal
ORD-2024-12256,2024-02-10,CUST-1118,John Perez,PROD-HOM-131,Compact HEPA Air Purifier,Home & Kitchen,Appliances,1,130.0,104.0,0.2,6.4,West,California,Los Angeles,Credit Card
ORD-2022-12257,2024-06-28,CUST-1227,Barbara Clark,PROD-FUR-119,5-Shelf Ladder Bookcase,Furniture,Bookcases,2,140.0,280.0,0.0,65.0,Central,Illinois,Chicago,Credit Card
ORD-2022-12258,2022-06-15,CUST-1289,Elizabeth Johnson,PROD-TEC-112,Smart Fitness Watch,Technology,Phones & Audio,10,149.0,1415.5,0.05,329.7,West,California,San Diego,PayPal
ORD-2023-12259,2022-07-10,CUST-1285,Nancy Garcia,PROD-HOM-134,Insulated Stainless Steel Tumbler 30oz,Home & Kitchen,Cookware & Dining,2,25.0,42.5,0.15,12.5,West,California,San Diego,PayPal
ORD-2023-12260,2023-12-01,CUST-1106,Dorothy Martin,PROD-TEC-110,True Wireless Earbuds,Technology,Phones & Audio,1,89.0,75.65,0.15,13.8,South,North Carolina,Charlotte,Credit Card
ORD-2024-12261,2023-02-15,CUST-1244,Nancy Johnson,PROD-OFF-127,Professional Acrylic Paint Set,Office Supplies,Art & Craft,1,42.0,42.0,0.0,13.64,North,Wisconsin,Milwaukee,Credit Card
ORD-2023-12262,2023-09-14,CUST-1027,Matthew Garcia,PROD-OFF-127,Professional Acrylic Paint Set,Office Supplies,Art & Craft,2,42.0,84.0,0.0,30.28,West,California,Los Angeles,Debit Card
ORD-2022-12263,2022-06-30,CUST-1030,Lisa Torres,PROD-OFF-122,Executive Hardcover Notebook 3-Pack,Office Supplies,Paper & Stationary,6,24.0,136.8,0.05,55.8,South,Georgia,Atlanta,Debit Card
ORD-2024-12264,2024-03-01,CUST-1075,Amanda Wright,PROD-HOM-131,Compact HEPA Air Purifier,Home & Kitchen,Appliances,1,130.0,130.0,0.0,32.4,Central,Texas,Houston,Cash on Delivery
ORD-2023-12265,2022-09-21,CUST-1398,Dorothy Martinez,PROD-TEC-101,ProBook 15.6 Inch Laptop,Technology,Laptops & Monitors,4,850.0,3400.0,0.0,741.0,East,Pennsylvania,Philadelphia,Credit Card
ORD-2024-12266,2023-09-02,CUST-1238,Mary Gonzalez,PROD-HOM-132,Non-Stick Ceramic Cookware 10-Piece,Home & Kitchen,Cookware & Dining,5,180.0,720.0,0.2,100.0,South,Georgia,Atlanta,Credit Card
ORD-2022-12267,2024-05-01,CUST-1401,Carol Moore,PROD-HOM-134,Insulated Stainless Steel Tumbler 30oz,Home & Kitchen,Cookware & Dining,2,25.0,47.5,0.05,17.5,West,California,San Diego,Debit Card
ORD-2023-12268,2024-01-17,CUST-1106,Dorothy Martin,PROD-TEC-112,Smart Fitness Watch,Technology,Phones & Audio,1,149.0,149.0,0.0,37.72,South,Florida,Miami,PayPal
ORD-2022-12269,2024-05-05,CUST-1238,Mary Gonzalez,PROD-OFF-124,Heavy-Duty Plastic Storage Bins 4-Pack,Office Supplies,Storage & Organization,2,55.0,104.5,0.05,33.5,West,Washington,Seattle,PayPal
ORD-2023-12270,2022-06-11,CUST-1316,Joshua Moore,PROD-HOM-135,100% Organic Cotton Sheet Set Queen,Home & Kitchen,Bedding & Decor,4,85.0,289.0,0.15,71.2,Central,Texas,Austin,Credit Card
ORD-2023-12271,2022-06-29,CUST-1054, Susan Young ,PROD-OFF-128,Precision Cutting Mat & Knife Set,Office Supplies,Art & Craft,1,22.0,20.9,0.05,5.46,West,Oregon,Portland,PayPal
ORD-2024-12272,2023-02-28,CUST-1292,Deborah Jones,PROD-HOM-136,Weighted Cooling Blanket 15lbs,Home & Kitchen,Bedding & Decor,1,95.0,95.0,0.0,29.25,West,California,Los Angeles,Cash on Delivery
ORD-2022-12273,2022-03-04,CUST-1217,Margaret Rodriguez,PROD-HOM-135,100% Organic Cotton Sheet Set Queen,Home & Kitchen,Bedding & Decor,1,85.0,76.5,0.1,19.8,West,California,Los Angeles,Credit Card
ORD-2022-12274,2023-02-14,CUST-1100,William Walker,PROD-HOM-129,Digital Touchscreen Air Fryer 5.8Qt,Home & Kitchen,Appliances,2,110.0,198.0,0.1,39.0,West,California,Los Angeles,UPI / Net Banking
ORD-2022-12275,2023-02-28,CUST-1428,Jennifer Jackson,PROD-HOM-130,Programmable Drip Coffee Maker,Home & Kitchen,Appliances,1,75.0,75.0,0.0,22.25,North,Michigan,Detroit,Credit Card
ORD-2023-12276,2022-06-13,CUST-1289,Elizabeth Johnson,PROD-FUR-118,Solid Wood Conference Table,Furniture,Desks & Tables,2,850.0,1445.0,0.15,-5.0,West,Washington,Seattle,PayPal
ORD-2022-12277,2024-01-30,CUST-1204,Jennifer Ramirez,PROD-OFF-121,Premium Multipurpose Copy Paper 5 Reams,Office Supplies,Paper & Stationary,1,38.0,38.0,0.0,13.1,East,Pennsylvania,Philadelphia,PayPal
ORD-2023-12278,2022-04-22,CUST-1358,Sandra Lee,PROD-FUR-115,Adjustable Drafting Stool,Furniture,Chairs & Stools,1,110.0,99.0,0.1,12.5,North,Wisconsin,Milwaukee,Debit Card
ORD-2024-12279,2024-05-31,CUST-1045,Matthew Moore,PROD-TEC-111,Bluetooth Conference Speaker,Technology,Phones & Audio,2,120.0,228.0,0.05,59.8,West,Oregon,Portland,Debit Card
ORD-2024-12280,2024-04-16,CUST-1220,Daniel Wilson,PROD-TEC-104,24-Inch IPS FHD Monitor,Technology,Laptops & Monitors,3,180.0,324.0,0.4,-60.0,North,Michigan,Detroit,UPI / Net Banking
ORD-2023-12281,2024-06-02,CUST-1086,Kenneth Gonzalez,PROD-HOM-136,Weighted Cooling Blanket 15lbs,Home & Kitchen,Bedding & Decor,5,95.0,451.25,0.05,134.5,Central,Texas,Austin,UPI / Net Banking
ORD-2023-12282,2022-01-24,CUST-1232,Brian Miller,PROD-TEC-101,ProBook 15.6 Inch Laptop,Technology,Laptops & Monitors,2,850.0,1190.0,0.3,-141.0,West,Oregon,Portland,Debit Card
ORD-2023-12283,2024-02-11,CUST-1212,Linda Jones,PROD-TEC-102,UltraSlim 14 Inch Notebook,Technology,Laptops & Monitors,3,1100.0,2310.0,0.3,-171.0,East,New York,Buffalo,PayPal
ORD-2022-12284,2023-09-02,CUST-1024,Kenneth Taylor,PROD-TEC-111,Bluetooth Conference Speaker,Technology,Phones & Audio,2,120.0,240.0,0.0,71.8,South,Florida,Orlando,Debit Card
ORD-2022-12285,2023-09-27,CUST-1017,Brian Ramirez,PROD-FUR-118,Solid Wood Conference Table,Furniture,Desks & Tables,3,850.0,2550.0,0.0,376.5,West,California,San Diego,Debit Card
ORD-2022-12286,2022-09-11,CUST-1106,Dorothy Martin,PROD-TEC-112,Smart Fitness Watch,Technology,Phones & Audio,2,149.0,298.0,0.0,78.44,North,Michigan,Detroit,Debit Card
ORD-2024-12287,2024-04-04,CUST-1170,Donna Hill,PROD-OFF-123,Gel Ink Pens Box of 24,Office Supplies,Paper & Stationary,3,15.0,42.75,0.05,16.5,West,California,Los Angeles,Debit Card
ORD-2024-12288,2023-12-01,CUST-1018,Nancy Moore,PROD-FUR-115,Adjustable Drafting Stool,Furniture,Chairs & Stools,2,110.0,209.0,0.05,39.0,Central,Texas,Dallas,Debit Card
ORD-2024-12289,2022-07-18,CUST-1387,Amanda Hill,PROD-FUR-116,Electric Dual-Motor Standing Desk,Furniture,Desks & Tables,1,450.0,427.5,0.05,54.5,East,New York,Buffalo,Credit Card
ORD-2022-12290,2022-01-08,CUST-1416,Thomas Perez,PROD-HOM-135,100% Organic Cotton Sheet Set Queen,Home & Kitchen,Bedding & Decor,6,85.0,459.0,0.1,133.8,Central,Illinois,Chicago,Debit Card
ORD-2023-12291,2024-02-10,CUST-1139,Barbara Moore,PROD-TEC-106,Mechanical RGB Keyboard,Technology,Accessories,5,75.0,337.5,0.1,85.75,South,Florida,Orlando,Credit Card
ORD-2024-12292,2023-09-08,CUST-1315,Edward Thomas,PROD-TEC-109,Noise Canceling Headphones,Technology,Phones & Audio,6,199.0,1014.9,0.15,170.1,South,Florida,Miami,Credit Card
ORD-2023-12293,2023-08-26,CUST-1191,Steven Martin,PROD-FUR-118,Solid Wood Conference Table,Furniture,Desks & Tables,1,850.0,850.0,0.0,123.5,West,California,San Francisco,UPI / Net Banking
ORD-2022-12294,2023-08-03,CUST-1105,Edward Gonzalez,PROD-HOM-129,Digital Touchscreen Air Fryer 5.8Qt,Home & Kitchen,Appliances,1,110.0,110.0,0.0,29.0,West,California,San Diego,Credit Card
ORD-2024-12295,2022-08-23,CUST-1052,Susan Torres,PROD-HOM-131,Compact HEPA Air Purifier,Home & Kitchen,Appliances,1,130.0,110.5,0.15,12.9,Central,Texas,Austin,Credit Card
ORD-2023-12296,2022-06-04,CUST-1342,Ashley Anderson,PROD-HOM-133,Stainless Steel Chef Knife 8-Inch,Home & Kitchen,Cookware & Dining,2,45.0,85.5,0.05,31.0,East,Massachusetts,Boston,PayPal
ORD-2023-12297,2022-05-04,CUST-1230, Anthony Thomas ,PROD-FUR-115,Adjustable Drafting Stool,Furniture,Chairs & Stools,3,110.0,297.0,0.1,43.5,Central,Illinois,Chicago,Credit Card
ORD-2023-12298,2024-06-14,CUST-1071,Kenneth Robinson,PROD-FUR-118,Solid Wood Conference Table,Furniture,Desks & Tables,6,850.0,4335.0,0.15,-9.0,North,Michigan,Detroit,Credit Card
ORD-2023-12299,2022-01-11,CUST-1163,David Brown,PROD-TEC-107,USB-C Multi-Port Hub,Technology,Accessories,6,45.0,229.5,0.15,72.0,South,Georgia,Atlanta,Credit Card
ORD-2024-12300,2024-05-11,CUST-1026,Steven Davis,PROD-HOM-134,Insulated Stainless Steel Tumbler 30oz,Home & Kitchen,Cookware & Dining,3,25.0,52.5,0.3,9.0,Central,Texas,Dallas,Debit Card
ORD-2022-12301,2023-01-19,CUST-1355,Barbara Brown,PROD-FUR-117,Compact Computer Desk,Furniture,Desks & Tables,6,130.0,741.0,0.05,123.6,Central,Texas,Houston,Debit Card
ORD-2024-12302,2022-11-26,CUST-1359,Nancy Harris,PROD-HOM-135,100% Organic Cotton Sheet Set Queen,Home & Kitchen,Bedding & Decor,6,85.0,510.0,0.0,184.8,West,California,Los Angeles,PayPal
ORD-2023-12303,2022-02-12,CUST-1221,Amanda Thomas,PROD-HOM-132,Non-Stick Ceramic Cookware 10-Piece,Home & Kitchen,Cookware & Dining,4,180.0,684.0,0.05,187.4,North,Wisconsin,Milwaukee,UPI / Net Banking
ORD-2024-12304,2023-08-27,CUST-1286,Edward Thomas,PROD-OFF-128,Precision Cutting Mat & Knife Set,Office Supplies,Art & Craft,1,22.0,20.9,0.05,5.46,East,Pennsylvania,Philadelphia,Credit Card
ORD-2024-12305,2023-11-13,CUST-1149,Patricia Hernandez,PROD-OFF-128,Precision Cutting Mat & Knife Set,Office Supplies,Art & Craft,2,22.0,33.0,0.25,5.12,South,Georgia,Atlanta,Credit Card
ORD-2024-12306,2023-06-28,CUST-1099,Deborah Rodriguez,PROD-HOM-135,100% Organic Cotton Sheet Set Queen,Home & Kitchen,Bedding & Decor,1,85.0,80.75,0.05,24.05,Central,Texas,Houston,Credit Card
ORD-2022-12307,2022-01-19,CUST-1379,Karen Miller,PROD-HOM-133,Stainless Steel Chef Knife 8-Inch,Home & Kitchen,Cookware & Dining,5,45.0,168.75,0.25,37.0,West,California,San Diego,UPI / Net Banking
ORD-2022-12308,2024-06-01,CUST-1400,George King,PROD-OFF-121,Premium Multipurpose Copy Paper 5 Reams,Office Supplies,Paper & Stationary,2,38.0,68.4,0.1,21.6,West,California,San Diego,Credit Card
ORD-2023-12309,2022-01-09,CUST-1387,Amanda Hill,PROD-TEC-107,USB-C Multi-Port Hub,Technology,Accessories,5,45.0,213.75,0.05,82.0,South,Florida,Orlando,Credit Card
ORD-2023-12310,2023-04-03,CUST-1089,Steven King,PROD-HOM-136,Weighted Cooling Blanket 15lbs,Home & Kitchen,Bedding & Decor,1,95.0,95.0,0.0,29.25,West,Washington,Seattle,PayPal
ORD-2022-12311,2024-03-22,CUST-1084,Joshua Martin,PROD-FUR-116,Electric Dual-Motor Standing Desk,Furniture,Desks & Tables,1,450.0,405.0,0.1,32.0,Central,Texas,Austin,PayPal
ORD-2024-12312,2023-11-02,CUST-1214,Steven Williams,PROD-OFF-126,Desktop Document Organizer,Office Supplies,Storage & Organization,2,28.0,42.0,0.25,6.2,West,California,San Francisco,Debit Card
ORD-2023-12313,2024-04-27,CUST-1430,Brian Thomas,PROD-TEC-104,24-Inch IPS FHD Monitor,Technology,Laptops & Monitors,1,180.0,180.0,0.0,50.0,East,Pennsylvania,Philadelphia,Debit Card
ORD-2024-12314,2022-08-26,CUST-1315,Edward Thomas,PROD-TEC-105,Wireless Ergonomic Mouse,Technology,Accessories,1,35.0,35.0,0.0,10.0,South,Florida,Miami,Credit Card
ORD-2024-12315,2022-07-01,CUST-1069,Kenneth Jones,PROD-TEC-111,Bluetooth Conference Speaker,Technology,Phones & Audio,1,120.0,120.0,0.0,34.4,South,Georgia,Atlanta,Credit Card
ORD-2024-12316,2022-02-17,CUST-1215,Lisa Nguyen,PROD-TEC-102,UltraSlim 14 Inch Notebook,Technology,Laptops & Monitors,2,1100.0,2090.0,0.05,435.0,Central,Ohio,Columbus,Debit Card
ORD-2024-12317,2024-02-06,CUST-1215,Lisa Nguyen,PROD-TEC-104,24-Inch IPS FHD Monitor,Technology,Laptops & Monitors,4,180.0,720.0,0.0,209.0,West,Washington,Seattle,Credit Card
ORD-2023-12318,2022-01-11,CUST-1008,Mary Garcia,PROD-OFF-121,Premium Multipurpose Copy Paper 5 Reams,Office Supplies,Paper & Stationary,1,38.0,38.0,0.0,13.1,West,California,San Francisco,Debit Card
ORD-2022-12319,2024-05-27,CUST-1115,James Jones,PROD-TEC-108,HD Pro Webcam 1080p,Technology,Accessories,3,65.0,195.0,0.0,68.1,Central,Texas,Houston,Credit Card
ORD-2024-12320,2022-09-23,CUST-1145,Edward Thomas,PROD-TEC-106,Mechanical RGB Keyboard,Technology,Accessories,1,75.0,71.25,0.05,18.5,East,Massachusetts,Boston,Credit Card
ORD-2023-12321,2022-04-30,CUST-1384,Robert Nguyen,PROD-FUR-113,Ergonomic Executive Mesh Chair,Furniture,Chairs & Stools,2,240.0,360.0,0.25,-29.0,Central,Texas,Dallas,Credit Card
ORD-2023-12322,2024-02-10,CUST-1017,Brian Ramirez,PROD-OFF-128,Precision Cutting Mat & Knife Set,Office Supplies,Art & Craft,4,22.0,79.2,0.1,26.44,Central,Texas,Houston,PayPal
ORD-2023-12323,2024-04-08,CUST-1036,Sarah Robinson,PROD-HOM-131,Compact HEPA Air Purifier,Home & Kitchen,Appliances,2,130.0,260.0,0.0,67.8,West,California,San Diego,Debit Card
ORD-2023-12324,2023-09-27,CUST-1316,Joshua Moore,PROD-FUR-113,Ergonomic Executive Mesh Chair,Furniture,Chairs & Stools,2,240.0,456.0,0.05,67.0,North,Michigan,Detroit,UPI / Net Banking
ORD-2023-12325,2022-10-01,CUST-1396,Margaret White,PROD-FUR-118,Solid Wood Conference Table,Furniture,Desks & Tables,4,850.0,2890.0,0.15,-7.0,North,Michigan,Detroit,Credit Card
ORD-2022-12326,2023-05-29,CUST-1422,George Clark,PROD-OFF-125,3-Drawer Mobile File Cabinet,Office Supplies,Storage & Organization,1,145.0,137.75,0.05,29.35,South,Georgia,Atlanta,Debit Card
ORD-2024-12327,2023-01-14,CUST-1382,Amanda Harris,PROD-FUR-115,Adjustable Drafting Stool,Furniture,Chairs & Stools,3,110.0,330.0,0.0,76.5,West,Washington,Seattle,PayPal
ORD-2022-12328,2022-07-22,CUST-1265,Christopher Sanchez,PROD-OFF-128,Precision Cutting Mat & Knife Set,Office Supplies,Art & Craft,1,22.0,22.0,0.0,6.56,West,California,San Diego,Credit Card
ORD-2023-12329,2023-10-03,CUST-1161,Donna Walker,PROD-HOM-131,Compact HEPA Air Purifier,Home & Kitchen,Appliances,3,130.0,390.0,0.0,103.2,Central,Texas,Austin,Credit Card
ORD-2022-12330,2024-05-05,CUST-1409,Jessica Robinson,PROD-TEC-103,27-Inch 4K UHD Monitor,Technology,Laptops & Monitors,4,350.0,1400.0,0.0,385.0,Central,Ohio,Columbus,PayPal
ORD-2023-12331,2024-05-16,CUST-1332,Susan Clark,PROD-OFF-127,Professional Acrylic Paint Set,Office Supplies,Art & Craft,1,42.0,33.6,0.2,5.24,Central,Illinois,Chicago,Debit Card
ORD-2023-12332,2022-02-22,CUST-1203,Thomas Brown,PROD-OFF-125,3-Drawer Mobile File Cabinet,Office Supplies,Storage & Organization,1,145.0,108.75,0.25,0.35,South,Florida,Miami,Credit Card
ORD-2023-12333,2023-03-01,CUST-1435,Melissa Scott,PROD-HOM-130,Programmable Drip Coffee Maker,Home & Kitchen,Appliances,1,75.0,63.75,0.15,11.0,Central,Texas,Houston,PayPal
ORD-2022-12334,2023-01-12,CUST-1338,Karen Harris,PROD-FUR-120,Modern Modular Bookshelf,Furniture,Bookcases,2,210.0,378.0,0.1,45.4,West,California,Los Angeles,Credit Card
ORD-2022-12335,2023-04-09,CUST-1244,Nancy Johnson,PROD-TEC-111,Bluetooth Conference Speaker,Technology,Phones & Audio,3,120.0,216.0,0.4,-34.8,West,Oregon,Portland,Debit Card
ORD-2024-12336,2024-05-11,CUST-1429,Joseph Sanchez,PROD-HOM-136,Weighted Cooling Blanket 15lbs,Home & Kitchen,Bedding & Decor,3,95.0,270.75,0.05,79.5,South,North Carolina,Charlotte,PayPal
ORD-2023-12337,2022-02-07,CUST-1117,Joseph Jones,PROD-FUR-116,Electric Dual-Motor Standing Desk,Furniture,Desks & Tables,1,450.0,225.0,0.5,-148.0,South,North Carolina,Charlotte,UPI / Net Banking
ORD-2024-12338,2023-03-27,CUST-1341,Kenneth Anderson,PROD-FUR-114,High-Back Leather Gaming Chair,Furniture,Chairs & Stools,3,290.0,696.0,0.2,-23.4,East,New York,New York City,Credit Card
ORD-2022-12339,2022-07-07,CUST-1377,Kenneth Davis,PROD-TEC-112,Smart Fitness Watch,Technology,Phones & Audio,4,149.0,596.0,0.0,159.88,East,Massachusetts,Boston,PayPal
ORD-2024-12340,2022-01-17,CUST-1395,Ashley Miller,PROD-HOM-133,Stainless Steel Chef Knife 8-Inch,Home & Kitchen,Cookware & Dining,4,45.0,180.0,0.0,74.0,South,North Carolina,Charlotte,PayPal
ORD-2024-12341,2024-04-07,CUST-1424,Edward Thomas,PROD-TEC-103,27-Inch 4K UHD Monitor,Technology,Laptops & Monitors,2,350.0,595.0,0.15,86.0,West,Washington,Seattle,Credit Card
ORD-2024-12342,2023-06-12,CUST-1356,Thomas Harris,PROD-HOM-133,Stainless Steel Chef Knife 8-Inch,Home & Kitchen,Cookware & Dining,1,45.0,42.75,0.05,14.0,Central,Texas,Dallas,PayPal
ORD-2022-12343,2024-05-14,CUST-1344,Ashley Johnson,PROD-FUR-120,Modern Modular Bookshelf,Furniture,Bookcases,4,210.0,798.0,0.05,135.8,South,Florida,Orlando,Credit Card
ORD-2023-12344,2024-02-23,CUST-1359,Nancy Harris,PROD-TEC-105,Wireless Ergonomic Mouse,Technology,Accessories,1,35.0,28.0,0.2,3.0,East,Massachusetts,Boston,Credit Card
ORD-2022-12345,2023-02-16,CUST-1391,Kevin White,PROD-TEC-111,Bluetooth Conference Speaker,Technology,Phones & Audio,3,120.0,342.0,0.05,91.2,South,Florida,Miami,Credit Card
ORD-2024-12346,2022-03-24,CUST-1345,Matthew Perez,PROD-HOM-135,100% Organic Cotton Sheet Set Queen,Home & Kitchen,Bedding & Decor,1,85.0,85.0,0.0,28.3,Central,Texas,Houston,Credit Card
ORD-2022-12347,2024-03-02,CUST-1412,Nancy Johnson,PROD-FUR-115,Adjustable Drafting Stool,Furniture,Chairs & Stools,2,110.0,176.0,0.2,6.0,North,Minnesota,Minneapolis,Credit Card
ORD-2023-12348,2023-09-18,CUST-1135,Michael Thomas,PROD-TEC-111,Bluetooth Conference Speaker,Technology,Phones & Audio,2,120.0,228.0,0.05,59.8,North,Minnesota,Minneapolis,Cash on Delivery
ORD-2024-12349,2022-08-29,CUST-1045,Matthew Moore,PROD-FUR-116,Electric Dual-Motor Standing Desk,Furniture,Desks & Tables,1,450.0,405.0,0.1,32.0,West,California,San Diego,Credit Card
ORD-2024-12350,2023-09-18,CUST-1215,Lisa Nguyen,PROD-HOM-129,Digital Touchscreen Air Fryer 5.8Qt,Home & Kitchen,Appliances,1,110.0,104.5,0.05,23.5,West,California,Los Angeles,Credit Card
ORD-2022-12351,2022-01-03,CUST-1189,Lisa Jackson,PROD-FUR-117,Compact Computer Desk,Furniture,Desks & Tables,3,130.0,390.0,0.0,79.8,Central,Ohio,Columbus,Credit Card
ORD-2023-12352,2023-11-06,CUST-1403,Deborah Walker,PROD-FUR-116,Electric Dual-Motor Standing Desk,Furniture,Desks & Tables,1,450.0,427.5,0.05,54.5,East,New York,New York City,Debit Card
ORD-2024-12353,2023-07-06,CUST-1058,Melissa Scott,PROD-OFF-127,Professional Acrylic Paint Set,Office Supplies,Art & Craft,1,42.0,39.9,0.05,11.54,East,Massachusetts,Boston,PayPal
ORD-2024-12354,2022-08-16,CUST-1348,Sandra Rodriguez,PROD-TEC-108,HD Pro Webcam 1080p,Technology,Accessories,3,65.0,195.0,0.0,68.1,West,California,San Diego,Credit Card
ORD-2022-12355,2023-01-24,CUST-1334,Brian Johnson,PROD-FUR-117,Compact Computer Desk,Furniture,Desks & Tables,2,130.0,260.0,0.0,52.2,West,Oregon,Portland,Debit Card
ORD-2022-12356,2022-07-24,CUST-1230,Anthony Thomas,PROD-TEC-103,27-Inch 4K UHD Monitor,Technology,Laptops & Monitors,5,350.0,1662.5,0.05,394.5,Central,Illinois,Chicago,Debit Card
ORD-2023-12357,2024-06-19,CUST-1025,John Robinson,PROD-FUR-114,High-Back Leather Gaming Chair,Furniture,Chairs & Stools,6,290.0,1479.0,0.15,43.2,West,California,Los Angeles,UPI / Net Banking
ORD-2022-12358,2023-04-11,CUST-1082,Paul Lopez,PROD-OFF-126,Desktop Document Organizer,Office Supplies,Storage & Organization,2,28.0,47.6,0.15,11.8,South,Florida,Orlando,Credit Card
ORD-2023-12359,2024-05-02,CUST-1154,Kevin Young,PROD-HOM-134,Insulated Stainless Steel Tumbler 30oz,Home & Kitchen,Cookware & Dining,3,25.0,75.0,0.0,31.5,West,California,San Diego,Credit Card
ORD-2024-12360,2023-08-17,CUST-1174,Andrew King,PROD-TEC-112,Smart Fitness Watch,Technology,Phones & Audio,3,149.0,447.0,0.0,119.16,East,Massachusetts,Boston,
ORD-2024-12361,2022-04-26,CUST-1369,Mary Flores,PROD-OFF-125,3-Drawer Mobile File Cabinet,Office Supplies,Storage & Organization,1,145.0,145.0,0.0,36.6,East,New York,New York City,Credit Card
ORD-2022-12362,2024-05-10,CUST-1009,Susan Anderson,PROD-FUR-116,Electric Dual-Motor Standing Desk,Furniture,Desks & Tables,2,450.0,900.0,0.0,157.0,North,Wisconsin,Milwaukee,PayPal
ORD-2022-12363,2023-11-20,CUST-1136,Richard Gonzalez,PROD-FUR-118,Solid Wood Conference Table,Furniture,Desks & Tables,1,850.0,850.0,0.0,123.5,West,California,San Diego,Debit Card
ORD-2023-12364,2023-06-19,CUST-1349,Michelle Wright,PROD-HOM-132,Non-Stick Ceramic Cookware 10-Piece,Home & Kitchen,Cookware & Dining,1,180.0,180.0,0.0,53.6,South,Florida,Miami,Credit Card
ORD-2022-12365,2022-11-02,CUST-1084,Joshua Martin,PROD-OFF-124,Heavy-Duty Plastic Storage Bins 4-Pack,Office Supplies,Storage & Organization,2,55.0,88.0,0.2,17.0,Central,Texas,Houston,Credit Card
ORD-2023-12366,2023-01-08,CUST-1128,Kevin Ramirez,PROD-TEC-101,ProBook 15.6 Inch Laptop,Technology,Laptops & Monitors,3,850.0,2550.0,0.0,555.0,South,Florida,Orlando,Debit Card
ORD-2022-12367,2022-09-13,CUST-1313,Melissa Walker,PROD-OFF-125,3-Drawer Mobile File Cabinet,Office Supplies,Storage & Organization,4,145.0,406.0,0.3,-18.6,North,Wisconsin,Milwaukee  ,UPI / Net Banking
ORD-2022-12368,2024-05-14,CUST-1392,Robert Allen,PROD-FUR-120,Modern Modular Bookshelf,Furniture,Bookcases,2,210.0,420.0,0.0,87.4,West,California,Los Angeles,PayPal
ORD-2024-12369,2023-06-30,CUST-1418,Brian Moore,PROD-HOM-129,Digital Touchscreen Air Fryer 5.8Qt,Home & Kitchen,Appliances,5,110.0,550.0,0.0,157.0,North,Minnesota,Minneapolis,PayPal
ORD-2024-12370,2022-10-06,CUST-1431,Karen Nguyen,PROD-HOM-133,Stainless Steel Chef Knife 8-Inch,Home & Kitchen,Cookware & Dining,8,45.0,288.0,0.2,79.0,West,Oregon,Portland,Credit Card
ORD-2024-12371,2023-01-14,CUST-1142,Emily Miller,PROD-OFF-126,Desktop Document Organizer,Office Supplies,Storage & Organization,1,28.0,28.0,0.0,8.6,Central,Texas,Dallas,PayPal
ORD-2023-12372,2023-09-11,CUST-1398,Dorothy Martinez,PROD-HOM-134,Insulated Stainless Steel Tumbler 30oz,Home & Kitchen,Cookware & Dining,5,25.0,112.5,0.1,42.0,East,Massachusetts,Boston,Credit Card
ORD-2024-12373,2022-06-28,CUST-1070,Matthew Harris,PROD-TEC-104,24-Inch IPS FHD Monitor,Technology,Laptops & Monitors,1,180.0,180.0,0.0,50.0,West,California,San Diego,Credit Card
ORD-2022-12374,2022-01-12,CUST-1197,Melissa Scott,PROD-OFF-127,Professional Acrylic Paint Set,Office Supplies,Art & Craft,1,42.0,42.0,0.0,13.64,Central,Texas,Dallas,Debit Card
ORD-2023-12375,2023-01-22,CUST-1313,Melissa Walker,PROD-TEC-110,True Wireless Earbuds,Technology,Phones & Audio,2,89.0,169.1,0.05,48.4,North,Wisconsin,Milwaukee,Credit Card
ORD-2024-12376,2024-01-23,CUST-1245,Linda Taylor,PROD-OFF-126,Desktop Document Organizer,Office Supplies,Storage & Organization,2,28.0,50.4,0.1,14.6,Central,Ohio,Columbus,UPI / Net Banking
ORD-2023-12377,2022-01-13,CUST-1155,Elizabeth Gonzalez,PROD-TEC-108,HD Pro Webcam 1080p,Technology,Accessories,2,65.0,123.5,0.05,37.9,East,New York,Buffalo,Debit Card
ORD-2024-12378,2024-04-12,CUST-1127,Michael Miller,PROD-TEC-107,USB-C Multi-Port Hub,Technology,Accessories,1,45.0,45.0,0.0,16.25,Central,Texas,Austin,Debit Card
ORD-2022-12379,2023-02-17,CUST-1006,Jennifer Nguyen,PROD-TEC-102,UltraSlim 14 Inch Notebook,Technology,Laptops & Monitors,1,1100.0,990.0,0.1,161.0,Central,Illinois,Chicago,Credit Card
ORD-2023-12380,2022-05-31,CUST-1431,Karen Nguyen,PROD-TEC-105,Wireless Ergonomic Mouse,Technology,Accessories,2,35.0,63.0,0.1,16.0,West,California,San Diego,Credit Card
ORD-2024-12381,2022-03-14,CUST-1112,Mary Nguyen,PROD-FUR-120,Modern Modular Bookshelf,Furniture,Bookcases,1,210.0,189.0,0.1,21.2,North,Michigan,Detroit,PayPal
ORD-2024-12382,2023-04-27,CUST-1068,Amanda Ramirez,PROD-TEC-103,27-Inch 4K UHD Monitor,Technology,Laptops & Monitors,1,350.0,332.5,0.05,76.5,South,North Carolina,Charlotte,Credit Card
ORD-2024-12383,2022-05-19,CUST-1152,Sandra Jackson,PROD-TEC-101,ProBook 15.6 Inch Laptop,Technology,Laptops & Monitors,8,850.0,5100.0,0.25,-215.0,East,Pennsylvania,Philadelphia,UPI / Net Banking
ORD-2022-12384,2022-02-01,CUST-1292,Deborah Jones,PROD-HOM-132,Non-Stick Ceramic Cookware 10-Piece,Home & Kitchen,Cookware & Dining,2,180.0,306.0,0.15,56.2,West,Washington,Seattle,Debit Card
ORD-2024-12385,2023-02-15,CUST-1065,Jennifer Brown,PROD-HOM-135,100% Organic Cotton Sheet Set Queen,Home & Kitchen,Bedding & Decor,3,85.0,216.75,0.15,52.65,East,New York,New York City,Debit Card
ORD-2023-12386,2023-11-06,CUST-1187,William Thompson,PROD-FUR-116,Electric Dual-Motor Standing Desk,Furniture,Desks & Tables,1,450.0,450.0,0.0,77.0,West,California,Los Angeles,Debit Card
ORD-2023-12387,2022-06-06,CUST-1388,Linda Torres,PROD-FUR-119,5-Shelf Ladder Bookcase,Furniture,Bookcases,1,140.0,140.0,0.0,31.0,East,New York,New York City,Credit Card
ORD-2023-12388,2022-08-19,CUST-1038,David White,PROD-FUR-113,Ergonomic Executive Mesh Chair,Furniture,Chairs & Stools,2,240.0,336.0,0.3,-53.0,East,Massachusetts,Boston,UPI / Net Banking
ORD-2023-12389,2022-07-21,CUST-1329,Anthony Perez,PROD-TEC-111,Bluetooth Conference Speaker,Technology,Phones & Audio,3,120.0,324.0,0.1,73.2,Central,Illinois,Chicago,PayPal
ORD-2024-12390,2022-07-03,CUST-1024,Kenneth Taylor,PROD-TEC-110,True Wireless Earbuds,Technology,Phones & Audio,1,89.0,84.55,0.05,22.7,Central,Texas,Austin,Debit Card
ORD-2024-12391,2023-05-11,CUST-1100,William Walker,PROD-FUR-114,High-Back Leather Gaming Chair,Furniture,Chairs & Stools,4,290.0,1160.0,0.0,201.8,Central,Texas,Dallas,Debit Card
ORD-2023-12392,2024-05-16,CUST-1230,Anthony Thomas,PROD-FUR-119,5-Shelf Ladder Bookcase,Furniture,Bookcases,2,140.0,280.0,0.0,65.0,Central,Ohio,Columbus,UPI / Net Banking
ORD-2024-12393,2023-03-02,CUST-1444,Richard Wilson,PROD-TEC-109,Noise Canceling Headphones,Technology,Phones & Audio,2,199.0,338.3,0.15,54.7,West,California,San Francisco,Credit Card
ORD-2023-12394,2022-11-26,CUST-1040,Kevin Moore,PROD-TEC-105,Wireless Ergonomic Mouse,Technology,Accessories,1,35.0,35.0,0.0,10.0,West,Washington,Seattle,Credit Card
ORD-2022-12395,2023-05-10,CUST-1356,Thomas Harris,PROD-FUR-116,Electric Dual-Motor Standing Desk,Furniture,Desks & Tables,3,450.0,1215.0,0.1,102.0,East,New York,Buffalo,Credit Card
ORD-2023-12396,2022-02-07,CUST-1310,Michelle Allen,PROD-TEC-105,Wireless Ergonomic Mouse,Technology,Accessories,1,35.0,33.25,0.05,8.25,East,Pennsylvania,Philadelphia,Credit Card
ORD-2022-12397,2022-11-25,CUST-1428,Jennifer Jackson,PROD-HOM-129,Digital Touchscreen Air Fryer 5.8Qt,Home & Kitchen,Appliances,6,110.0,561.0,0.15,90.0,East,Pennsylvania,Philadelphia,Debit Card
ORD-2022-12398,2023-02-12,CUST-1025, John Robinson ,PROD-HOM-132,Non-Stick Ceramic Cookware 10-Piece,Home & Kitchen,Cookware & Dining,2,180.0,306.0,0.15,56.2,West,Washington,Seattle,Credit Card
ORD-2024-12399,2022-11-15,CUST-1164,Paul Garcia,PROD-FUR-120,Modern Modular Bookshelf,Furniture,Bookcases,3,210.0,630.0,0.0,132.6,West,California,Los Angeles,Credit Card
ORD-2024-12400,2023-07-14,CUST-1077,Deborah Perez,PROD-TEC-112,Smart Fitness Watch,Technology,Phones & Audio,2,149.0,298.0,0.0,78.44,East,New York,New York City,Credit Card
ORD-2024-12401,2024-01-19,CUST-1021,Michael Garcia,PROD-FUR-116,Electric Dual-Motor Standing Desk,Furniture,Desks & Tables,1,450.0,382.5,0.15,9.5,East,Pennsylvania,Philadelphia,Credit Card
ORD-2024-12402,2024-02-01,CUST-1011,Mary Scott,PROD-HOM-129,Digital Touchscreen Air Fryer 5.8Qt,Home & Kitchen,Appliances,3,110.0,280.5,0.15,43.5,South,Florida,Miami,Debit Card
ORD-2023-12403,2022-10-17,CUST-1355,Barbara Brown,PROD-OFF-128,Precision Cutting Mat & Knife Set,Office Supplies,Art & Craft,1,22.0,19.8,0.1,4.36,Central,Ohio,Columbus,Credit Card
ORD-2022-12404,2022-07-14,CUST-1310,Michelle Allen,PROD-HOM-130,Programmable Drip Coffee Maker,Home & Kitchen,Appliances,5,75.0,375.0,0.0,123.25,North,Minnesota,Minneapolis,UPI / Net Banking
ORD-2023-12405,2023-05-15,CUST-1022,Matthew Miller,PROD-HOM-133,Stainless Steel Chef Knife 8-Inch,Home & Kitchen,Cookware & Dining,3,45.0,101.25,0.25,21.0,Central,Ohio,Columbus,Credit Card
ORD-2024-12406,2022-05-01,CUST-1307,Kevin King,PROD-TEC-106,Mechanical RGB Keyboard,Technology,Accessories,2,75.0,150.0,0.0,47.5,West,Oregon,Portland,PayPal
ORD-2022-12407,2022-04-05,CUST-1103,Kenneth Ramirez,PROD-TEC-110,True Wireless Earbuds,Technology,Phones & Audio,2,89.0,178.0,0.0,57.3,Central,Texas,Dallas,UPI / Net Banking
ORD-2023-12408,2022-06-16,CUST-1410,Andrew Flores,PROD-OFF-126,Desktop Document Organizer,Office Supplies,Storage & Organization,1,28.0,28.0,0.0,8.6,East,New York,Buffalo,PayPal
ORD-2023-12409,2024-03-28,CUST-1351,Donna Torres,PROD-TEC-111,Bluetooth Conference Speaker,Technology,Phones & Audio,1,120.0,108.0,0.1,22.4,West,California,San Francisco,Credit Card
ORD-2023-12410,2023-01-08,CUST-1365,Joseph Jones,PROD-FUR-118,Solid Wood Conference Table,Furniture,Desks & Tables,6,850.0,5100.0,0.0,756.0,West,California,San Diego,Credit Card
ORD-2024-12411,2024-03-02,CUST-1071,Kenneth Robinson,PROD-FUR-113,Ergonomic Executive Mesh Chair,Furniture,Chairs & Stools,2,240.0,456.0,0.05,67.0,West,California,Los Angeles,Credit Card
ORD-2023-12412,2024-01-17,CUST-1125,Jessica Walker,PROD-FUR-118,Solid Wood Conference Table,Furniture,Desks & Tables,2,850.0,1530.0,0.1,80.0,South,North Carolina,Charlotte,Debit Card
ORD-2022-12413,2022-09-12,CUST-1168,Betty Davis,PROD-OFF-125,3-Drawer Mobile File Cabinet,Office Supplies,Storage & Organization,2,145.0,290.0,0.0,76.2,West,California,Los Angeles,Credit Card
ORD-2023-12414,2022/01/17,CUST-1067,Joshua Hernandez,PROD-OFF-124,Heavy-Duty Plastic Storage Bins 4-Pack,Office Supplies,Storage & Organization,1,55.0,55.0,0.0,18.0,West,Washington,Seattle,Debit Card
ORD-2022-12415,2022-12-05,CUST-1417,Sarah Hill,PROD-TEC-104,24-Inch IPS FHD Monitor,Technology,Laptops & Monitors,6,180.0,1080.0,0.0,315.0,Central,Texas,Dallas,PayPal
ORD-2022-12416,2024-01-19,CUST-1272,Karen Sanchez,PROD-TEC-106,Mechanical RGB Keyboard,Technology,Accessories,2,75.0,150.0,0.0,47.5,West,Washington,Seattle  ,Credit Card
ORD-2024-12417,2022-02-14,CUST-1304,Emily Thomas,PROD-TEC-108,HD Pro Webcam 1080p,Technology,Accessories,1,65.0,58.5,0.1,14.2,East,New York,Buffalo,Credit Card
ORD-2024-12418,2022-09-26,CUST-1174,Andrew King,PROD-TEC-111,Bluetooth Conference Speaker,Technology,Phones & Audio,3,120.0,306.0,0.15,55.2,West,California,San Francisco,PayPal
ORD-2022-12419,2024-05-28,CUST-1058,Melissa Scott,PROD-TEC-112,Smart Fitness Watch,Technology,Phones & Audio,2,149.0,298.0,0.0,78.44,West,Washington,Seattle,Debit Card
ORD-2023-12420,2022-12-24,CUST-1418,Brian Moore,PROD-HOM-132,Non-Stick Ceramic Cookware 10-Piece,Home & Kitchen,Cookware & Dining,6,180.0,1080.0,0.0,336.6,West,California,San Diego,Credit Card
ORD-2022-12421,2022-11-23,CUST-1147,Ashley Walker,PROD-HOM-136,Weighted Cooling Blanket 15lbs,Home & Kitchen,Bedding & Decor,2,95.0,190.0,0.0,61.5,West,Oregon,Portland,PayPal
ORD-2022-12422,2023-10-08,CUST-1288,Joseph Gonzalez,PROD-TEC-108,HD Pro Webcam 1080p,Technology,Accessories,2,65.0,123.5,0.05,37.9,West,Oregon,Portland,Credit Card
ORD-2023-12423,2024-02-20,CUST-1170,Donna Hill,PROD-OFF-126,Desktop Document Organizer,Office Supplies,Storage & Organization,2,28.0,47.6,0.15,11.8,North,Minnesota,Minneapolis,Debit Card
ORD-2024-12424,2023-05-22,CUST-1027,Matthew Garcia,PROD-OFF-121,Premium Multipurpose Copy Paper 5 Reams,Office Supplies,Paper & Stationary,2,38.0,64.6,0.15,17.8,West,Washington,Seattle,Debit Card
ORD-2022-12425,2022-11-14,CUST-1278,Sandra Lewis,PROD-OFF-128,Precision Cutting Mat & Knife Set,Office Supplies,Art & Craft,1,22.0,19.8,0.1,4.36,Central,Illinois,Chicago,PayPal
ORD-2023-12426,2022-01-17,CUST-1068,Amanda Ramirez,PROD-FUR-113,Ergonomic Executive Mesh Chair,Furniture,Chairs & Stools,4,240.0,960.0,0.0,185.0,Central,Texas,Austin,PayPal
ORD-2022-12427,2023-11-29,CUST-1003,Jessica Anderson,PROD-TEC-105,Wireless Ergonomic Mouse,Technology,Accessories,1,35.0,35.0,0.0,10.0,East,Massachusetts,Boston,Debit Card
ORD-2023-12428,2023-03-10,CUST-1028,Emily Jackson,PROD-OFF-123,Gel Ink Pens Box of 24,Office Supplies,Paper & Stationary,2,15.0,28.5,0.05,10.0,East,Massachusetts,Boston,UPI / Net Banking
ORD-2024-12429,2022-12-01,CUST-1158,Melissa Wright,PROD-HOM-129,Digital Touchscreen Air Fryer 5.8Qt,Home & Kitchen,Appliances,1,110.0,110.0,0.0,29.0,West,Oregon,Portland,Debit Card
ORD-2022-12430,2023-11-28,CUST-1416,Thomas Perez,PROD-OFF-121,Premium Multipurpose Copy Paper 5 Reams,Office Supplies,Paper & Stationary,1,38.0,38.0,0.0,13.1,East,Massachusetts,Boston,PayPal
ORD-2024-12431,2023-06-22,CUST-1327,Dorothy Wilson,PROD-HOM-135,100% Organic Cotton Sheet Set Queen,Home & Kitchen,Bedding & Decor,3,85.0,242.25,0.05,78.15,Central,Texas,Dallas,PayPal
ORD-2023-12432,2022-12-05,CUST-1199,Charles Hill,PROD-TEC-108,HD Pro Webcam 1080p,Technology,Accessories,1,65.0,45.5,0.3,1.2,South,Florida,Orlando,Credit Card
ORD-2023-12433,2023-02-10,CUST-1281,Melissa Hernandez,PROD-TEC-101,ProBook 15.6 Inch Laptop,Technology,Laptops & Monitors,1,850.0,850.0,0.0,183.0,East,Pennsylvania,Philadelphia,PayPal
ORD-2023-12434,2024-05-17,CUST-1243,Betty Wright,PROD-TEC-106,Mechanical RGB Keyboard,Technology,Accessories,2,75.0,127.5,0.15,25.0,South,Georgia,Atlanta  ,Debit Card
ORD-2024-12435,2023-01-04,CUST-1222,Kevin Miller,PROD-HOM-132,Non-Stick Ceramic Cookware 10-Piece,Home & Kitchen,Cookware & Dining,3,180.0,540.0,0.0,166.8,West,California,San Francisco,Debit Card
ORD-2022-12436,2024-03-16,CUST-1350,Mary Sanchez,PROD-TEC-109,Noise Canceling Headphones,Technology,Phones & Audio,1,199.0,199.0,0.0,55.7,South,Florida,Orlando,PayPal
ORD-2022-12437,2022-11-26,CUST-1123,William Torres,PROD-TEC-111,Bluetooth Conference Speaker,Technology,Phones & Audio,1,120.0,108.0,0.1,22.4,South,North Carolina,Charlotte,Credit Card
ORD-2022-12438,2022-09-22,CUST-1085,Joshua Allen,PROD-HOM-129,Digital Touchscreen Air Fryer 5.8Qt,Home & Kitchen,Appliances,1,110.0,82.5,0.25,1.5,West,Washington,Seattle,Credit Card
ORD-2023-12439,2023-10-30,CUST-1073,Emily Smith,PROD-TEC-103,27-Inch 4K UHD Monitor,Technology,Laptops & Monitors,2,350.0,595.0,0.15,86.0,East,New York,Buffalo,Credit Card
ORD-2022-12440,2023-03-10,CUST-1316,Joshua Moore,PROD-FUR-113,Ergonomic Executive Mesh Chair,Furniture,Chairs & Stools,1,240.0,120.0,0.5,-76.0,East,New York,Buffalo,Debit Card
ORD-2023-12441,2023-11-07,CUST-1037,Joshua White,PROD-HOM-134,Insulated Stainless Steel Tumbler 30oz,Home & Kitchen,Cookware & Dining,5,25.0,125.0,0.0,54.5,North,Michigan,Detroit  ,UPI / Net Banking
ORD-2022-12442,2022-12-03,CUST-1432,Lisa Walker,PROD-FUR-118,Solid Wood Conference Table,Furniture,Desks & Tables,5,850.0,4250.0,0.0,629.5,Central,Texas,Austin,PayPal
ORD-2024-12443,2023-09-16,CUST-1319,Sarah Lewis,PROD-TEC-105,Wireless Ergonomic Mouse,Technology,Accessories,8,35.0,280.0,0.0,101.0,South,Florida,Orlando,Credit Card
ORD-2023-12444,2022-09-09,CUST-1110,Jessica Anderson,PROD-TEC-110,True Wireless Earbuds,Technology,Phones & Audio,1,89.0,84.55,0.05,22.7,South,Florida,Orlando,Debit Card
ORD-2023-12445,2023-04-06,CUST-1240,Sarah Jones,PROD-HOM-130,Programmable Drip Coffee Maker,Home & Kitchen,Appliances,2,75.0,75.0,0.5,-27.5,West,California,San Francisco,Debit Card
ORD-2023-12446,2023-02-16,CUST-1153,Margaret Scott,PROD-HOM-131,Compact HEPA Air Purifier,Home & Kitchen,Appliances,2,130.0,260.0,0.0,67.8,Central,Illinois,Chicago,UPI / Net Banking
ORD-2022-12447,2022-12-10,CUST-1315,Edward Thomas,PROD-OFF-121,Premium Multipurpose Copy Paper 5 Reams,Office Supplies,Paper & Stationary,2,38.0,64.6,0.15,17.8,East,New York,Buffalo,Credit Card
ORD-2022-12448,2023-10-18,CUST-1243,Betty Wright,PROD-FUR-120,Modern Modular Bookshelf,Furniture,Bookcases,2,210.0,420.0,0.0,87.4,West,California,Los Angeles,Debit Card
ORD-2023-12449,2023-06-03,CUST-1086,Kenneth Gonzalez,PROD-OFF-128,Precision Cutting Mat & Knife Set,Office Supplies,Art & Craft,1,22.0,22.0,0.0,6.56,West,Washington,Seattle,Debit Card
ORD-2022-12450,2022-01-15,CUST-1432,Lisa Walker,PROD-TEC-103,27-Inch 4K UHD Monitor,Technology,Laptops & Monitors,5,350.0,1575.0,0.1,307.0,West,California,San Francisco,UPI / Net Banking
ORD-2023-12451,2024-06-23,CUST-1408,Sarah Lewis,PROD-FUR-117,Compact Computer Desk,Furniture,Desks & Tables,4,130.0,520.0,0.0,107.4,East,Massachusetts,Boston,PayPal
ORD-2024-12452,2022-08-02,CUST-1054,Susan Young,PROD-HOM-134,Insulated Stainless Steel Tumbler 30oz,Home & Kitchen,Cookware & Dining,2,25.0,42.5,0.15,12.5,South,Florida,Orlando,Debit Card
ORD-2024-12453,2023-12-27,CUST-1143,Patricia Wright,PROD-TEC-105,Wireless Ergonomic Mouse,Technology,Accessories,8,35.0,266.0,0.05,87.0,East,Pennsylvania,Philadelphia,PayPal
ORD-2023-12454,2024-04-13,CUST-1161,Donna Walker,PROD-TEC-101,ProBook 15.6 Inch Laptop,Technology,Laptops & Monitors,1,850.0,722.5,0.15,55.5,North,Minnesota,Minneapolis,PayPal
ORD-2023-12455,2022-10-31,CUST-1111,Robert Perez,PROD-TEC-109,Noise Canceling Headphones,Technology,Phones & Audio,2,199.0,378.1,0.05,94.5,West,California,San Francisco,Credit Card
ORD-2022-12456,2024-01-06,CUST-1281,Melissa Hernandez,PROD-HOM-135,100% Organic Cotton Sheet Set Queen,Home & Kitchen,Bedding & Decor,3,85.0,216.75,0.15,52.65,Central,Illinois,Chicago,Credit Card
ORD-2022-12457,2022-09-15,CUST-1009,Susan Anderson,PROD-TEC-101,ProBook 15.6 Inch Laptop,Technology,Laptops & Monitors,2,850.0,1445.0,0.15,114.0,West,California,Los Angeles,Debit Card
ORD-2022-12458,2022-07-17,CUST-1419,Emily Smith,PROD-HOM-134,Insulated Stainless Steel Tumbler 30oz,Home & Kitchen,Cookware & Dining,3,25.0,67.5,0.1,24.0,West,California,San Diego,UPI / Net Banking
ORD-2023-12459,2024-01-03,CUST-1237,Joseph Anderson,PROD-HOM-133,Stainless Steel Chef Knife 8-Inch,Home & Kitchen,Cookware & Dining,1,45.0,22.5,0.5,-6.25,East,Massachusetts,Boston,Credit Card
ORD-2022-12460,2023-04-07,CUST-1270,Amanda Lopez,PROD-HOM-135,100% Organic Cotton Sheet Set Queen,Home & Kitchen,Bedding & Decor,5,85.0,425.0,0.0,153.5,Central,Texas,Dallas,PayPal
ORD-2022-12461,2023-01-29,CUST-1358,Sandra Lee,PROD-TEC-105,Wireless Ergonomic Mouse,Technology,Accessories,4,35.0,70.0,0.5,-21.0,West,California,San Francisco,PayPal
ORD-2024-12462,2023-09-06,CUST-1275,Susan Ramirez,PROD-FUR-118,Solid Wood Conference Table,Furniture,Desks & Tables,1,850.0,807.5,0.05,81.0,South,North Carolina,Charlotte,Credit Card
ORD-2024-12463,2024-03-04,CUST-1408,Sarah Lewis,PROD-OFF-125,3-Drawer Mobile File Cabinet,Office Supplies,Storage & Organization,2,145.0,275.5,0.05,61.7,Central,Texas,Houston,Cash on Delivery
ORD-2023-12464,2022-06-07,CUST-1104,Susan Wright,PROD-OFF-126,Desktop Document Organizer,Office Supplies,Storage & Organization,1,28.0,26.6,0.05,7.2,South,Florida,Miami,Debit Card
ORD-2023-12465,2022-05-16,CUST-1004,William Miller,PROD-TEC-107,USB-C Multi-Port Hub,Technology,Accessories,1,45.0,42.75,0.05,14.0,West,Washington,Seattle,Credit Card
ORD-2023-12466,2022-12-05,CUST-1256,James King,PROD-HOM-134,Insulated Stainless Steel Tumbler 30oz,Home & Kitchen,Cookware & Dining,4,25.0,95.0,0.05,38.0,North,Minnesota,Minneapolis,PayPal
ORD-2022-12467,2022-09-18,CUST-1241, Deborah Moore ,PROD-OFF-128,Precision Cutting Mat & Knife Set,Office Supplies,Art & Craft,3,22.0,66.0,0.0,25.68,West,California,San Diego,Credit Card
ORD-2023-12468,2024-04-07,CUST-1272,Karen Sanchez,PROD-TEC-109,Noise Canceling Headphones,Technology,Phones & Audio,5,199.0,995.0,0.0,290.5,West,California,San Diego,Debit Card
ORD-2022-12469,2022-06-29,CUST-1132,Amanda Miller,PROD-FUR-120,Modern Modular Bookshelf,Furniture,Bookcases,1,210.0,210.0,0.0,42.2,Central,Texas,Austin,Credit Card
ORD-2022-12470,2022-07-26,CUST-1271,Michelle Torres,PROD-OFF-127,Professional Acrylic Paint Set,Office Supplies,Art & Craft,1,42.0,42.0,0.0,13.64,Central,Ohio,Columbus,Debit Card
ORD-2022-12471,2024-01-18,CUST-1033,Deborah Jackson,PROD-HOM-129,Digital Touchscreen Air Fryer 5.8Qt,Home & Kitchen,Appliances,2,110.0,209.0,0.05,50.0,West,California,Los Angeles,UPI / Net Banking
ORD-2023-12472,2022-06-07,CUST-1109,Donald Davis,PROD-HOM-133,Stainless Steel Chef Knife 8-Inch,Home & Kitchen,Cookware & Dining,1,45.0,40.5,0.1,11.75,South,North Carolina,Charlotte,PayPal
ORD-2024-12473,2023-07-02,CUST-1115,James Jones,PROD-TEC-102,UltraSlim 14 Inch Notebook,Technology,Laptops & Monitors,1,1100.0,1100.0,0.0,271.0,Central,Ohio,Columbus,Credit Card
ORD-2024-12474,2024-02-28,CUST-1222,Kevin Miller,PROD-TEC-105,Wireless Ergonomic Mouse,Technology,Accessories,4,35.0,126.0,0.1,35.0,Central,Ohio,Columbus,Credit Card
ORD-2023-12475,2022-05-19,CUST-1431,Karen Nguyen,PROD-FUR-118,Solid Wood Conference Table,Furniture,Desks & Tables,3,850.0,2295.0,0.1,121.5,South,Georgia,Atlanta,Credit Card
ORD-2024-12476,2022-01-14,CUST-1153,Margaret Scott,PROD-OFF-121,Premium Multipurpose Copy Paper 5 Reams,Office Supplies,Paper & Stationary,1,38.0,38.0,0.0,13.1,East,New York,New York City,Debit Card
ORD-2024-12477,2022-01-15,CUST-1294,Joshua Torres,PROD-OFF-121,Premium Multipurpose Copy Paper 5 Reams,Office Supplies,Paper & Stationary,5,38.0,190.0,0.0,77.5,South,North Carolina,Charlotte,Credit Card
ORD-2024-12478,2024/04/28,CUST-1322,Nancy Lee,PROD-HOM-136,Weighted Cooling Blanket 15lbs,Home & Kitchen,Bedding & Decor,1,95.0,95.0,0.0,29.25,West,California,Los Angeles,UPI / Net Banking
ORD-2022-12479,2023-10-29,CUST-1447,Edward King,PROD-TEC-103,27-Inch 4K UHD Monitor,Technology,Laptops & Monitors,1,350.0,315.0,0.1,59.0,West,California,San Francisco,UPI / Net Banking
ORD-2024-12480,2022-10-15,CUST-1313,Melissa Walker,PROD-TEC-102,UltraSlim 14 Inch Notebook,Technology,Laptops & Monitors,1,1100.0,1100.0,0.0,271.0,East,Massachusetts,Boston,Debit Card
ORD-2024-12481,2023-04-16,CUST-1242,Daniel Allen,PROD-FUR-119,5-Shelf Ladder Bookcase,Furniture,Bookcases,1,140.0,112.0,0.2,3.0,Central,Ohio,Columbus,Debit Card
ORD-2022-12482,2023-06-10,CUST-1218,John Martin,PROD-FUR-118,Solid Wood Conference Table,Furniture,Desks & Tables,2,850.0,1700.0,0.0,250.0,West,Oregon,Portland,Cash on Delivery
ORD-2024-12483,2022-11-24,CUST-1403,Deborah Walker,PROD-HOM-134,Insulated Stainless Steel Tumbler 30oz,Home & Kitchen,Cookware & Dining,4,25.0,80.0,0.2,23.0,South,North Carolina,Charlotte,Credit Card
ORD-2024-12484,2024-02-24,CUST-1113,Emily Anderson,PROD-TEC-111,Bluetooth Conference Speaker,Technology,Phones & Audio,1,120.0,120.0,0.0,34.4,West,Washington,Seattle,Credit Card
ORD-2023-12485,2022-06-19,CUST-1236,Daniel Martin,PROD-OFF-127,Professional Acrylic Paint Set,Office Supplies,Art & Craft,2,42.0,75.6,0.1,21.88,South,North Carolina,Charlotte,PayPal
ORD-2022-12486,2023-01-29,CUST-1207,Deborah Rodriguez,PROD-TEC-112,Smart Fitness Watch,Technology,Phones & Audio,6,149.0,894.0,0.0,241.32,East,New York,Buffalo,PayPal
ORD-2024-12487,2024-03-28,CUST-1392,Robert Allen,PROD-TEC-106,Mechanical RGB Keyboard,Technology,Accessories,1,75.0,75.0,0.0,22.25,West,Washington,Seattle,Credit Card
ORD-2023-12488,2023-07-31,CUST-1160,Patricia Brown,PROD-OFF-127,Professional Acrylic Paint Set,Office Supplies,Art & Craft,2,42.0,79.8,0.05,26.08,West,Oregon,Portland,PayPal
ORD-2023-12489,2024-01-13,CUST-1074,Amanda Davis,PROD-FUR-115,Adjustable Drafting Stool,Furniture,Chairs & Stools,2,110.0,220.0,0.0,50.0,East,Massachusetts,Boston,Credit Card
ORD-2022-12490,2022-08-22,CUST-1242,Daniel Allen,PROD-TEC-104,24-Inch IPS FHD Monitor,Technology,Laptops & Monitors,3,180.0,459.0,0.15,75.0,Central,Illinois,Chicago,Credit Card
ORD-2024-12491,2023-07-10,CUST-1322,Nancy Lee,PROD-HOM-129,Digital Touchscreen Air Fryer 5.8Qt,Home & Kitchen,Appliances,2,110.0,209.0,0.05,50.0,West,California,Los Angeles,Debit Card
ORD-2024-12492,2022-09-23,CUST-1037,Joshua White,PROD-HOM-129,Digital Touchscreen Air Fryer 5.8Qt,Home & Kitchen,Appliances,2,110.0,209.0,0.05,50.0,Central,Texas,Dallas,Credit Card
ORD-2024-12493,2023-07-08,CUST-1320,Robert Jackson,PROD-TEC-103,27-Inch 4K UHD Monitor,Technology,Laptops & Monitors,3,350.0,1050.0,0.0,288.0,East,Massachusetts,Boston,Cash on Delivery
ORD-2024-12494,2022-03-01,CUST-1286,Edward Thomas,PROD-FUR-120,Modern Modular Bookshelf,Furniture,Bookcases,6,210.0,1260.0,0.0,268.2,West,California,San Diego,Credit Card
ORD-2024-12495,2022-08-04,CUST-1259,Robert Perez,PROD-FUR-117,Compact Computer Desk,Furniture,Desks & Tables,2,130.0,221.0,0.15,13.2,North,Wisconsin,Milwaukee,Debit Card
ORD-2024-12496,2023-05-06,CUST-1205,Sarah Williams,PROD-TEC-106,Mechanical RGB Keyboard,Technology,Accessories,2,75.0,135.0,0.1,32.5,West,California,San Francisco,UPI / Net Banking
ORD-2024-12497,2023-09-10,CUST-1015,Sarah Smith,PROD-OFF-122,Executive Hardcover Notebook 3-Pack,Office Supplies,Paper & Stationary,4,24.0,91.2,0.05,36.2,West,California,Los Angeles,Credit Card
ORD-2024-12498,2023-06-20,CUST-1330,Steven Robinson,PROD-OFF-125,3-Drawer Mobile File Cabinet,Office Supplies,Storage & Organization,1,145.0,123.25,0.15,14.85,West,California,Los Angeles,Credit Card
ORD-2023-12499,2023-02-02,CUST-1367,Edward Johnson,PROD-TEC-103,27-Inch 4K UHD Monitor,Technology,Laptops & Monitors,2,350.0,595.0,0.15,86.0,East,New York,New York City,UPI / Net Banking
ORD-2022-12500,2023-02-01,CUST-1284,Kevin Flores,PROD-FUR-115,Adjustable Drafting Stool,Furniture,Chairs & Stools,5,110.0,412.5,0.25,-8.0,West,California,San Francisco,Credit Card
ORD-2024-12501,2023-04-11,CUST-1024,Kenneth Taylor,PROD-FUR-116,Electric Dual-Motor Standing Desk,Furniture,Desks & Tables,2,450.0,900.0,0.0,157.0,East,Pennsylvania,Philadelphia,Debit Card
ORD-2024-12502,2024-06-04,CUST-1116,Dorothy Brown,PROD-FUR-113,Ergonomic Executive Mesh Chair,Furniture,Chairs & Stools,2,240.0,384.0,0.2,-5.0,East,Pennsylvania,Philadelphia,Debit Card
ORD-2022-12503,2024-05-10,CUST-1413,Ashley Lee,PROD-FUR-114,High-Back Leather Gaming Chair,Furniture,Chairs & Stools,3,290.0,739.5,0.15,20.1,South,Florida,Miami,PayPal
ORD-2024-12504,2022-02-03,CUST-1184,Michael Jones,PROD-TEC-109,Noise Canceling Headphones,Technology,Phones & Audio,5,199.0,995.0,0.0,290.5,West,California,Los Angeles,Credit Card
ORD-2024-12505,2024-04-21,CUST-1144,James Garcia,PROD-FUR-117,Compact Computer Desk,Furniture,Desks & Tables,1,130.0,130.0,0.0,24.6,East,New York,New York City,Credit Card
ORD-2022-12506,2022-11-12,CUST-1248,Michael Hill,PROD-TEC-104,24-Inch IPS FHD Monitor,Technology,Laptops & Monitors,1,180.0,180.0,0.0,50.0,North,Wisconsin,Milwaukee,Credit Card
ORD-2023-12507,2024-05-21,CUST-1026,Steven Davis,PROD-FUR-113,Ergonomic Executive Mesh Chair,Furniture,Chairs & Stools,3,240.0,720.0,0.0,138.0,North,Minnesota,Minneapolis,UPI / Net Banking
ORD-2024-12508,2023-09-09,CUST-1039,Daniel Wilson,PROD-TEC-103,27-Inch 4K UHD Monitor,Technology,Laptops & Monitors,3,350.0,945.0,0.1,183.0,East,Massachusetts,Boston,Cash on Delivery
ORD-2022-12509,2023-10-17,CUST-1155,Elizabeth Gonzalez,PROD-FUR-118,Solid Wood Conference Table,Furniture,Desks & Tables,4,850.0,2720.0,0.2,-177.0,Central,Texas,Austin,Credit Card
ORD-2022-12510,2024-02-19,CUST-1119,Robert Allen,PROD-OFF-128,Precision Cutting Mat & Knife Set,Office Supplies,Art & Craft,5,22.0,110.0,0.0,44.8,Central,Texas,Dallas,Credit Card
ORD-2023-12511,2023-05-07,CUST-1112,Mary Nguyen,PROD-HOM-132,Non-Stick Ceramic Cookware 10-Piece,Home & Kitchen,Cookware & Dining,5,180.0,900.0,0.0,280.0,East,New York,Buffalo,Debit Card
ORD-2022-12512,2023-09-08,CUST-1361,Thomas Garcia,PROD-TEC-110,True Wireless Earbuds,Technology,Phones & Audio,3,89.0,240.3,0.1,60.75,East,Massachusetts,Boston,Credit Card
ORD-2022-12513,2022-05-20,CUST-1290,John Thomas,PROD-TEC-106,Mechanical RGB Keyboard,Technology,Accessories,3,75.0,135.0,0.4,-17.25,South,Georgia,Atlanta,Debit Card
ORD-2022-12514,2022-08-21,CUST-1090,James Hill,PROD-FUR-120,Modern Modular Bookshelf,Furniture,Bookcases,5,210.0,997.5,0.05,170.5,West,California,Los Angeles,Debit Card
ORD-2023-12515,2023-07-05,CUST-1127,Michael Miller,PROD-OFF-128,Precision Cutting Mat & Knife Set,Office Supplies,Art & Craft,2,22.0,37.4,0.15,9.52,West,Washington,Seattle,Credit Card
ORD-2023-12516,2023-12-28,CUST-1131,George Brown,PROD-OFF-125,3-Drawer Mobile File Cabinet,Office Supplies,Storage & Organization,1,145.0,145.0,0.0,36.6,Central,Texas,Houston,Credit Card
ORD-2022-12517,2023/10/05,CUST-1250,George Lee,PROD-FUR-118,Solid Wood Conference Table,Furniture,Desks & Tables,1,850.0,765.0,0.1,38.5,Central,Ohio,Columbus,PayPal
ORD-2022-12518,2022-03-20,CUST-1263,Paul Martin,PROD-TEC-107,USB-C Multi-Port Hub,Technology,Accessories,2,45.0,72.0,0.2,17.5,North,Minnesota,Minneapolis,PayPal
ORD-2022-12519,2024-03-17,CUST-1391,Kevin White,PROD-FUR-120,Modern Modular Bookshelf,Furniture,Bookcases,3,210.0,630.0,0.0,132.6,North,Minnesota,Minneapolis,Credit Card
ORD-2024-12520,2022-07-28,CUST-1356,Thomas Harris,PROD-HOM-132,Non-Stick Ceramic Cookware 10-Piece,Home & Kitchen,Cookware & Dining,1,180.0,171.0,0.05,44.6,East,Massachusetts,Boston,Cash on Delivery
ORD-2024-12521,2023-02-19,CUST-1148,Susan Sanchez,PROD-FUR-116,Electric Dual-Motor Standing Desk,Furniture,Desks & Tables,2,450.0,855.0,0.05,112.0,Central,Texas,Houston,Debit Card
ORD-2024-12522,2022-01-31,CUST-1295,Richard Harris,PROD-OFF-125,3-Drawer Mobile File Cabinet,Office Supplies,Storage & Organization,1,145.0,130.5,0.1,22.1,Central,Texas,Houston,Debit Card
ORD-2024-12523,2023-01-22,CUST-1213,Brian Martinez,PROD-OFF-127,Professional Acrylic Paint Set,Office Supplies,Art & Craft,3,42.0,126.0,0.0,46.92,East,Massachusetts,Boston  ,Credit Card
ORD-2023-12524,2022-06-28,CUST-1416,Thomas Perez,PROD-TEC-103,27-Inch 4K UHD Monitor,Technology,Laptops & Monitors,2,350.0,595.0,0.15,86.0,South,Florida,Orlando,Credit Card
ORD-2024-12525,2023-08-26,CUST-1279,Donald Wilson,PROD-TEC-103,27-Inch 4K UHD Monitor,Technology,Laptops & Monitors,2,350.0,630.0,0.1,121.0,East,New York,New York City,Credit Card
ORD-2023-12526,2023-05-15,CUST-1184,Michael Jones,PROD-TEC-102,UltraSlim 14 Inch Notebook,Technology,Laptops & Monitors,8,1100.0,7920.0,0.1,1309.0,North,Michigan,Detroit,Credit Card
ORD-2023-12527,2022-05-04,CUST-1141,Robert Lewis,PROD-FUR-119,5-Shelf Ladder Bookcase,Furniture,Bookcases,3,140.0,420.0,0.0,99.0,West,California,Los Angeles,Debit Card
ORD-2023-12528,2023-01-05,CUST-1223,Daniel Scott,PROD-FUR-120,Modern Modular Bookshelf,Furniture,Bookcases,1,210.0,210.0,0.0,42.2,West,California,San Francisco,Credit Card
ORD-2022-12529,2023-01-24,CUST-1112,Mary Nguyen,PROD-TEC-105,Wireless Ergonomic Mouse,Technology,Accessories,3,35.0,99.75,0.05,30.75,East,Pennsylvania,Philadelphia,Credit Card
ORD-2022-12530,2023-10-17,CUST-1094,Jessica Brown,PROD-HOM-132,Non-Stick Ceramic Cookware 10-Piece,Home & Kitchen,Cookware & Dining,1,180.0,162.0,0.1,35.6,East,Massachusetts,Boston,PayPal
ORD-2022-12531,2024-05-28,CUST-1406, Sarah Lee ,PROD-HOM-136,Weighted Cooling Blanket 15lbs,Home & Kitchen,Bedding & Decor,1,95.0,95.0,0.0,29.25,South,Georgia,Atlanta,PayPal
ORD-2022-12532,2024-05-01,CUST-1401,Carol Moore,PROD-FUR-118,Solid Wood Conference Table,Furniture,Desks & Tables,1,850.0,722.5,0.15,-4.0,West,California,San Diego,UPI / Net Banking
ORD-2024-12533,2022-08-23,CUST-1294,Joshua Torres,PROD-TEC-101,ProBook 15.6 Inch Laptop,Technology,Laptops & Monitors,3,850.0,2295.0,0.1,300.0,North,Minnesota,Minneapolis,Credit Card
ORD-2023-12534,2024-01-19,CUST-1379,Karen Miller,PROD-TEC-106,Mechanical RGB Keyboard,Technology,Accessories,3,75.0,213.75,0.05,61.5,East,Pennsylvania,Philadelphia,Credit Card
ORD-2023-12535,2023-12-15,CUST-1401,Carol Moore,PROD-HOM-130,Programmable Drip Coffee Maker,Home & Kitchen,Appliances,1,75.0,67.5,0.1,14.75,Central,Ohio,Columbus,Debit Card
ORD-2022-12536,2022-10-24,CUST-1008,Mary Garcia,PROD-OFF-121,Premium Multipurpose Copy Paper 5 Reams,Office Supplies,Paper & Stationary,1,38.0,36.1,0.05,11.2,North,Minnesota,Minneapolis,Credit Card
ORD-2024-12537,2023-06-26,CUST-1412,Nancy Johnson,PROD-OFF-124,Heavy-Duty Plastic Storage Bins 4-Pack,Office Supplies,Storage & Organization,3,55.0,140.25,0.15,35.25,South,Florida,Miami,Debit Card
ORD-2022-12538,2023-08-20,CUST-1044,David Robinson,PROD-OFF-121,Premium Multipurpose Copy Paper 5 Reams,Office Supplies,Paper & Stationary,4,38.0,152.0,0.0,61.4,South,Florida,Miami,Credit Card
ORD-2022-12539,2024-03-30,CUST-1008,Mary Garcia,PROD-HOM-132,Non-Stick Ceramic Cookware 10-Piece,Home & Kitchen,Cookware & Dining,1,180.0,180.0,0.0,53.6,South,Florida,Miami,Debit Card
ORD-2023-12540,2022-11-05,CUST-1066,Linda Martinez,PROD-OFF-122,Executive Hardcover Notebook 3-Pack,Office Supplies,Paper & Stationary,1,24.0,24.0,0.0,8.0,North,Minnesota,Minneapolis,UPI / Net Banking
ORD-2023-12541,2024-04-21,CUST-1297,Jessica Martinez,PROD-FUR-113,Ergonomic Executive Mesh Chair,Furniture,Chairs & Stools,2,240.0,432.0,0.1,43.0,West,California,San Francisco,Credit Card
ORD-2022-12542,2022-01-13,CUST-1207,Deborah Rodriguez,PROD-TEC-103,27-Inch 4K UHD Monitor,Technology,Laptops & Monitors,5,350.0,1750.0,0.0,482.0,West,California,Los Angeles,Credit Card
ORD-2024-12543,2023-12-09,CUST-1172,Jennifer Clark,PROD-TEC-102,UltraSlim 14 Inch Notebook,Technology,Laptops & Monitors,2,1100.0,2090.0,0.05,435.0,West,California,San Diego,Credit Card
ORD-2022-12544,2022-01-28,CUST-1207,Deborah Rodriguez,PROD-OFF-127,Professional Acrylic Paint Set,Office Supplies,Art & Craft,2,42.0,84.0,0.0,30.28,East,Massachusetts,Boston,Credit Card
ORD-2022-12545,2022-04-08,CUST-1441,Christopher Davis,PROD-OFF-126,Desktop Document Organizer,Office Supplies,Storage & Organization,3,28.0,79.8,0.05,27.6,Central,Texas,Dallas,PayPal
ORD-2022-12546,2022-10-12,CUST-1020,Edward Perez,PROD-TEC-103,27-Inch 4K UHD Monitor,Technology,Laptops & Monitors,3,350.0,997.5,0.05,235.5,West,California,San Diego,Credit Card
ORD-2023-12547,2022-05-24,CUST-1336,Matthew Walker,PROD-TEC-102,UltraSlim 14 Inch Notebook,Technology,Laptops & Monitors,3,1100.0,3135.0,0.05,654.0,South,Florida,Miami,UPI / Net Banking
ORD-2022-12548,2022-09-20,CUST-1274,Karen Jackson,PROD-FUR-120,Modern Modular Bookshelf,Furniture,Bookcases,1,210.0,210.0,0.0,42.2,Central,Texas,Houston,Credit Card
ORD-2023-12549,2022-04-30,CUST-1408,Sarah Lewis,PROD-FUR-114,High-Back Leather Gaming Chair,Furniture,Chairs & Stools,1,290.0,232.0,0.2,-9.8,East,New York,Buffalo,UPI / Net Banking
ORD-2023-12550,2022-05-10,CUST-1111,Robert Perez,PROD-FUR-120,Modern Modular Bookshelf,Furniture,Bookcases,3,210.0,535.5,0.15,38.1,East,New York,Buffalo,Credit Card
ORD-2022-12551,2022-06-27,CUST-1136,Richard Gonzalez,PROD-HOM-133,Stainless Steel Chef Knife 8-Inch,Home & Kitchen,Cookware & Dining,2,45.0,90.0,0.0,35.5,West,Washington,Seattle,Credit Card
ORD-2023-12552,2022-09-11,CUST-1224,Anthony Flores,PROD-HOM-130,Programmable Drip Coffee Maker,Home & Kitchen,Appliances,1,75.0,75.0,0.0,22.25,South,North Carolina,Charlotte,Credit Card
ORD-2024-12553,2023-01-05,CUST-1091,Christopher Young,PROD-HOM-131,Compact HEPA Air Purifier,Home & Kitchen,Appliances,1,130.0,117.0,0.1,19.4,North,Michigan,Detroit,Credit Card
ORD-2023-12554,2023-01-15,CUST-1417,Sarah Hill,PROD-OFF-122,Executive Hardcover Notebook 3-Pack,Office Supplies,Paper & Stationary,1,24.0,22.8,0.05,6.8,North,Wisconsin,Milwaukee,PayPal
ORD-2022-12555,2024-06-12,CUST-1328,Robert Clark,PROD-HOM-133,Stainless Steel Chef Knife 8-Inch,Home & Kitchen,Cookware & Dining,3,45.0,135.0,0.0,54.75,Central,Illinois,Chicago,Credit Card
ORD-2023-12556,2022-08-13,CUST-1128,Kevin Ramirez,PROD-OFF-126,Desktop Document Organizer,Office Supplies,Storage & Organization,3,28.0,75.6,0.1,23.4,North,Wisconsin,Milwaukee,Credit Card
ORD-2023-12557,2023-03-21,CUST-1369,Mary Flores,PROD-OFF-121,Premium Multipurpose Copy Paper 5 Reams,Office Supplies,Paper & Stationary,1,38.0,36.1,0.05,11.2,Central,Texas,Houston,PayPal
ORD-2024-12558,2024-06-20,CUST-1393,Carol Perez,PROD-HOM-136,Weighted Cooling Blanket 15lbs,Home & Kitchen,Bedding & Decor,1,95.0,95.0,0.0,29.25,West,California,San Diego,Credit Card
ORD-2023-12559,2023-05-21,CUST-1304,Emily Thomas,PROD-TEC-110,True Wireless Earbuds,Technology,Phones & Audio,4,89.0,338.2,0.05,99.8,South,Georgia,Atlanta,Debit Card
ORD-2023-12560,2022-07-21,CUST-1382,Amanda Harris,PROD-HOM-136,Weighted Cooling Blanket 15lbs,Home & Kitchen,Bedding & Decor,3,95.0,285.0,0.0,93.75,South,Florida,Orlando,Credit Card
ORD-2024-12561,2023-03-16,CUST-1127,Michael Miller,PROD-TEC-102,UltraSlim 14 Inch Notebook,Technology,Laptops & Monitors,2,1100.0,2200.0,0.0,545.0,West,Washington,Seattle,Credit Card
ORD-2024-12562,2022-08-31,CUST-1316,Joshua Moore,PROD-HOM-135,100% Organic Cotton Sheet Set Queen,Home & Kitchen,Bedding & Decor,1,85.0,59.5,0.3,2.8,East,New York,New York City,PayPal
ORD-2023-12563,2024-03-11,CUST-1264,Kevin Clark,PROD-FUR-113,Ergonomic Executive Mesh Chair,Furniture,Chairs & Stools,8,240.0,1920.0,0.0,373.0,Central,Texas,Dallas,Credit Card
ORD-2022-12564,2023-04-28,CUST-1354,William Robinson,PROD-TEC-111,Bluetooth Conference Speaker,Technology,Phones & Audio,1,120.0,114.0,0.05,28.4,North,Michigan,Detroit,Credit Card
ORD-2024-12565,2022-01-20,CUST-1285,Nancy Garcia,PROD-TEC-109,Noise Canceling Headphones,Technology,Phones & Audio,2,199.0,378.1,0.05,94.5,South,North Carolina,Charlotte,Credit Card
ORD-2023-12566,2024-03-13,CUST-1101,Emily Hernandez,PROD-FUR-120,Modern Modular Bookshelf,Furniture,Bookcases,3,210.0,567.0,0.1,69.6,Central,Texas,Dallas,UPI / Net Banking
ORD-2024-12567,2022-06-18,CUST-1199,Charles Hill,PROD-FUR-119,5-Shelf Ladder Bookcase,Furniture,Bookcases,4,140.0,560.0,0.0,133.0,West,California,San Diego,Credit Card
ORD-2024-12568,2023-08-23,CUST-1441,Christopher Davis,PROD-FUR-120,Modern Modular Bookshelf,Furniture,Bookcases,1,210.0,199.5,0.05,31.7,West,California,Los Angeles,Debit Card
ORD-2024-12569,2022-04-23,CUST-1093,Lisa Martin,PROD-OFF-127,Professional Acrylic Paint Set,Office Supplies,Art & Craft,8,42.0,336.0,0.0,130.12,North,Wisconsin,Milwaukee,Debit Card
ORD-2024-12570,2022-01-27,CUST-1211,Emily Smith,PROD-HOM-136,Weighted Cooling Blanket 15lbs,Home & Kitchen,Bedding & Decor,3,95.0,242.25,0.15,51.0,West,California,San Francisco,Debit Card
ORD-2022-12571,2022-12-25,CUST-1403,Deborah Walker,PROD-TEC-102,UltraSlim 14 Inch Notebook,Technology,Laptops & Monitors,2,1100.0,2200.0,0.0,545.0,North,Michigan,Detroit,PayPal
ORD-2022-12572,2022-07-19,CUST-1116,Dorothy Brown,PROD-FUR-115,Adjustable Drafting Stool,Furniture,Chairs & Stools,1,110.0,110.0,0.0,23.5,West,California,San Diego,Credit Card
ORD-2022-12573,2023-12-04,CUST-1141,Robert Lewis,PROD-HOM-135,100% Organic Cotton Sheet Set Queen,Home & Kitchen,Bedding & Decor,3,85.0,255.0,0.0,90.9,West,California,Los Angeles,Credit Card
ORD-2022-12574,2022-03-14,CUST-1443,Edward Lopez,PROD-OFF-128,Precision Cutting Mat & Knife Set,Office Supplies,Art & Craft,1,22.0,19.8,0.1,4.36,West,Washington,Seattle,Cash on Delivery
ORD-2023-12575,2022-01-11,CUST-1145,Edward Thomas,PROD-TEC-106,Mechanical RGB Keyboard,Technology,Accessories,4,75.0,300.0,0.0,98.0,East,New York,New York City,UPI / Net Banking
ORD-2022-12576,2023-06-27,CUST-1288,Joseph Gonzalez,PROD-OFF-127,Professional Acrylic Paint Set,Office Supplies,Art & Craft,5,42.0,178.5,0.15,48.7,East,Massachusetts,Boston,Cash on Delivery
ORD-2024-12577,2023-09-09,CUST-1021,Michael Garcia,PROD-FUR-116,Electric Dual-Motor Standing Desk,Furniture,Desks & Tables,1,450.0,405.0,0.1,32.0,North,Minnesota,Minneapolis,Credit Card
ORD-2023-12578,2022-11-06,CUST-1284,Kevin Flores,PROD-FUR-117,Compact Computer Desk,Furniture,Desks & Tables,5,130.0,650.0,0.0,135.0,North,Michigan,Detroit,Credit Card
ORD-2024-12579,2023-11-19,CUST-1050,Christopher Sanchez,PROD-HOM-132,Non-Stick Ceramic Cookware 10-Piece,Home & Kitchen,Cookware & Dining,6,180.0,1080.0,0.0,336.6,Central,Ohio,Columbus,Debit Card
ORD-2022-12580,2024-05-25,CUST-1360,Sarah Clark,PROD-TEC-106,Mechanical RGB Keyboard,Technology,Accessories,2,75.0,150.0,0.0,47.5,Central,Texas,Dallas,Credit Card
ORD-2022-12581,2022-05-19,CUST-1156,Charles Wilson,PROD-HOM-130,Programmable Drip Coffee Maker,Home & Kitchen,Appliances,2,75.0,150.0,0.0,47.5,North,Wisconsin,Milwaukee,Credit Card
ORD-2023-12582,2022-04-05,CUST-1062,Betty White,PROD-TEC-109,Noise Canceling Headphones,Technology,Phones & Audio,1,199.0,199.0,0.0,55.7,West,Oregon,Portland,Credit Card
ORD-2022-12583,2024-03-02,CUST-1312,Donald Hernandez,PROD-FUR-114,High-Back Leather Gaming Chair,Furniture,Chairs & Stools,2,290.0,464.0,0.2,-16.6,Central,Texas,Dallas,Debit Card
ORD-2024-12584,2022-03-15,CUST-1123,William Torres,PROD-HOM-136,Weighted Cooling Blanket 15lbs,Home & Kitchen,Bedding & Decor,1,95.0,85.5,0.1,19.75,East,New York,New York City,PayPal
ORD-2023-12585,2022-05-06,CUST-1401,Carol Moore,PROD-FUR-119,5-Shelf Ladder Bookcase,Furniture,Bookcases,1,140.0,133.0,0.05,24.0,West,California,San Francisco,UPI / Net Banking
ORD-2022-12586,2022-03-26,CUST-1172,Jennifer Clark,PROD-FUR-114,High-Back Leather Gaming Chair,Furniture,Chairs & Stools,1,290.0,275.5,0.05,33.7,East,Pennsylvania,Philadelphia,PayPal
ORD-2023-12587,2023-07-16,CUST-1130,Anthony Robinson,PROD-OFF-123,Gel Ink Pens Box of 24,Office Supplies,Paper & Stationary,5,15.0,71.25,0.05,29.5,West,California,San Diego,UPI / Net Banking
ORD-2022-12588,2022-01-03,CUST-1072,Kimberly Taylor,PROD-OFF-124,Heavy-Duty Plastic Storage Bins 4-Pack,Office Supplies,Storage & Organization,2,55.0,104.5,0.05,33.5,Central,Texas,Austin,PayPal
ORD-2024-12589,2023-09-21,CUST-1142,Emily Miller,PROD-HOM-134,Insulated Stainless Steel Tumbler 30oz,Home & Kitchen,Cookware & Dining,1,25.0,21.25,0.15,4.75,West,Oregon,Portland,Credit Card
ORD-2024-12590,2022-08-15,CUST-1030,Lisa Torres,PROD-TEC-102,UltraSlim 14 Inch Notebook,Technology,Laptops & Monitors,4,1100.0,4400.0,0.0,1093.0,East,Pennsylvania,Philadelphia,Debit Card
ORD-2024-12591,2023-02-16,CUST-1107,Betty White,PROD-OFF-124,Heavy-Duty Plastic Storage Bins 4-Pack,Office Supplies,Storage & Organization,5,55.0,220.0,0.2,47.0,North,Minnesota,Minneapolis,UPI / Net Banking
ORD-2024-12592,2022-03-30,CUST-1234,Mark Anderson,PROD-TEC-110,True Wireless Earbuds,Technology,Phones & Audio,1,89.0,89.0,0.0,27.15,South,North Carolina,Charlotte,Credit Card
ORD-2022-12593,2023-05-03,CUST-1012,Richard Wright,PROD-TEC-103,27-Inch 4K UHD Monitor,Technology,Laptops & Monitors,3,350.0,945.0,0.1,183.0,West,California,Los Angeles,UPI / Net Banking
ORD-2023-12594,2023-06-06,CUST-1332,Susan Clark,PROD-OFF-127,Professional Acrylic Paint Set,Office Supplies,Art & Craft,2,42.0,79.8,0.05,26.08,North,Michigan,Detroit,Debit Card
ORD-2022-12595,2022-01-04,CUST-1327,Dorothy Wilson,PROD-OFF-127,Professional Acrylic Paint Set,Office Supplies,Art & Craft,1,42.0,39.9,0.05,11.54,South,North Carolina,Charlotte,PayPal
ORD-2023-12596,2022-05-19,CUST-1275,Susan Ramirez,PROD-TEC-110,True Wireless Earbuds,Technology,Phones & Audio,4,89.0,320.4,0.1,82.0,West,California,Los Angeles,UPI / Net Banking
ORD-2024-12597,2022-06-15,CUST-1072,Kimberly Taylor,PROD-FUR-115,Adjustable Drafting Stool,Furniture,Chairs & Stools,5,110.0,550.0,0.0,129.5,East,New York,Buffalo,Cash on Delivery
ORD-2023-12598,2022-12-01,CUST-1444,Richard Wilson,PROD-TEC-110,True Wireless Earbuds,Technology,Phones & Audio,4,89.0,284.8,0.2,46.4,South,Florida,Orlando,Debit Card
ORD-2022-12599,2024-01-14,CUST-1385,Brian Thomas,PROD-HOM-136,Weighted Cooling Blanket 15lbs,Home & Kitchen,Bedding & Decor,3,95.0,270.75,0.05,79.5,East,Pennsylvania,Philadelphia,PayPal
ORD-2022-12600,2022-09-10,CUST-1178,Betty Rodriguez,PROD-TEC-102,UltraSlim 14 Inch Notebook,Technology,Laptops & Monitors,2,1100.0,1980.0,0.1,325.0,West,California,San Diego,Debit Card
ORD-2024-12601,2023-06-28,CUST-1304,Emily Thomas,PROD-TEC-109,Noise Canceling Headphones,Technology,Phones & Audio,1,199.0,199.0,0.0,55.7,East,New York,New York City,Credit Card
ORD-2023-12602,2023-07-24,CUST-1021,Michael Garcia,PROD-HOM-130,Programmable Drip Coffee Maker,Home & Kitchen,Appliances,8,75.0,600.0,0.0,199.0,West,Oregon,Portland,Debit Card
ORD-2023-12603,2022-04-15,CUST-1319,Sarah Lewis,PROD-FUR-119,5-Shelf Ladder Bookcase,Furniture,Bookcases,3,140.0,420.0,0.0,99.0,South,Georgia,Atlanta,PayPal
ORD-2024-12604,2024-02-19,CUST-1049,Joseph Williams,PROD-FUR-117,Compact Computer Desk,Furniture,Desks & Tables,1,130.0,130.0,0.0,24.6,North,Minnesota,Minneapolis,PayPal
ORD-2024-12605,2022-02-07,CUST-1090,James Hill,PROD-TEC-106,Mechanical RGB Keyboard,Technology,Accessories,3,75.0,225.0,0.0,72.75,West,Oregon,Portland,Debit Card
ORD-2023-12606,2023-07-27,CUST-1329,Anthony Perez,PROD-TEC-102,UltraSlim 14 Inch Notebook,Technology,Laptops & Monitors,1,1100.0,1045.0,0.05,216.0,Central,Texas,Houston,Credit Card
ORD-2024-12607,2023-09-28,CUST-1372,Kevin Davis,PROD-HOM-129,Digital Touchscreen Air Fryer 5.8Qt,Home & Kitchen,Appliances,4,110.0,374.0,0.15,59.0,West,California,San Diego,UPI / Net Banking
ORD-2023-12608,2024-04-13,CUST-1170,Donna Hill,PROD-HOM-136,Weighted Cooling Blanket 15lbs,Home & Kitchen,Bedding & Decor,1,95.0,80.75,0.15,15.0,East,Pennsylvania,Philadelphia,Credit Card
ORD-2022-12609,2023-07-12,CUST-1389,John Thompson,PROD-FUR-118,Solid Wood Conference Table,Furniture,Desks & Tables,3,850.0,2422.5,0.05,249.0,North,Michigan,Detroit,Credit Card
ORD-2024-12610,2022-02-20,CUST-1354,William Robinson,PROD-FUR-120,Modern Modular Bookshelf,Furniture,Bookcases,1,210.0,199.5,0.05,31.7,West,California,San Diego,Credit Card
ORD-2024-12611,2022-02-19,CUST-1199,Charles Hill,PROD-OFF-122,Executive Hardcover Notebook 3-Pack,Office Supplies,Paper & Stationary,3,24.0,61.2,0.15,19.2,South,North Carolina,Charlotte,Cash on Delivery
ORD-2022-12612,2023-02-13,CUST-1163,David Brown,PROD-TEC-110,True Wireless Earbuds,Technology,Phones & Audio,1,89.0,80.1,0.1,18.25,West,Washington,Seattle,PayPal
ORD-2024-12613,2022-03-01,CUST-1072,Kimberly Taylor,PROD-OFF-123,Gel Ink Pens Box of 24,Office Supplies,Paper & Stationary,2,15.0,15.0,0.5,-3.5,Central,Texas,Houston,Cash on Delivery
ORD-2022-12614,2023-10-18,CUST-1314,Donald Taylor,PROD-OFF-126,Desktop Document Organizer,Office Supplies,Storage & Organization,4,28.0,89.6,0.2,21.0,South,Georgia,Atlanta,Debit Card
ORD-2022-12615,2023-06-29,CUST-1145,Edward Thomas,PROD-TEC-112,Smart Fitness Watch,Technology,Phones & Audio,1,149.0,149.0,0.0,37.72,East,New York,Buffalo,Debit Card
ORD-2022-12616,2022-10-08,CUST-1041,Brian Jones,PROD-HOM-130,Programmable Drip Coffee Maker,Home & Kitchen,Appliances,2,75.0,142.5,0.05,40.0,North,Wisconsin,Milwaukee,UPI / Net Banking
ORD-2024-12617,2022-04-21,CUST-1168,Betty Davis,PROD-HOM-135,100% Organic Cotton Sheet Set Queen,Home & Kitchen,Bedding & Decor,1,85.0,85.0,0.0,28.3,West,California,San Diego,Credit Card
ORD-2023-12618,2023-07-31,CUST-1415,Susan Thompson,PROD-OFF-125,3-Drawer Mobile File Cabinet,Office Supplies,Storage & Organization,4,145.0,551.0,0.05,126.4,Central,Illinois,Chicago,UPI / Net Banking
ORD-2022-12619,2023-11-04,CUST-1074,Amanda Davis,PROD-OFF-122,Executive Hardcover Notebook 3-Pack,Office Supplies,Paper & Stationary,4,24.0,96.0,0.0,41.0,Central,Ohio,Columbus,Debit Card
ORD-2022-12620,2023-06-22,CUST-1199,Charles Hill,PROD-FUR-115,Adjustable Drafting Stool,Furniture,Chairs & Stools,1,110.0,110.0,0.0,23.5,West,California,Los Angeles,Credit Card
ORD-2024-12621,2023-09-25,CUST-1308,Emily Hill,PROD-TEC-106,Mechanical RGB Keyboard,Technology,Accessories,1,75.0,67.5,0.1,14.75,South,North Carolina,Charlotte,Credit Card
ORD-2022-12622,2022-11-06,CUST-1045,Matthew Moore,PROD-OFF-127,Professional Acrylic Paint Set,Office Supplies,Art & Craft,1,42.0,35.7,0.15,7.34,East,Massachusetts,Boston,UPI / Net Banking
ORD-2022-12623,2023-02-20,CUST-1196,Linda Miller,PROD-FUR-114,High-Back Leather Gaming Chair,Furniture,Chairs & Stools,3,290.0,870.0,0.0,150.6,East,Massachusetts,Boston,Credit Card
ORD-2022-12624,2022-08-09,CUST-1063,Joseph Rodriguez,PROD-FUR-115,Adjustable Drafting Stool,Furniture,Chairs & Stools,1,110.0,110.0,0.0,23.5,Central,Ohio,Columbus,Credit Card
ORD-2022-12625,2022-06-04,CUST-1024,Kenneth Taylor,PROD-OFF-127,Professional Acrylic Paint Set,Office Supplies,Art & Craft,2,42.0,79.8,0.05,26.08,West,California,Los Angeles,Credit Card
ORD-2024-12626,2022-08-20,CUST-1251,Margaret Hill,PROD-HOM-132,Non-Stick Ceramic Cookware 10-Piece,Home & Kitchen,Cookware & Dining,1,180.0,180.0,0.0,53.6,South,Florida,Miami  ,Credit Card
ORD-2023-12627,2023-03-17,CUST-1051,Sarah Jones,PROD-OFF-125,3-Drawer Mobile File Cabinet,Office Supplies,Storage & Organization,4,145.0,551.0,0.05,126.4,West,California,San Francisco,Debit Card
ORD-2022-12628,2023-06-11,CUST-1379,Karen Miller,PROD-OFF-124,Heavy-Duty Plastic Storage Bins 4-Pack,Office Supplies,Storage & Organization,3,55.0,165.0,0.0,60.0,East,Pennsylvania,Philadelphia,Debit Card
ORD-2022-12629,2022-08-21,CUST-1001,Joshua Davis,PROD-FUR-119,5-Shelf Ladder Bookcase,Furniture,Bookcases,1,140.0,133.0,0.05,24.0,Central,Texas,Austin,Debit Card
ORD-2024-12630,2023-10-05,CUST-1240,Sarah Jones,PROD-HOM-130,Programmable Drip Coffee Maker,Home & Kitchen,Appliances,3,75.0,213.75,0.05,61.5,South,Florida,Miami,PayPal
ORD-2022-12631,2024-03-12,CUST-1379,Karen Miller,PROD-TEC-108,HD Pro Webcam 1080p,Technology,Accessories,2,65.0,117.0,0.1,31.4,South,Georgia,Atlanta,Debit Card
ORD-2022-12632,2023-11-18,CUST-1232,Brian Miller,PROD-HOM-132,Non-Stick Ceramic Cookware 10-Piece,Home & Kitchen,Cookware & Dining,2,180.0,306.0,0.15,56.2,Central,Texas,Dallas,Credit Card
ORD-2024-12633,2024-02-17,CUST-1215,Lisa Nguyen,PROD-TEC-105,Wireless Ergonomic Mouse,Technology,Accessories,5,35.0,175.0,0.0,62.0,South,Florida,Orlando,PayPal
ORD-2023-12634,2023-07-15,CUST-1029,Joshua Flores,PROD-OFF-127,Professional Acrylic Paint Set,Office Supplies,Art & Craft,6,42.0,252.0,0.0,96.84,Central,Illinois,Chicago,Debit Card
ORD-2023-12635,2023-05-05,CUST-1321,Jessica Moore,PROD-HOM-136,Weighted Cooling Blanket 15lbs,Home & Kitchen,Bedding & Decor,1,95.0,95.0,0.0,29.25,Central,Texas,Dallas,Debit Card
ORD-2022-12636,2022-06-04,CUST-1102,Thomas King,PROD-HOM-132,Non-Stick Ceramic Cookware 10-Piece,Home & Kitchen,Cookware & Dining,1,180.0,162.0,0.1,35.6,South,Florida,Miami,PayPal
ORD-2024-12637,2024-01-08,CUST-1146,David Clark,PROD-HOM-133,Stainless Steel Chef Knife 8-Inch,Home & Kitchen,Cookware & Dining,5,45.0,213.75,0.05,82.0,North,Minnesota,Minneapolis,UPI / Net Banking
ORD-2023-12638,2022-07-17,CUST-1012,Richard Wright,PROD-TEC-103,27-Inch 4K UHD Monitor,Technology,Laptops & Monitors,1,350.0,350.0,0.0,94.0,West,California,Los Angeles,Debit Card
ORD-2024-12639,2023-08-02,CUST-1357,Christopher Wilson,PROD-TEC-110,True Wireless Earbuds,Technology,Phones & Audio,2,89.0,169.1,0.05,48.4,South,Florida,Orlando,Debit Card
ORD-2024-12640,2023-05-30,CUST-1436,Nancy Thompson,PROD-OFF-125,3-Drawer Mobile File Cabinet,Office Supplies,Storage & Organization,1,145.0,116.0,0.2,7.6,West,Washington,Seattle,Cash on Delivery
ORD-2022-12641,2023-05-18,CUST-1338,Karen Harris,PROD-HOM-136,Weighted Cooling Blanket 15lbs,Home & Kitchen,Bedding & Decor,1,95.0,66.5,0.3,0.75,East,New York,Buffalo,Credit Card
ORD-2022-12642,2023-06-21,CUST-1072,Kimberly Taylor,PROD-TEC-103,27-Inch 4K UHD Monitor,Technology,Laptops & Monitors,1,350.0,315.0,0.1,59.0,South,Florida,Miami,Debit Card
ORD-2022-12643,2023-12-19,CUST-1220,Daniel Wilson,PROD-OFF-126,Desktop Document Organizer,Office Supplies,Storage & Organization,5,28.0,133.0,0.05,48.0,Central,Texas,Austin,UPI / Net Banking
ORD-2022-12644,2024-04-04,CUST-1074,Amanda Davis,PROD-HOM-132,Non-Stick Ceramic Cookware 10-Piece,Home & Kitchen,Cookware & Dining,1,180.0,180.0,0.0,53.6,North,Michigan,Detroit,UPI / Net Banking
ORD-2023-12645,2024-05-04,CUST-1188,Robert Thomas,PROD-OFF-126,Desktop Document Organizer,Office Supplies,Storage & Organization,8,28.0,179.2,0.2,45.0,East,Pennsylvania,Philadelphia,PayPal
ORD-2024-12646,2022-10-28,CUST-1302,Brian King,PROD-OFF-128,Precision Cutting Mat & Knife Set,Office Supplies,Art & Craft,2,22.0,22.0,0.5,-5.88,West,California,San Francisco,Debit Card
ORD-2022-12647,2022-11-11,CUST-1209, David Lewis ,PROD-TEC-109,Noise Canceling Headphones,Technology,Phones & Audio,2,199.0,398.0,0.0,114.4,East,Pennsylvania,Philadelphia,UPI / Net Banking
ORD-2024-12648,2022-12-08,CUST-1440,Linda Gonzalez,PROD-TEC-108,HD Pro Webcam 1080p,Technology,Accessories,4,65.0,260.0,0.0,91.8,South,Florida,Orlando,Debit Card
ORD-2023-12649,2023-12-30,CUST-1253,Matthew Torres,PROD-TEC-112,Smart Fitness Watch,Technology,Phones & Audio,2,149.0,298.0,0.0,78.44,South,Florida,Orlando,PayPal
ORD-2024-12650,2024-06-17,CUST-1138,William Ramirez,PROD-TEC-109,Noise Canceling Headphones,Technology,Phones & Audio,2,199.0,358.2,0.1,74.6,East,New York,New York City,Debit Card
ORD-2022-12651,2022-07-10,CUST-1076,Edward Moore,PROD-FUR-113,Ergonomic Executive Mesh Chair,Furniture,Chairs & Stools,1,240.0,240.0,0.0,44.0,Central,Texas,Austin,UPI / Net Banking
ORD-2024-12652,2024-01-18,CUST-1358,Sandra Lee,PROD-TEC-101,ProBook 15.6 Inch Laptop,Technology,Laptops & Monitors,2,850.0,1700.0,0.0,369.0,Central,Texas,Austin,UPI / Net Banking
ORD-2023-12653,2022-04-30,CUST-1443,Edward Lopez,PROD-HOM-134,Insulated Stainless Steel Tumbler 30oz,Home & Kitchen,Cookware & Dining,3,25.0,60.0,0.2,16.5,Central,Texas,Austin,PayPal
ORD-2022-12654,2022-04-06,CUST-1150,Matthew Smith,PROD-HOM-129,Digital Touchscreen Air Fryer 5.8Qt,Home & Kitchen,Appliances,1,110.0,110.0,0.0,29.0,West,Oregon,Portland,Debit Card
ORD-2023-12655,2023-10-23,CUST-1375,Deborah White,PROD-TEC-110,True Wireless Earbuds,Technology,Phones & Audio,5,89.0,356.0,0.2,58.75,East,New York,New York City,Credit Card
ORD-2023-12656,2023-02-14,CUST-1393,Carol Perez,PROD-HOM-129,Digital Touchscreen Air Fryer 5.8Qt,Home & Kitchen,Appliances,2,110.0,220.0,0.0,61.0,Central,Illinois,Chicago,UPI / Net Banking
ORD-2024-12657,2023-03-13,CUST-1103,Kenneth Ramirez,PROD-TEC-101,ProBook 15.6 Inch Laptop,Technology,Laptops & Monitors,6,850.0,4590.0,0.1,603.0,South,Florida,Miami,Debit Card
ORD-2022-12658,2024-06-28,CUST-1369,Mary Flores,PROD-HOM-134,Insulated Stainless Steel Tumbler 30oz,Home & Kitchen,Cookware & Dining,1,25.0,23.75,0.05,7.25,Central,Texas,Austin,PayPal
ORD-2024-12659,2022-07-28,CUST-1105,Edward Gonzalez,PROD-FUR-114,High-Back Leather Gaming Chair,Furniture,Chairs & Stools,1,290.0,290.0,0.0,48.2,West,Washington,Seattle,Cash on Delivery
ORD-2024-12660,2023-07-08,CUST-1310,Michelle Allen,PROD-OFF-126,Desktop Document Organizer,Office Supplies,Storage & Organization,2,28.0,47.6,0.15,11.8,South,North Carolina,Charlotte,Credit Card
ORD-2024-12661,2023-11-25,CUST-1130,Anthony Robinson,PROD-FUR-119,5-Shelf Ladder Bookcase,Furniture,Bookcases,2,140.0,224.0,0.2,9.0,West,Washington,Seattle,UPI / Net Banking
ORD-2023-12662,2023-08-05,CUST-1367,Edward Johnson,PROD-TEC-104,24-Inch IPS FHD Monitor,Technology,Laptops & Monitors,1,180.0,180.0,0.0,50.0,South,Florida,Miami,UPI / Net Banking
ORD-2024-12663,2022-08-09,CUST-1192,Michelle King,PROD-TEC-104,24-Inch IPS FHD Monitor,Technology,Laptops & Monitors,10,180.0,1620.0,0.1,347.0,North,Wisconsin,Milwaukee,PayPal
ORD-2022-12664,2023-05-02,CUST-1177,Jessica Taylor,PROD-HOM-134,Insulated Stainless Steel Tumbler 30oz,Home & Kitchen,Cookware & Dining,4,25.0,95.0,0.05,38.0,West,California,Los Angeles,UPI / Net Banking
ORD-2024-12665,2024-01-23,CUST-1019,Elizabeth Wilson,PROD-FUR-119,5-Shelf Ladder Bookcase,Furniture,Bookcases,2,140.0,266.0,0.05,51.0,West,California,San Diego,Debit Card
ORD-2023-12666,2023-06-06,CUST-1175,Christopher Taylor,PROD-TEC-105,Wireless Ergonomic Mouse,Technology,Accessories,2,35.0,70.0,0.0,23.0,South,Florida,Orlando,Debit Card
ORD-2022-12667,2023-05-04,CUST-1159,Patricia Lee,PROD-HOM-130,Programmable Drip Coffee Maker,Home & Kitchen,Appliances,2,75.0,150.0,0.0,47.5,East,Pennsylvania,Philadelphia,Credit Card
ORD-2023-12668,2023-06-13,CUST-1163,David Brown,PROD-OFF-125,3-Drawer Mobile File Cabinet,Office Supplies,Storage & Organization,3,145.0,435.0,0.0,115.8,North,Minnesota,Minneapolis,Credit Card
ORD-2024-12669,2022-02-08,CUST-1080,Sandra Smith,PROD-HOM-130,Programmable Drip Coffee Maker,Home & Kitchen,Appliances,1,75.0,75.0,0.0,22.25,East,New York,New York City,PayPal
ORD-2024-12670,2022-04-16,CUST-1224,Anthony Flores,PROD-TEC-106,Mechanical RGB Keyboard,Technology,Accessories,4,75.0,270.0,0.1,68.0,East,New York,New York City,Credit Card
ORD-2022-12671,2022-03-29,CUST-1292,Deborah Jones,PROD-HOM-131,Compact HEPA Air Purifier,Home & Kitchen,Appliances,2,130.0,182.0,0.3,-10.2,East,Massachusetts,Boston,PayPal
ORD-2023-12672,2022-03-09,CUST-1244,Nancy Johnson,PROD-TEC-103,27-Inch 4K UHD Monitor,Technology,Laptops & Monitors,2,350.0,700.0,0.0,191.0,West,California,San Diego,Credit Card
ORD-2023-12673,2023-10-22,CUST-1277,Carol Lee,PROD-TEC-105,Wireless Ergonomic Mouse,Technology,Accessories,4,35.0,140.0,0.0,49.0,Central,Ohio,Columbus,Credit Card
ORD-2022-12674,2022-09-11,CUST-1297,Jessica Martinez,PROD-HOM-133,Stainless Steel Chef Knife 8-Inch,Home & Kitchen,Cookware & Dining,6,45.0,270.0,0.0,112.5,South,Florida,Orlando,PayPal
ORD-2024-12675,2023-05-09,CUST-1172,Jennifer Clark,PROD-HOM-136,Weighted Cooling Blanket 15lbs,Home & Kitchen,Bedding & Decor,6,95.0,541.5,0.05,162.0,Central,Illinois,Chicago,Credit Card
ORD-2023-12676,2023/09/12,CUST-1445,Melissa Walker,PROD-FUR-114,High-Back Leather Gaming Chair,Furniture,Chairs & Stools,1,290.0,275.5,0.05,33.7,East,New York,New York City,Cash on Delivery
ORD-2022-12677,2024-04-25,CUST-1237,Joseph Anderson,PROD-TEC-112,Smart Fitness Watch,Technology,Phones & Audio,1,149.0,141.55,0.05,30.27,Central,Texas,Dallas,Debit Card
ORD-2022-12678,2023-10-16,CUST-1190,David Lewis,PROD-TEC-104,24-Inch IPS FHD Monitor,Technology,Laptops & Monitors,3,180.0,540.0,0.0,156.0,Central,Texas,Houston,Credit Card
ORD-2022-12679,2022/01/05,CUST-1412,Nancy Johnson,PROD-HOM-135,100% Organic Cotton Sheet Set Queen,Home & Kitchen,Bedding & Decor,6,85.0,433.5,0.15,108.3,North,Minnesota,Minneapolis,Credit Card
ORD-2022-12680,2024-06-26,CUST-1370,Elizabeth Thomas,PROD-TEC-101,ProBook 15.6 Inch Laptop,Technology,Laptops & Monitors,1,850.0,850.0,0.0,183.0,East,Massachusetts,Boston,Credit Card
ORD-2023-12681,2023-04-26,CUST-1234,Mark Anderson,PROD-TEC-108,HD Pro Webcam 1080p,Technology,Accessories,3,65.0,195.0,0.0,68.1,West,California,Los Angeles,UPI / Net Banking
ORD-2024-12682,2023-06-01,CUST-1200,Susan Perez,PROD-FUR-113,Ergonomic Executive Mesh Chair,Furniture,Chairs & Stools,3,240.0,720.0,0.0,138.0,West,California,Los Angeles,Debit Card
ORD-2022-12683,2024-01-04,CUST-1440,Linda Gonzalez,PROD-FUR-118,Solid Wood Conference Table,Furniture,Desks & Tables,1,850.0,765.0,0.1,38.5,West,California,San Francisco,UPI / Net Banking
ORD-2023-12684,2024-01-27,CUST-1338,Karen Harris,PROD-HOM-131,Compact HEPA Air Purifier,Home & Kitchen,Appliances,3,130.0,351.0,0.1,64.2,West,Washington,Seattle,Credit Card
ORD-2023-12685,2022-05-04,CUST-1348,Sandra Rodriguez,PROD-HOM-131,Compact HEPA Air Purifier,Home & Kitchen,Appliances,3,130.0,370.5,0.05,83.7,East,New York,New York City,Credit Card
ORD-2023-12686,2023-02-21,CUST-1152,Sandra Jackson,PROD-TEC-103,27-Inch 4K UHD Monitor,Technology,Laptops & Monitors,1,350.0,297.5,0.15,41.5,East,Massachusetts,Boston,Debit Card
ORD-2024-12687,2023-01-11,CUST-1078,Linda Jackson,PROD-TEC-111,Bluetooth Conference Speaker,Technology,Phones & Audio,2,120.0,228.0,0.05,59.8,South,Georgia,Atlanta,UPI / Net Banking
ORD-2023-12688,2023-10-02,CUST-1103,Kenneth Ramirez,PROD-TEC-112,Smart Fitness Watch,Technology,Phones & Audio,2,149.0,298.0,0.0,78.44,West,California,San Francisco,Debit Card
ORD-2022-12689,2023-04-15,CUST-1011,Mary Scott,PROD-OFF-124,Heavy-Duty Plastic Storage Bins 4-Pack,Office Supplies,Storage & Organization,2,55.0,99.0,0.1,28.0,East,Pennsylvania,Philadelphia,Debit Card
ORD-2024-12690,2023-08-24,CUST-1059,Steven Taylor,PROD-TEC-106,Mechanical RGB Keyboard,Technology,Accessories,1,75.0,63.75,0.15,11.0,West,California,San Diego,PayPal
ORD-2022-12691,2023-03-06,CUST-1005,Amanda Wright,PROD-TEC-102,UltraSlim 14 Inch Notebook,Technology,Laptops & Monitors,1,1100.0,1045.0,0.05,216.0,Central,Ohio,Columbus,Credit Card
ORD-2023-12692,2022-12-11,CUST-1307,Kevin King,PROD-HOM-130,Programmable Drip Coffee Maker,Home & Kitchen,Appliances,4,75.0,270.0,0.1,68.0,Central,Ohio,Columbus,Credit Card
ORD-2023-12693,2023-05-19,CUST-1046,Joshua Scott,PROD-TEC-112,Smart Fitness Watch,Technology,Phones & Audio,2,149.0,283.1,0.05,63.54,West,California,Los Angeles,PayPal
ORD-2024-12694,2023-06-02,CUST-1212,Linda Jones,PROD-OFF-125,3-Drawer Mobile File Cabinet,Office Supplies,Storage & Organization,2,145.0,290.0,0.0,76.2,East,Pennsylvania,Philadelphia,Credit Card
ORD-2023-12695,2023-12-11,CUST-1072,Kimberly Taylor,PROD-OFF-127,Professional Acrylic Paint Set,Office Supplies,Art & Craft,1,42.0,37.8,0.1,9.44,South,North Carolina,Charlotte,Credit Card
ORD-2024-12696,2022-06-20,CUST-1369,Mary Flores,PROD-HOM-132,Non-Stick Ceramic Cookware 10-Piece,Home & Kitchen,Cookware & Dining,6,180.0,1026.0,0.05,282.6,North,Wisconsin,Milwaukee  ,PayPal
ORD-2024-12697,2022-05-25,CUST-1011,Mary Scott,PROD-HOM-135,100% Organic Cotton Sheet Set Queen,Home & Kitchen,Bedding & Decor,3,85.0,255.0,0.0,90.9,East,Massachusetts,Boston,Credit Card
ORD-2022-12698,2023-08-27,CUST-1013,Anthony Anderson,PROD-HOM-136,Weighted Cooling Blanket 15lbs,Home & Kitchen,Bedding & Decor,3,95.0,285.0,0.0,93.75,South,Georgia,Atlanta,Credit Card
ORD-2022-12699,2024-01-18,CUST-1030,Lisa Torres,PROD-FUR-113,Ergonomic Executive Mesh Chair,Furniture,Chairs & Stools,4,240.0,960.0,0.0,185.0,East,New York,Buffalo,Credit Card
ORD-2022-12700,2024-04-11,CUST-1007,Margaret Williams,PROD-TEC-106,Mechanical RGB Keyboard,Technology,Accessories,2,75.0,150.0,0.0,47.5,South,Florida,Miami,Credit Card
ORD-2022-12701,2023-07-21,CUST-1228,Mary Lopez,PROD-HOM-134,Insulated Stainless Steel Tumbler 30oz,Home & Kitchen,Cookware & Dining,2,25.0,42.5,0.15,12.5,East,New York,New York City,UPI / Net Banking
ORD-2022-12702,2023-06-24,CUST-1330,Steven Robinson,PROD-FUR-115,Adjustable Drafting Stool,Furniture,Chairs & Stools,8,110.0,880.0,0.0,209.0,West,California,San Diego,Credit Card
ORD-2022-12703,2023-10-02,CUST-1350,Mary Sanchez,PROD-TEC-104,24-Inch IPS FHD Monitor,Technology,Laptops & Monitors,3,180.0,513.0,0.05,129.0,Central,Ohio,Columbus,PayPal
ORD-2023-12704,2022-04-01,CUST-1125,Jessica Walker,PROD-OFF-127,Professional Acrylic Paint Set,Office Supplies,Art & Craft,1,42.0,35.7,0.15,7.34,Central,Texas,Dallas,Debit Card
ORD-2022-12705,2023-11-22,CUST-1326,Brian Martinez,PROD-OFF-128,Precision Cutting Mat & Knife Set,Office Supplies,Art & Craft,5,22.0,99.0,0.1,33.8,East,New York,New York City,Debit Card
ORD-2024-12706,2022-09-20,CUST-1394,James Clark,PROD-HOM-130,Programmable Drip Coffee Maker,Home & Kitchen,Appliances,2,75.0,150.0,0.0,47.5,North,Michigan,Detroit,Credit Card
ORD-2022-12707,2022-02-07,CUST-1179,Kevin Martin,PROD-HOM-136,Weighted Cooling Blanket 15lbs,Home & Kitchen,Bedding & Decor,3,95.0,270.75,0.05,79.5,East,New York,Buffalo,UPI / Net Banking
ORD-2022-12708,2023-09-12,CUST-1230,Anthony Thomas,PROD-HOM-133,Stainless Steel Chef Knife 8-Inch,Home & Kitchen,Cookware & Dining,4,45.0,171.0,0.05,65.0,East,Pennsylvania,Philadelphia,Credit Card
ORD-2024-12709,2023-03-09,CUST-1311,Margaret Scott,PROD-FUR-115,Adjustable Drafting Stool,Furniture,Chairs & Stools,2,110.0,220.0,0.0,50.0,West,Washington,Seattle,Cash on Delivery
ORD-2023-12710,2024-04-11,CUST-1249,Margaret Thompson,PROD-OFF-128,Precision Cutting Mat & Knife Set,Office Supplies,Art & Craft,2,22.0,35.2,0.2,7.32,Central,Texas,Dallas,Debit Card
ORD-2024-12711,2023-06-28,CUST-1278,Sandra Lewis,PROD-FUR-114,High-Back Leather Gaming Chair,Furniture,Chairs & Stools,4,290.0,1102.0,0.05,143.8,South,North Carolina,Charlotte,Credit Card
ORD-2022-12712,2024-01-17,CUST-1336,Matthew Walker,PROD-OFF-126,Desktop Document Organizer,Office Supplies,Storage & Organization,1,28.0,22.4,0.2,3.0,Central,Texas,Houston,UPI / Net Banking
ORD-2023-12713,2023-06-12,CUST-1426,Carol Young,PROD-HOM-133,Stainless Steel Chef Knife 8-Inch,Home & Kitchen,Cookware & Dining,6,45.0,270.0,0.0,112.5,West,California,Los Angeles,Credit Card
ORD-2023-12714,2022-06-23,CUST-1096,Jennifer Garcia,PROD-HOM-136,Weighted Cooling Blanket 15lbs,Home & Kitchen,Bedding & Decor,3,95.0,242.25,0.15,51.0,West,Oregon,Portland,
ORD-2024-12715,2022-09-05,CUST-1414,Barbara Young,PROD-OFF-121,Premium Multipurpose Copy Paper 5 Reams,Office Supplies,Paper & Stationary,3,38.0,114.0,0.0,45.3,South,Florida,Miami,Debit Card
ORD-2024-12716,2024-05-06,CUST-1254,Richard Taylor,PROD-OFF-125,3-Drawer Mobile File Cabinet,Office Supplies,Storage & Organization,6,145.0,870.0,0.0,234.6,East,Pennsylvania,Philadelphia,Debit Card
ORD-2022-12717,2022-11-21,CUST-1016,Edward Hernandez,PROD-TEC-105,Wireless Ergonomic Mouse,Technology,Accessories,1,35.0,24.5,0.3,-0.5,East,Pennsylvania,Philadelphia,PayPal
ORD-2024-12718,2023-08-20,CUST-1097,George Young,PROD-TEC-105,Wireless Ergonomic Mouse,Technology,Accessories,2,35.0,70.0,0.0,23.0,East,New York,Buffalo,Debit Card
ORD-2024-12719,2023-06-30,CUST-1226,Jessica Hernandez,PROD-TEC-106,Mechanical RGB Keyboard,Technology,Accessories,2,75.0,150.0,0.0,47.5,North,Wisconsin,Milwaukee,Credit Card
ORD-2023-12720,2024-03-03,CUST-1023,Daniel Thompson,PROD-TEC-101,ProBook 15.6 Inch Laptop,Technology,Laptops & Monitors,2,850.0,1615.0,0.05,284.0,East,New York,Buffalo,UPI / Net Banking
ORD-2023-12721,2022-12-24,CUST-1328,Robert Clark,PROD-HOM-130,Programmable Drip Coffee Maker,Home & Kitchen,Appliances,2,75.0,150.0,0.0,47.5,West,California,Los Angeles,Debit Card
ORD-2022-12722,2024-01-19,CUST-1450,Charles Anderson,PROD-TEC-110,True Wireless Earbuds,Technology,Phones & Audio,2,89.0,160.2,0.1,39.5,East,Pennsylvania,Philadelphia,Credit Card
ORD-2023-12723,2022-06-25,CUST-1293,Sandra Clark,PROD-TEC-102,UltraSlim 14 Inch Notebook,Technology,Laptops & Monitors,4,1100.0,4400.0,0.0,1093.0,South,North Carolina,Charlotte,Credit Card
ORD-2022-12724,2023-02-22,CUST-1310,Michelle Allen,PROD-FUR-114,High-Back Leather Gaming Chair,Furniture,Chairs & Stools,4,290.0,1160.0,0.0,201.8,Central,Illinois,Chicago,Credit Card
ORD-2023-12725,2023-10-17,CUST-1101,Emily Hernandez,PROD-TEC-102,UltraSlim 14 Inch Notebook,Technology,Laptops & Monitors,1,1100.0,1100.0,0.0,271.0,East,New York,Buffalo,Credit Card
ORD-2023-12726,2023-12-20,CUST-1413,Ashley Lee,PROD-HOM-129,Digital Touchscreen Air Fryer 5.8Qt,Home & Kitchen,Appliances,2,110.0,209.0,0.05,50.0,South,Georgia,Atlanta,PayPal
ORD-2023-12727,2023-05-22,CUST-1401,Carol Moore,PROD-TEC-106,Mechanical RGB Keyboard,Technology,Accessories,3,75.0,213.75,0.05,61.5,West,California,San Diego,Debit Card
ORD-2023-12728,2022-09-19,CUST-1026,Steven Davis,PROD-OFF-125,3-Drawer Mobile File Cabinet,Office Supplies,Storage & Organization,4,145.0,580.0,0.0,155.4,East,Massachusetts,Boston,PayPal
ORD-2023-12729,2024-01-12,CUST-1034,Jennifer Anderson,PROD-FUR-118,Solid Wood Conference Table,Furniture,Desks & Tables,1,850.0,680.0,0.2,-46.5,South,North Carolina,Charlotte,Credit Card
ORD-2024-12730,2022-07-23,CUST-1342,Ashley Anderson,PROD-FUR-118,Solid Wood Conference Table,Furniture,Desks & Tables,1,850.0,807.5,0.05,81.0,Central,Ohio,Columbus,Credit Card
ORD-2023-12731,2023-11-02,CUST-1281,Melissa Hernandez,PROD-OFF-128,Precision Cutting Mat & Knife Set,Office Supplies,Art & Craft,3,22.0,62.7,0.05,22.38,West,California,San Francisco,Credit Card
ORD-2024-12732,2022-11-17,CUST-1124,Andrew Walker,PROD-TEC-110,True Wireless Earbuds,Technology,Phones & Audio,3,89.0,267.0,0.0,87.45,South,Florida,Miami,Debit Card
ORD-2024-12733,2023-09-16,CUST-1149,Patricia Hernandez,PROD-FUR-116,Electric Dual-Motor Standing Desk,Furniture,Desks & Tables,2,450.0,720.0,0.2,-23.0,South,Florida,Orlando,Credit Card
ORD-2024-12734,2022-09-15,CUST-1154,Kevin Young,PROD-FUR-116,Electric Dual-Motor Standing Desk,Furniture,Desks & Tables,1,450.0,382.5,0.15,9.5,West,Washington,Seattle,Credit Card
ORD-2024-12735,2024-03-20,CUST-1157,Patricia Nguyen,PROD-OFF-121,Premium Multipurpose Copy Paper 5 Reams,Office Supplies,Paper & Stationary,5,38.0,190.0,0.0,77.5,East,New York,New York City,Credit Card
ORD-2022-12736,2024-01-21,CUST-1422,George Clark,PROD-TEC-101,ProBook 15.6 Inch Laptop,Technology,Laptops & Monitors,3,850.0,2295.0,0.1,300.0,West,California,Los Angeles,Credit Card
ORD-2024-12737,2022-02-16,CUST-1357,Christopher Wilson,PROD-HOM-130,Programmable Drip Coffee Maker,Home & Kitchen,Appliances,1,75.0,67.5,0.1,14.75,East,Massachusetts,Boston,UPI / Net Banking
ORD-2023-12738,2023-10-13,CUST-1404,Sandra Ramirez,PROD-OFF-123,Gel Ink Pens Box of 24,Office Supplies,Paper & Stationary,1,15.0,7.5,0.5,-3.25,East,New York,New York City,PayPal
ORD-2023-12739,2022-04-23,CUST-1182,James Robinson,PROD-TEC-103,27-Inch 4K UHD Monitor,Technology,Laptops & Monitors,1,350.0,350.0,0.0,94.0,South,Florida,Orlando,UPI / Net Banking
ORD-2024-12740,2022-04-07,CUST-1160,Patricia Brown,PROD-FUR-114,High-Back Leather Gaming Chair,Furniture,Chairs & Stools,2,290.0,522.0,0.1,41.4,Central,Texas,Austin,UPI / Net Banking
ORD-2024-12741,2023-11-20,CUST-1351,Donna Torres,PROD-FUR-115,Adjustable Drafting Stool,Furniture,Chairs & Stools,1,110.0,104.5,0.05,18.0,West,California,San Francisco,Credit Card
ORD-2024-12742,2024-01-13,CUST-1052,Susan Torres,PROD-TEC-108,HD Pro Webcam 1080p,Technology,Accessories,5,65.0,325.0,0.0,115.5,East,New York,Buffalo,Debit Card
ORD-2023-12743,2022-07-09,CUST-1236,Daniel Martin,PROD-FUR-117,Compact Computer Desk,Furniture,Desks & Tables,3,130.0,390.0,0.0,79.8,West,California,San Francisco,UPI / Net Banking
ORD-2022-12744,2023-12-10,CUST-1027,Matthew Garcia,PROD-HOM-134,Insulated Stainless Steel Tumbler 30oz,Home & Kitchen,Cookware & Dining,1,25.0,22.5,0.1,6.0,South,Georgia,Atlanta,Debit Card
ORD-2023-12745,2022-03-24,CUST-1133,Patricia Sanchez,PROD-OFF-128,Precision Cutting Mat & Knife Set,Office Supplies,Art & Craft,6,22.0,118.8,0.1,41.16,West,California,Los Angeles,Debit Card
ORD-2022-12746,2023-05-04,CUST-1341,Kenneth Anderson,PROD-FUR-120,Modern Modular Bookshelf,Furniture,Bookcases,3,210.0,598.5,0.05,101.1,South,Georgia,Atlanta,Credit Card
ORD-2023-12747,2022-05-19,CUST-1243,Betty Wright,PROD-TEC-112,Smart Fitness Watch,Technology,Phones & Audio,1,149.0,149.0,0.0,37.72,East,New York,New York City,Credit Card
ORD-2022-12748,2024-05-16,CUST-1045,Matthew Moore,PROD-OFF-121,Premium Multipurpose Copy Paper 5 Reams,Office Supplies,Paper & Stationary,4,38.0,136.8,0.1,46.2,Central,Texas,Dallas,Debit Card
ORD-2023-12749,2022-09-21,CUST-1052,Susan Torres,PROD-TEC-112,Smart Fitness Watch,Technology,Phones & Audio,4,149.0,566.2,0.05,130.08,South,North Carolina,Charlotte,Credit Card
ORD-2023-12750,2022-06-13,CUST-1008,Mary Garcia,PROD-TEC-104,24-Inch IPS FHD Monitor,Technology,Laptops & Monitors,5,180.0,810.0,0.1,172.0,West,Washington,Seattle,Debit Card
ORD-2022-12751,2023-09-26,CUST-1307,Kevin King,PROD-OFF-122,Executive Hardcover Notebook 3-Pack,Office Supplies,Paper & Stationary,2,24.0,48.0,0.0,19.0,Central,Illinois,Chicago,Credit Card
ORD-2024-12752,2023-09-23,CUST-1421,Jennifer Thomas,PROD-HOM-135,100% Organic Cotton Sheet Set Queen,Home & Kitchen,Bedding & Decor,1,85.0,63.75,0.25,7.05,Central,Texas,Houston,UPI / Net Banking
ORD-2024-12753,2024-04-03,CUST-1052,Susan Torres,PROD-TEC-112,Smart Fitness Watch,Technology,Phones & Audio,3,149.0,447.0,0.0,119.16,West,California,San Francisco,PayPal
ORD-2022-12754,2022-11-12,CUST-1258,Lisa Ramirez,PROD-OFF-123,Gel Ink Pens Box of 24,Office Supplies,Paper & Stationary,6,15.0,90.0,0.0,40.5,South,Florida,Miami,UPI / Net Banking
ORD-2023-12755,2022-11-01,CUST-1188,Robert Thomas,PROD-TEC-103,27-Inch 4K UHD Monitor,Technology,Laptops & Monitors,3,350.0,787.5,0.25,25.5,West,California,San Francisco,Cash on Delivery
ORD-2023-12756,2024-02-25,CUST-1190,David Lewis,PROD-HOM-129,Digital Touchscreen Air Fryer 5.8Qt,Home & Kitchen,Appliances,3,110.0,330.0,0.0,93.0,North,Minnesota,Minneapolis,Debit Card
ORD-2022-12757,2024-02-06,CUST-1147,Ashley Walker,PROD-FUR-117,Compact Computer Desk,Furniture,Desks & Tables,2,130.0,247.0,0.05,39.2,East,New York,Buffalo,Debit Card
ORD-2024-12758,2023-01-17,CUST-1116,Dorothy Brown,PROD-TEC-106,Mechanical RGB Keyboard,Technology,Accessories,4,75.0,300.0,0.0,98.0,West,California,Los Angeles,Credit Card
ORD-2024-12759,2023-10-20,CUST-1055,Betty Robinson,PROD-OFF-121,Premium Multipurpose Copy Paper 5 Reams,Office Supplies,Paper & Stationary,2,38.0,68.4,0.1,21.6,South,Florida,Miami,UPI / Net Banking
ORD-2022-12760,2023-02-04,CUST-1401,Carol Moore,PROD-OFF-122,Executive Hardcover Notebook 3-Pack,Office Supplies,Paper & Stationary,3,24.0,72.0,0.0,30.0,North,Michigan,Detroit,PayPal
ORD-2024-12761,2023-09-22,CUST-1043,Steven Thomas,PROD-TEC-104,24-Inch IPS FHD Monitor,Technology,Laptops & Monitors,2,180.0,324.0,0.1,67.0,North,Wisconsin,Milwaukee,PayPal
ORD-2022-12762,2023-02-11,CUST-1291,Mark Flores,PROD-TEC-105,Wireless Ergonomic Mouse,Technology,Accessories,2,35.0,63.0,0.1,16.0,East,Pennsylvania,Philadelphia,Credit Card
ORD-2023-12763,2022-05-21,CUST-1290,John Thomas,PROD-HOM-133,Stainless Steel Chef Knife 8-Inch,Home & Kitchen,Cookware & Dining,2,45.0,90.0,0.0,35.5,East,Massachusetts,Boston,Credit Card
ORD-2024-12764,2022-03-24,CUST-1192,Michelle King,PROD-FUR-113,Ergonomic Executive Mesh Chair,Furniture,Chairs & Stools,3,240.0,612.0,0.15,30.0,North,Michigan,Detroit,Credit Card
ORD-2024-12765,2023-01-22,CUST-1381,Karen Torres,PROD-HOM-134,Insulated Stainless Steel Tumbler 30oz,Home & Kitchen,Cookware & Dining,2,25.0,37.5,0.25,7.5,East,New York,Buffalo,PayPal
ORD-2024-12766,2022-12-21,CUST-1029,Joshua Flores,PROD-TEC-111,Bluetooth Conference Speaker,Technology,Phones & Audio,3,120.0,360.0,0.0,109.2,South,Georgia,Atlanta,PayPal
ORD-2023-12767,2022-01-09,CUST-1310,Michelle Allen,PROD-FUR-114,High-Back Leather Gaming Chair,Furniture,Chairs & Stools,1,290.0,290.0,0.0,48.2,East,Pennsylvania,Philadelphia,Credit Card
ORD-2024-12768,2024-01-11,CUST-1075,Amanda Wright,PROD-FUR-116,Electric Dual-Motor Standing Desk,Furniture,Desks & Tables,2,450.0,855.0,0.05,112.0,West,Washington,Seattle,UPI / Net Banking
ORD-2022-12769,2023-04-03,CUST-1089,Steven King,PROD-TEC-105,Wireless Ergonomic Mouse,Technology,Accessories,2,35.0,70.0,0.0,23.0,West,California,Los Angeles,Debit Card
ORD-2024-12770,2022-11-14,CUST-1082,Paul Lopez,PROD-TEC-110,True Wireless Earbuds,Technology,Phones & Audio,2,89.0,178.0,0.0,57.3,East,New York,New York City,PayPal
ORD-2022-12771,2024-02-29,CUST-1282,Kevin Garcia,PROD-FUR-113,Ergonomic Executive Mesh Chair,Furniture,Chairs & Stools,10,240.0,2400.0,0.0,467.0,West,California,Los Angeles,Debit Card
ORD-2022-12772,2023-03-02,CUST-1431,Karen Nguyen,PROD-TEC-101,ProBook 15.6 Inch Laptop,Technology,Laptops & Monitors,3,850.0,2550.0,0.0,555.0,North,Michigan,Detroit,Debit Card
ORD-2022-12773,2024-01-26,CUST-1195,William Taylor,PROD-TEC-101,ProBook 15.6 Inch Laptop,Technology,Laptops & Monitors,2,850.0,1530.0,0.1,199.0,North,Minnesota,Minneapolis,PayPal
ORD-2022-12774,2022-02-13,CUST-1012,Richard Wright,PROD-OFF-123,Gel Ink Pens Box of 24,Office Supplies,Paper & Stationary,1,15.0,15.0,0.0,4.25,West,California,San Francisco,Credit Card
ORD-2022-12775,2023-04-13,CUST-1059,Steven Taylor,PROD-OFF-128,Precision Cutting Mat & Knife Set,Office Supplies,Art & Craft,3,22.0,56.1,0.15,15.78,South,Florida,Orlando,Cash on Delivery
ORD-2024-12776,2022-11-25,CUST-1054,Susan Young,PROD-TEC-112,Smart Fitness Watch,Technology,Phones & Audio,1,149.0,119.2,0.2,7.92,South,Florida,Orlando,Credit Card
ORD-2022-12777,2023-09-30,CUST-1136,Richard Gonzalez,PROD-FUR-120,Modern Modular Bookshelf,Furniture,Bookcases,3,210.0,630.0,0.0,132.6,South,Georgia,Atlanta,Debit Card
ORD-2023-12778,2023-02-03,CUST-1422,George Clark,PROD-TEC-108,HD Pro Webcam 1080p,Technology,Accessories,1,65.0,58.5,0.1,14.2,Central,Ohio,Columbus,Credit Card
ORD-2022-12779,2023-12-06,CUST-1387,Amanda Hill,PROD-HOM-133,Stainless Steel Chef Knife 8-Inch,Home & Kitchen,Cookware & Dining,1,45.0,42.75,0.05,14.0,Central,Ohio,Columbus,UPI / Net Banking
ORD-2022-12780,2024-01-30,CUST-1206,James Perez,PROD-OFF-125,3-Drawer Mobile File Cabinet,Office Supplies,Storage & Organization,5,145.0,688.75,0.05,158.75,South,North Carolina,Charlotte,Debit Card
ORD-2022-12781,2023-07-12,CUST-1434,Daniel Ramirez,PROD-HOM-134,Insulated Stainless Steel Tumbler 30oz,Home & Kitchen,Cookware & Dining,3,25.0,75.0,0.0,31.5,West,Washington,Seattle,Debit Card
ORD-2024-12782,2024-01-05,CUST-1390,Steven Ramirez,PROD-FUR-119,5-Shelf Ladder Bookcase,Furniture,Bookcases,1,140.0,126.0,0.1,17.0,South,North Carolina,Charlotte,Credit Card
ORD-2023-12783,2022-07-29,CUST-1373,Andrew Wilson,PROD-FUR-114,High-Back Leather Gaming Chair,Furniture,Chairs & Stools,2,290.0,464.0,0.2,-16.6,South,Florida,Miami,Credit Card
ORD-2024-12784,2022-11-02,CUST-1090,James Hill,PROD-TEC-107,USB-C Multi-Port Hub,Technology,Accessories,1,45.0,40.5,0.1,11.75,Central,Texas,Austin,Credit Card
ORD-2023-12785,2022-08-01,CUST-1213,Brian Martinez,PROD-FUR-117,Compact Computer Desk,Furniture,Desks & Tables,1,130.0,104.0,0.2,-1.4,Central,Texas,Dallas,Cash on Delivery
ORD-2024-12786,2023-06-07,CUST-1248,Michael Hill,PROD-TEC-102,UltraSlim 14 Inch Notebook,Technology,Laptops & Monitors,3,1100.0,2475.0,0.25,-6.0,East,New York,Buffalo,
ORD-2022-12787,2023-05-14,CUST-1350,Mary Sanchez,PROD-FUR-115,Adjustable Drafting Stool,Furniture,Chairs & Stools,1,110.0,99.0,0.1,12.5,West,Washington,Seattle,Credit Card
ORD-2024-12788,2022-05-29,CUST-1400,George King,PROD-TEC-108,HD Pro Webcam 1080p,Technology,Accessories,4,65.0,208.0,0.2,39.8,East,New York,Buffalo,Debit Card
ORD-2023-12789,2022-02-21,CUST-1194,Karen Miller,PROD-TEC-110,True Wireless Earbuds,Technology,Phones & Audio,2,89.0,169.1,0.05,48.4,South,Florida,Miami,Credit Card
ORD-2024-12790,2022-07-17,CUST-1011,Mary Scott,PROD-TEC-106,Mechanical RGB Keyboard,Technology,Accessories,6,75.0,450.0,0.0,148.5,Central,Ohio,Columbus,PayPal
ORD-2023-12791,2022-12-09,CUST-1347,George Hernandez,PROD-HOM-129,Digital Touchscreen Air Fryer 5.8Qt,Home & Kitchen,Appliances,1,110.0,110.0,0.0,29.0,South,Georgia,Atlanta,PayPal
ORD-2022-12792,2022-11-20,CUST-1083,Paul Miller,PROD-TEC-109,Noise Canceling Headphones,Technology,Phones & Audio,1,199.0,189.05,0.05,45.75,East,New York,New York City,Credit Card
ORD-2023-12793,2022-12-31,CUST-1265,Christopher Sanchez,PROD-TEC-107,USB-C Multi-Port Hub,Technology,Accessories,2,45.0,90.0,0.0,35.5,South,Florida,Miami,PayPal
ORD-2024-12794,2024-05-24,CUST-1444,Richard Wilson,PROD-OFF-121,Premium Multipurpose Copy Paper 5 Reams,Office Supplies,Paper & Stationary,6,38.0,205.2,0.1,70.8,North,Minnesota,Minneapolis,Debit Card
ORD-2023-12795,2023-01-11,CUST-1427,Donald Johnson,PROD-OFF-123,Gel Ink Pens Box of 24,Office Supplies,Paper & Stationary,3,15.0,27.0,0.4,0.75,Central,Texas,Dallas,Credit Card
ORD-2024-12796,2023-02-25,CUST-1112,Mary Nguyen,PROD-HOM-132,Non-Stick Ceramic Cookware 10-Piece,Home & Kitchen,Cookware & Dining,3,180.0,432.0,0.2,58.8,South,Florida,Miami,Debit Card
ORD-2024-12797,2023-08-18,CUST-1300,Deborah Ramirez,PROD-TEC-104,24-Inch IPS FHD Monitor,Technology,Laptops & Monitors,3,180.0,270.0,0.5,-114.0,East,Massachusetts,Boston,PayPal
ORD-2022-12798,2023-05-27,CUST-1040,Kevin Moore,PROD-OFF-128,Precision Cutting Mat & Knife Set,Office Supplies,Art & Craft,1,22.0,19.8,0.1,4.36,Central,Texas,Dallas,Credit Card
ORD-2024-12799,2022-07-19,CUST-1216,Emily Martinez,PROD-TEC-108,HD Pro Webcam 1080p,Technology,Accessories,1,65.0,58.5,0.1,14.2,East,New York,Buffalo,Credit Card
ORD-2022-12800,2022-11-14,CUST-1353,Jennifer Ramirez,PROD-TEC-104,24-Inch IPS FHD Monitor,Technology,Laptops & Monitors,4,180.0,720.0,0.0,209.0,West,California,San Francisco,UPI / Net Banking
ORD-2023-12801,2023-05-31,CUST-1116,Dorothy Brown,PROD-OFF-122,Executive Hardcover Notebook 3-Pack,Office Supplies,Paper & Stationary,1,24.0,24.0,0.0,8.0,Central,Texas,Dallas,PayPal
ORD-2022-12802,2022-06-06,CUST-1247,Thomas Williams,PROD-FUR-118,Solid Wood Conference Table,Furniture,Desks & Tables,5,850.0,3187.5,0.25,-433.0,South,Florida,Orlando,Credit Card
ORD-2022-12803,2023-03-25,CUST-1415,Susan Thompson,PROD-FUR-118,Solid Wood Conference Table,Furniture,Desks & Tables,1,850.0,850.0,0.0,123.5,East,New York,New York City,PayPal
ORD-2024-12804,2024-01-27,CUST-1432,Lisa Walker,PROD-FUR-117,Compact Computer Desk,Furniture,Desks & Tables,3,130.0,390.0,0.0,79.8,South,North Carolina,Charlotte,Credit Card
ORD-2022-12805,2023-12-25,CUST-1097,George Young,PROD-OFF-126,Desktop Document Organizer,Office Supplies,Storage & Organization,2,28.0,50.4,0.1,14.6,West,California,Los Angeles,Debit Card
ORD-2022-12806,2024-04-24,CUST-1107,Betty White,PROD-HOM-136,Weighted Cooling Blanket 15lbs,Home & Kitchen,Bedding & Decor,1,95.0,90.25,0.05,24.5,South,Georgia,Atlanta,UPI / Net Banking
ORD-2022-12807,2024-03-01,CUST-1411,Kevin Harris,PROD-HOM-131,Compact HEPA Air Purifier,Home & Kitchen,Appliances,2,130.0,247.0,0.05,54.8,Central,Ohio,Columbus,UPI / Net Banking
ORD-2024-12808,2023-03-15,CUST-1357,Christopher Wilson,PROD-FUR-120,Modern Modular Bookshelf,Furniture,Bookcases,1,210.0,199.5,0.05,31.7,South,Georgia,Atlanta,Debit Card
ORD-2022-12809,2023-07-30,CUST-1384,Robert Nguyen,PROD-TEC-112,Smart Fitness Watch,Technology,Phones & Audio,1,149.0,134.1,0.1,22.82,East,New York,New York City,Debit Card
ORD-2022-12810,2023-03-05,CUST-1206,James Perez,PROD-HOM-133,Stainless Steel Chef Knife 8-Inch,Home & Kitchen,Cookware & Dining,2,45.0,72.0,0.2,17.5,West,California,Los Angeles,Credit Card
ORD-2023-12811,2022-01-30,CUST-1245,Linda Taylor,PROD-TEC-109,Noise Canceling Headphones,Technology,Phones & Audio,1,199.0,159.2,0.2,15.9,East,New York,New York City,Debit Card
ORD-2023-12812,2022-05-16,CUST-1334,Brian Johnson,PROD-TEC-111,Bluetooth Conference Speaker,Technology,Phones & Audio,1,120.0,102.0,0.15,16.4,West,California,San Francisco,Credit Card
ORD-2024-12813,2022-08-24,CUST-1416,Thomas Perez,PROD-TEC-104,24-Inch IPS FHD Monitor,Technology,Laptops & Monitors,2,180.0,288.0,0.2,31.0,Central,Texas,Dallas,PayPal
ORD-2022-12814,2022-04-07,CUST-1279,Donald Wilson,PROD-TEC-107,USB-C Multi-Port Hub,Technology,Accessories,5,45.0,180.0,0.2,48.25,West,California,San Diego,Cash on Delivery
ORD-2022-12815,2023-11-17,CUST-1343,Sarah Ramirez,PROD-TEC-102,UltraSlim 14 Inch Notebook,Technology,Laptops & Monitors,1,1100.0,1100.0,0.0,271.0,South,Florida,Orlando,Credit Card
ORD-2023-12816,2023-03-26,CUST-1211,Emily Smith,PROD-OFF-123,Gel Ink Pens Box of 24,Office Supplies,Paper & Stationary,1,15.0,15.0,0.0,4.25,Central,Illinois,Chicago,Debit Card
ORD-2023-12817,2022-01-09,CUST-1314,Donald Taylor,PROD-FUR-119,5-Shelf Ladder Bookcase,Furniture,Bookcases,3,140.0,336.0,0.2,15.0,Central,Illinois,Chicago,Credit Card
ORD-2022-12818,2023-04-24,CUST-1020,Edward Perez,PROD-OFF-121,Premium Multipurpose Copy Paper 5 Reams,Office Supplies,Paper & Stationary,6,38.0,228.0,0.0,93.6,East,Pennsylvania,Philadelphia,Credit Card
ORD-2024-12819,2022-02-27,CUST-1261,Kevin Davis,PROD-TEC-112,Smart Fitness Watch,Technology,Phones & Audio,2,149.0,298.0,0.0,78.44,East,Massachusetts,Boston,Credit Card
ORD-2023-12820,2023-01-28,CUST-1164,Paul Garcia,PROD-FUR-118,Solid Wood Conference Table,Furniture,Desks & Tables,1,850.0,765.0,0.1,38.5,South,Florida,Orlando,PayPal
ORD-2023-12821,2023-01-27,CUST-1365,Joseph Jones,PROD-OFF-125,3-Drawer Mobile File Cabinet,Office Supplies,Storage & Organization,1,145.0,145.0,0.0,36.6,North,Minnesota,Minneapolis,Credit Card
ORD-2023-12822,2022-08-28,CUST-1119,Robert Allen,PROD-HOM-135,100% Organic Cotton Sheet Set Queen,Home & Kitchen,Bedding & Decor,4,85.0,340.0,0.0,122.2,North,Minnesota,Minneapolis,Credit Card
ORD-2022-12823,2023-09-16,CUST-1347,George Hernandez,PROD-TEC-102,UltraSlim 14 Inch Notebook,Technology,Laptops & Monitors,2,1100.0,1980.0,0.1,325.0,Central,Ohio,Columbus,Credit Card
ORD-2022-12824,2022-10-29,CUST-1002,Mary Moore,PROD-OFF-125,3-Drawer Mobile File Cabinet,Office Supplies,Storage & Organization,2,145.0,261.0,0.1,47.2,East,Massachusetts,Boston,Credit Card
ORD-2023-12825,2023-11-22,CUST-1265,Christopher Sanchez,PROD-HOM-135,100% Organic Cotton Sheet Set Queen,Home & Kitchen,Bedding & Decor,2,85.0,170.0,0.0,59.6,Central,Ohio,Columbus,Credit Card
ORD-2024-12826,2023-06-24,CUST-1196,Linda Miller,PROD-OFF-128,Precision Cutting Mat & Knife Set,Office Supplies,Art & Craft,2,22.0,44.0,0.0,16.12,Central,Ohio,Columbus,Credit Card
ORD-2022-12827,2022-10-19,CUST-1128,Kevin Ramirez,PROD-HOM-136,Weighted Cooling Blanket 15lbs,Home & Kitchen,Bedding & Decor,1,95.0,95.0,0.0,29.25,North,Michigan,Detroit,Credit Card
ORD-2023-12828,2022-07-29,CUST-1175,Christopher Taylor,PROD-TEC-102,UltraSlim 14 Inch Notebook,Technology,Laptops & Monitors,3,1100.0,3300.0,0.0,819.0,East,Pennsylvania,Philadelphia,Debit Card
ORD-2024-12829,2023-01-18,CUST-1312,Donald Hernandez,PROD-FUR-118,Solid Wood Conference Table,Furniture,Desks & Tables,2,850.0,1190.0,0.3,-260.0,North,Minnesota,Minneapolis,PayPal
ORD-2023-12830,2022-10-18,CUST-1168,Betty Davis,PROD-FUR-114,High-Back Leather Gaming Chair,Furniture,Chairs & Stools,3,290.0,826.5,0.05,107.1,West,California,San Diego,UPI / Net Banking
ORD-2022-12831,2024-04-01,CUST-1282, Kevin Garcia ,PROD-HOM-134,Insulated Stainless Steel Tumbler 30oz,Home & Kitchen,Cookware & Dining,3,25.0,71.25,0.05,27.75,East,New York,Buffalo,Credit Card
ORD-2024-12832,2023-04-12,CUST-1109,Donald Davis,PROD-FUR-118,Solid Wood Conference Table,Furniture,Desks & Tables,6,850.0,5100.0,0.0,756.0,West,California,San Diego,Credit Card
ORD-2023-12833,2023-04-06,CUST-1302,Brian King,PROD-HOM-135,100% Organic Cotton Sheet Set Queen,Home & Kitchen,Bedding & Decor,4,85.0,340.0,0.0,122.2,South,Georgia,Atlanta,Credit Card
ORD-2022-12834,2024-06-12,CUST-1443,Edward Lopez,PROD-OFF-128,Precision Cutting Mat & Knife Set,Office Supplies,Art & Craft,5,22.0,99.0,0.1,33.8,East,New York,New York City,Debit Card
ORD-2022-12835,2024-03-28,CUST-1269,Kevin Harris,PROD-FUR-117,Compact Computer Desk,Furniture,Desks & Tables,1,130.0,130.0,0.0,24.6,South,North Carolina,Charlotte,Debit Card
ORD-2022-12836,2023-10-31,CUST-1174,Andrew King,PROD-TEC-105,Wireless Ergonomic Mouse,Technology,Accessories,2,35.0,70.0,0.0,23.0,West,Oregon,Portland,UPI / Net Banking
ORD-2023-12837,2022-09-25,CUST-1289,Elizabeth Johnson,PROD-TEC-112,Smart Fitness Watch,Technology,Phones & Audio,2,149.0,208.6,0.3,-10.96,North,Michigan,Detroit,Credit Card
ORD-2023-12838,2023-08-13,CUST-1265,Christopher Sanchez,PROD-OFF-121,Premium Multipurpose Copy Paper 5 Reams,Office Supplies,Paper & Stationary,1,38.0,30.4,0.2,5.5,West,California,Los Angeles,Credit Card
ORD-2023-12839,2024-03-11,CUST-1210,Emily Ramirez,PROD-OFF-127,Professional Acrylic Paint Set,Office Supplies,Art & Craft,1,42.0,39.9,0.05,11.54,South,Florida,Orlando,Credit Card
ORD-2022-12840,2024-03-25,CUST-1288,Joseph Gonzalez,PROD-OFF-128,Precision Cutting Mat & Knife Set,Office Supplies,Art & Craft,1,22.0,16.5,0.25,1.06,South,Florida,Miami,Debit Card
ORD-2022-12841,2022-11-04,CUST-1018,Nancy Moore,PROD-TEC-109,Noise Canceling Headphones,Technology,Phones & Audio,3,199.0,567.15,0.05,143.25,South,Georgia,Atlanta,Credit Card
ORD-2023-12842,2023-03-15,CUST-1382,Amanda Harris,PROD-TEC-112,Smart Fitness Watch,Technology,Phones & Audio,1,149.0,134.1,0.1,22.82,West,Washington,Seattle,Cash on Delivery
ORD-2022-12843,2023-06-14,CUST-1332,Susan Clark,PROD-FUR-119,5-Shelf Ladder Bookcase,Furniture,Bookcases,1,140.0,105.0,0.25,-4.0,North,Wisconsin,Milwaukee,Credit Card
ORD-2022-12844,2022-11-27,CUST-1263,Paul Martin,PROD-OFF-123,Gel Ink Pens Box of 24,Office Supplies,Paper & Stationary,4,15.0,57.0,0.05,23.0,North,Michigan,Detroit,Debit Card
ORD-2023-12845,2023-07-17,CUST-1296,Ashley Sanchez,PROD-OFF-125,3-Drawer Mobile File Cabinet,Office Supplies,Storage & Organization,3,145.0,413.25,0.05,94.05,East,Pennsylvania,Philadelphia,
ORD-2024-12846,2024-05-30,CUST-1189,Lisa Jackson,PROD-TEC-110,True Wireless Earbuds,Technology,Phones & Audio,2,89.0,151.3,0.15,30.6,Central,Texas,Dallas,PayPal
ORD-2023-12847,2023-03-01,CUST-1076,Edward Moore,PROD-TEC-104,24-Inch IPS FHD Monitor,Technology,Laptops & Monitors,1,180.0,171.0,0.05,41.0,East,New York,Buffalo,PayPal
ORD-2023-12848,2023-02-17,CUST-1261,Kevin Davis,PROD-OFF-125,3-Drawer Mobile File Cabinet,Office Supplies,Storage & Organization,8,145.0,1102.0,0.05,255.8,East,New York,Buffalo,Credit Card
ORD-2023-12849,2023-11-27,CUST-1216,Emily Martinez,PROD-TEC-106,Mechanical RGB Keyboard,Technology,Accessories,3,75.0,202.5,0.1,50.25,South,North Carolina,Charlotte,Credit Card
ORD-2023-12850,2022-11-05,CUST-1144,James Garcia,PROD-OFF-123,Gel Ink Pens Box of 24,Office Supplies,Paper & Stationary,3,15.0,40.5,0.1,14.25,West,Washington,Seattle,Debit Card
ORD-2023-12851,2023-04-01,CUST-1276,Donna Hill,PROD-OFF-121,Premium Multipurpose Copy Paper 5 Reams,Office Supplies,Paper & Stationary,1,38.0,36.1,0.05,11.2,South,Florida,Miami,Debit Card
ORD-2023-12852,2022-09-29,CUST-1402,Michelle Wright,PROD-HOM-132,Non-Stick Ceramic Cookware 10-Piece,Home & Kitchen,Cookware & Dining,4,180.0,684.0,0.05,187.4,East,Pennsylvania,Philadelphia,Debit Card
ORD-2024-12853,2022-12-09,CUST-1071,Kenneth Robinson,PROD-OFF-123,Gel Ink Pens Box of 24,Office Supplies,Paper & Stationary,2,15.0,30.0,0.0,11.5,East,New York,Buffalo,Debit Card
ORD-2022-12854,2023-05-03,CUST-1200,Susan Perez,PROD-HOM-130,Programmable Drip Coffee Maker,Home & Kitchen,Appliances,1,75.0,75.0,0.0,22.25,West,Washington,Seattle,Credit Card
ORD-2023-12855,2023-03-08,CUST-1240,Sarah Jones,PROD-OFF-123,Gel Ink Pens Box of 24,Office Supplies,Paper & Stationary,5,15.0,75.0,0.0,33.25,South,Florida,Miami,Debit Card
ORD-2023-12856,2024-02-24,CUST-1107,Betty White,PROD-FUR-114,High-Back Leather Gaming Chair,Furniture,Chairs & Stools,3,290.0,870.0,0.0,150.6,North,Michigan,Detroit,Debit Card
ORD-2023-12857,2024-01-27,CUST-1018,Nancy Moore,PROD-OFF-127,Professional Acrylic Paint Set,Office Supplies,Art & Craft,4,42.0,168.0,0.0,63.56,East,Pennsylvania,Philadelphia,PayPal
ORD-2023-12858,2022-09-08,CUST-1269,Kevin Harris,PROD-OFF-122,Executive Hardcover Notebook 3-Pack,Office Supplies,Paper & Stationary,1,24.0,22.8,0.05,6.8,East,Massachusetts,Boston,Debit Card
ORD-2023-12859,2023-03-17,CUST-1017,Brian Ramirez,PROD-TEC-101,ProBook 15.6 Inch Laptop,Technology,Laptops & Monitors,8,850.0,6460.0,0.05,1145.0,South,Florida,Miami,Debit Card
ORD-2024-12860,2022-09-09,CUST-1418,Brian Moore,PROD-FUR-120,Modern Modular Bookshelf,Furniture,Bookcases,2,210.0,315.0,0.25,-17.6,South,Georgia,Atlanta,PayPal
ORD-2024-12861,2024-01-24,CUST-1205,Sarah Williams,PROD-OFF-121,Premium Multipurpose Copy Paper 5 Reams,Office Supplies,Paper & Stationary,1,38.0,36.1,0.05,11.2,East,New York,New York City,Debit Card
ORD-2023-12862,2024-03-17,CUST-1142,Emily Miller,PROD-OFF-126,Desktop Document Organizer,Office Supplies,Storage & Organization,2,28.0,47.6,0.15,11.8,South,North Carolina,Charlotte,Debit Card
ORD-2024-12863,2024-02-22,CUST-1332,Susan Clark,PROD-OFF-127,Professional Acrylic Paint Set,Office Supplies,Art & Craft,1,42.0,33.6,0.2,5.24,East,Massachusetts,Boston,Debit Card
ORD-2024-12864,2024-05-29,CUST-1401,Carol Moore,PROD-OFF-125,3-Drawer Mobile File Cabinet,Office Supplies,Storage & Organization,1,145.0,145.0,0.0,36.6,North,Wisconsin,Milwaukee,Credit Card
ORD-2023-12865,2022-12-18,CUST-1308,Emily Hill,PROD-OFF-124,Heavy-Duty Plastic Storage Bins 4-Pack,Office Supplies,Storage & Organization,2,55.0,110.0,0.0,39.0,North,Michigan,Detroit,UPI / Net Banking
ORD-2022-12866,2022-01-04,CUST-1374,Sandra Taylor,PROD-TEC-112,Smart Fitness Watch,Technology,Phones & Audio,1,149.0,149.0,0.0,37.72,Central,Ohio,Columbus,Credit Card
ORD-2023-12867,2023-11-28,CUST-1124,Andrew Walker,PROD-HOM-135,100% Organic Cotton Sheet Set Queen,Home & Kitchen,Bedding & Decor,3,85.0,255.0,0.0,90.9,East,Massachusetts,Boston,PayPal
ORD-2022-12868,2023-06-29,CUST-1199,Charles Hill,PROD-OFF-125,3-Drawer Mobile File Cabinet,Office Supplies,Storage & Organization,1,145.0,116.0,0.2,7.6,East,New York,New York City,Credit Card
ORD-2022-12869,2022-09-17,CUST-1233,,PROD-HOM-133,Stainless Steel Chef Knife 8-Inch,Home & Kitchen,Cookware & Dining,10,45.0,427.5,0.05,167.0,Central,Texas,Austin,Credit Card
ORD-2023-12870,2023-09-13,CUST-1135,Michael Thomas,PROD-FUR-119,5-Shelf Ladder Bookcase,Furniture,Bookcases,3,140.0,378.0,0.1,57.0,West,California,Los Angeles,PayPal
ORD-2024-12871,2023-05-08,CUST-1331,Anthony Brown,PROD-FUR-115,Adjustable Drafting Stool,Furniture,Chairs & Stools,3,110.0,330.0,0.0,76.5,Central,Texas,Austin,Debit Card
ORD-2023-12872,2022-11-14,CUST-1444,Richard Wilson,PROD-HOM-132,Non-Stick Ceramic Cookware 10-Piece,Home & Kitchen,Cookware & Dining,1,180.0,171.0,0.05,44.6,West,Washington,Seattle,Debit Card
ORD-2024-12873,2022-07-12,CUST-1005,Amanda Wright,PROD-TEC-110,True Wireless Earbuds,Technology,Phones & Audio,3,89.0,253.65,0.05,74.1,North,Minnesota,Minneapolis,Credit Card
ORD-2024-12874,2024-04-14,CUST-1041,Brian Jones,PROD-OFF-123,Gel Ink Pens Box of 24,Office Supplies,Paper & Stationary,2,15.0,25.5,0.15,7.0,Central,Texas,Houston,Debit Card
ORD-2022-12875,2023-05-16,CUST-1282,Kevin Garcia,PROD-OFF-121,Premium Multipurpose Copy Paper 5 Reams,Office Supplies,Paper & Stationary,1,38.0,38.0,0.0,13.1,West,California,San Diego,Cash on Delivery
ORD-2024-12876,2024-03-23,CUST-1039,Daniel Wilson,PROD-TEC-111,Bluetooth Conference Speaker,Technology,Phones & Audio,1,120.0,96.0,0.2,10.4,Central,Ohio,Columbus,Credit Card
ORD-2022-12877,2023-01-21,CUST-1236,Daniel Martin,PROD-OFF-123,Gel Ink Pens Box of 24,Office Supplies,Paper & Stationary,2,15.0,25.5,0.15,7.0,South,Florida,Orlando,Credit Card
ORD-2024-12878,2022-04-04,CUST-1281,Melissa Hernandez,PROD-TEC-103,27-Inch 4K UHD Monitor,Technology,Laptops & Monitors,1,350.0,350.0,0.0,94.0,East,New York,New York City,Debit Card
ORD-2023-12879,2022-05-11,CUST-1361,Thomas Garcia,PROD-TEC-112,Smart Fitness Watch,Technology,Phones & Audio,4,149.0,596.0,0.0,159.88,South,Georgia,Atlanta,Debit Card
ORD-2022-12880,2024-02-21,CUST-1434,Daniel Ramirez,PROD-TEC-104,24-Inch IPS FHD Monitor,Technology,Laptops & Monitors,2,180.0,360.0,0.0,103.0,Central,Ohio,Columbus,UPI / Net Banking
ORD-2022-12881,2022-10-30,CUST-1047,Joseph Lee,PROD-TEC-106,Mechanical RGB Keyboard,Technology,Accessories,3,75.0,225.0,0.0,72.75,East,Pennsylvania,Philadelphia,Credit Card
ORD-2023-12882,2022-07-20,CUST-1435,Melissa Scott,PROD-TEC-104,24-Inch IPS FHD Monitor,Technology,Laptops & Monitors,2,180.0,306.0,0.15,49.0,East,New York,New York City,UPI / Net Banking
ORD-2023-12883,2023-06-30,CUST-1046,Joshua Scott,PROD-TEC-107,USB-C Multi-Port Hub,Technology,Accessories,2,45.0,81.0,0.1,26.5,North,Michigan,Detroit,Credit Card
ORD-2023-12884,2022-11-24,CUST-1234,Mark Anderson,PROD-OFF-127,Professional Acrylic Paint Set,Office Supplies,Art & Craft,5,42.0,210.0,0.0,80.2,West,Washington,Seattle,UPI / Net Banking
ORD-2024-12885,2024-01-30,CUST-1095,Jessica Torres,PROD-TEC-107,USB-C Multi-Port Hub,Technology,Accessories,5,45.0,213.75,0.05,82.0,Central,Texas,Houston,PayPal
ORD-2023-12886,2022-11-11,CUST-1351,Donna Torres,PROD-TEC-106,Mechanical RGB Keyboard,Technology,Accessories,4,75.0,300.0,0.0,98.0,South,Florida,Miami,Debit Card
ORD-2023-12887,2023-12-08,CUST-1316,Joshua Moore,PROD-TEC-106,Mechanical RGB Keyboard,Technology,Accessories,2,75.0,142.5,0.05,40.0,West,California,Los Angeles,UPI / Net Banking
ORD-2022-12888,2022-06-13,CUST-1341,Kenneth Anderson,PROD-FUR-117,Compact Computer Desk,Furniture,Desks & Tables,2,130.0,182.0,0.3,-25.8,East,New York,Buffalo,PayPal
ORD-2022-12889,2022-06-05,CUST-1352,Kevin Johnson,PROD-TEC-106,Mechanical RGB Keyboard,Technology,Accessories,4,75.0,270.0,0.1,68.0,Central,Texas,Dallas,Debit Card
ORD-2024-12890,2024-03-08,CUST-1196,Linda Miller,PROD-TEC-110,True Wireless Earbuds,Technology,Phones & Audio,4,89.0,302.6,0.15,64.2,East,New York,New York City,UPI / Net Banking
ORD-2024-12891,2022-01-04,CUST-1006,Jennifer Nguyen,PROD-OFF-123,Gel Ink Pens Box of 24,Office Supplies,Paper & Stationary,2,15.0,30.0,0.0,11.5,South,Florida,Orlando,Debit Card
ORD-2023-12892,2022-05-13,CUST-1390,Steven Ramirez,PROD-TEC-109,Noise Canceling Headphones,Technology,Phones & Audio,4,199.0,796.0,0.0,231.8,East,Massachusetts,Boston,Debit Card
ORD-2023-12893,2024-05-15,CUST-1137,Steven Lewis,PROD-HOM-136,Weighted Cooling Blanket 15lbs,Home & Kitchen,Bedding & Decor,1,95.0,80.75,0.15,15.0,West,California,San Diego,Debit Card
ORD-2022-12894,2022-05-29,CUST-1313,Melissa Walker,PROD-OFF-123,Gel Ink Pens Box of 24,Office Supplies,Paper & Stationary,1,15.0,15.0,0.0,4.25,South,Florida,Miami,Credit Card
ORD-2024-12895,2024-06-24,CUST-1412,Nancy Johnson,PROD-TEC-102,UltraSlim 14 Inch Notebook,Technology,Laptops & Monitors,3,1100.0,2475.0,0.25,-6.0,Central,Texas,Houston,PayPal
ORD-2024-12896,2022-01-30,CUST-1089, Steven King ,PROD-TEC-112,Smart Fitness Watch,Technology,Phones & Audio,1,149.0,149.0,0.0,37.72,South,Georgia,Atlanta,PayPal
ORD-2023-12897,2023-12-11,CUST-1311,Margaret Scott,PROD-OFF-122,Executive Hardcover Notebook 3-Pack,Office Supplies,Paper & Stationary,3,24.0,64.8,0.1,22.8,West,California,Los Angeles,Credit Card
ORD-2024-12898,2023-06-02,CUST-1170,Donna Hill,PROD-OFF-128,Precision Cutting Mat & Knife Set,Office Supplies,Art & Craft,4,22.0,79.2,0.1,26.44,West,Washington,Seattle,UPI / Net Banking
ORD-2023-12899,2023-03-18,CUST-1413,Ashley Lee,PROD-TEC-109,Noise Canceling Headphones,Technology,Phones & Audio,1,199.0,199.0,0.0,55.7,South,Florida,Orlando,PayPal
ORD-2023-12900,2022-12-22,CUST-1218,John Martin,PROD-FUR-116,Electric Dual-Motor Standing Desk,Furniture,Desks & Tables,2,450.0,900.0,0.0,157.0,East,New York,New York City,PayPal
ORD-2022-12901,2024-05-13,CUST-1303,Sandra Brown,PROD-TEC-102,UltraSlim 14 Inch Notebook,Technology,Laptops & Monitors,2,1100.0,1870.0,0.15,215.0,North,Michigan,Detroit,PayPal
ORD-2023-12902,2023-05-09,CUST-1426,Carol Young,PROD-FUR-118,Solid Wood Conference Table,Furniture,Desks & Tables,2,850.0,1445.0,0.15,-5.0,West,Washington,Seattle,Credit Card
ORD-2022-12903,2022-12-04,CUST-1063,Joseph Rodriguez,PROD-FUR-117,Compact Computer Desk,Furniture,Desks & Tables,1,130.0,130.0,0.0,24.6,North,Wisconsin,Milwaukee,Credit Card
ORD-2024-12904,2023-08-07,CUST-1149,Patricia Hernandez,PROD-FUR-120,Modern Modular Bookshelf,Furniture,Bookcases,1,210.0,147.0,0.3,-20.8,East,New York,New York City,PayPal
ORD-2023-12905,2022-08-27,CUST-1158,Melissa Wright,PROD-HOM-129,Digital Touchscreen Air Fryer 5.8Qt,Home & Kitchen,Appliances,1,110.0,110.0,0.0,29.0,North,Michigan,Detroit,Credit Card
ORD-2022-12906,2023-10-17,CUST-1029,Joshua Flores,PROD-OFF-122,Executive Hardcover Notebook 3-Pack,Office Supplies,Paper & Stationary,2,24.0,48.0,0.0,19.0,East,New York,Buffalo,Credit Card
ORD-2024-12907,2024-02-17,CUST-1265,Christopher Sanchez,PROD-OFF-126,Desktop Document Organizer,Office Supplies,Storage & Organization,1,28.0,28.0,0.0,8.6,South,North Carolina,Charlotte,Debit Card
ORD-2023-12908,2024-03-03,CUST-1340,Melissa Wright,PROD-HOM-135,100% Organic Cotton Sheet Set Queen,Home & Kitchen,Bedding & Decor,1,85.0,80.75,0.05,24.05,North,Wisconsin,Milwaukee,UPI / Net Banking
ORD-2022-12909,2024-02-18,CUST-1392,Robert Allen,PROD-TEC-108,HD Pro Webcam 1080p,Technology,Accessories,3,65.0,156.0,0.2,29.1,West,Oregon,Portland,Credit Card
ORD-2023-12910,2023-03-14,CUST-1275,Susan Ramirez,PROD-FUR-120,Modern Modular Bookshelf,Furniture,Bookcases,3,210.0,567.0,0.1,69.6,West,Washington,Seattle,Debit Card
ORD-2023-12911,2022-11-28,CUST-1411,Kevin Harris,PROD-HOM-136,Weighted Cooling Blanket 15lbs,Home & Kitchen,Bedding & Decor,8,95.0,646.0,0.15,141.0,West,California,San Francisco,PayPal
ORD-2023-12912,2022-05-31,CUST-1041,Brian Jones,PROD-FUR-115,Adjustable Drafting Stool,Furniture,Chairs & Stools,1,110.0,110.0,0.0,23.5,West,California,San Diego,Debit Card
ORD-2024-12913,2022-12-04,CUST-1308,Emily Hill,PROD-TEC-111,Bluetooth Conference Speaker,Technology,Phones & Audio,1,120.0,102.0,0.15,16.4,West,Oregon,Portland,Debit Card
ORD-2024-12914,2022-03-07,CUST-1362,Mark Johnson,PROD-FUR-119,5-Shelf Ladder Bookcase,Furniture,Bookcases,1,140.0,140.0,0.0,31.0,South,North Carolina,Charlotte,Debit Card
ORD-2024-12915,2023-10-30,CUST-1061,Margaret Nguyen,PROD-HOM-132,Non-Stick Ceramic Cookware 10-Piece,Home & Kitchen,Cookware & Dining,6,180.0,540.0,0.5,-203.4,West,Washington,Seattle,Credit Card
ORD-2023-12916,2024-03-08,CUST-1329,Anthony Perez,PROD-OFF-128,Precision Cutting Mat & Knife Set,Office Supplies,Art & Craft,4,22.0,44.0,0.5,-8.76,Central,Texas,Austin,PayPal
ORD-2024-12917,2022-01-09,CUST-1415,Susan Thompson,PROD-TEC-104,24-Inch IPS FHD Monitor,Technology,Laptops & Monitors,4,180.0,720.0,0.0,209.0,Central,Ohio,Columbus,UPI / Net Banking
ORD-2023-12918,2024-03-14,CUST-1099,Deborah Rodriguez,PROD-TEC-103,27-Inch 4K UHD Monitor,Technology,Laptops & Monitors,3,350.0,1050.0,0.0,288.0,West,California,Los Angeles,Credit Card
ORD-2023-12919,2022-05-29,CUST-1065,Jennifer Brown,PROD-HOM-134,Insulated Stainless Steel Tumbler 30oz,Home & Kitchen,Cookware & Dining,1,25.0,20.0,0.2,3.5,East,Pennsylvania,Philadelphia,Credit Card
ORD-2023-12920,2023-01-26,CUST-1211,Emily Smith,PROD-HOM-136,Weighted Cooling Blanket 15lbs,Home & Kitchen,Bedding & Decor,1,95.0,85.5,0.1,19.75,Central,Illinois,Chicago,Credit Card
ORD-2022-12921,2024-04-03,CUST-1325,Joseph Harris,PROD-HOM-133,Stainless Steel Chef Knife 8-Inch,Home & Kitchen,Cookware & Dining,1,45.0,45.0,0.0,16.25,West,California,Los Angeles,Credit Card
ORD-2023-12922,2024-06-10,CUST-1113,Emily Anderson,PROD-HOM-129,Digital Touchscreen Air Fryer 5.8Qt,Home & Kitchen,Appliances,6,110.0,627.0,0.05,156.0,East,New York,Buffalo,PayPal
ORD-2023-12923,2022-12-01,CUST-1134,George Perez,PROD-FUR-118,Solid Wood Conference Table,Furniture,Desks & Tables,1,850.0,765.0,0.1,38.5,West,Washington,Seattle,Debit Card
ORD-2023-12924,2023-05-12,CUST-1439,Thomas Anderson,PROD-FUR-118,Solid Wood Conference Table,Furniture,Desks & Tables,3,850.0,1912.5,0.25,-261.0,West,Washington,Seattle,Credit Card
ORD-2023-12925,2023-12-15,CUST-1437,Brian Robinson,PROD-FUR-120,Modern Modular Bookshelf,Furniture,Bookcases,2,210.0,315.0,0.25,-17.6,North,Wisconsin,Milwaukee,Credit Card
ORD-2023-12926,2023-02-23,CUST-1228,Mary Lopez,PROD-TEC-110,True Wireless Earbuds,Technology,Phones & Audio,1,89.0,84.55,0.05,22.7,East,Pennsylvania,Philadelphia,Credit Card
ORD-2023-12927,2024-01-10,CUST-1436,Nancy Thompson,PROD-FUR-114,High-Back Leather Gaming Chair,Furniture,Chairs & Stools,1,290.0,261.0,0.1,19.2,North,Wisconsin,Milwaukee,Cash on Delivery
ORD-2022-12928,2022-04-02,CUST-1082,Paul Lopez,PROD-OFF-125,3-Drawer Mobile File Cabinet,Office Supplies,Storage & Organization,2,145.0,275.5,0.05,61.7,South,Florida,Orlando,Credit Card
ORD-2023-12929,2022-10-23,CUST-1384,Robert Nguyen,PROD-OFF-126,Desktop Document Organizer,Office Supplies,Storage & Organization,3,28.0,79.8,0.05,27.6,East,New York,New York City,Debit Card
ORD-2022-12930,2023-11-14,CUST-1401,Carol Moore,PROD-TEC-107,USB-C Multi-Port Hub,Technology,Accessories,1,45.0,40.5,0.1,11.75,West,Oregon,Portland,Credit Card
ORD-2024-12931,2022-10-11,CUST-1154,Kevin Young,PROD-TEC-107,USB-C Multi-Port Hub,Technology,Accessories,1,45.0,36.0,0.2,7.25,West,California,San Diego,Debit Card
ORD-2024-12932,2023-07-09,CUST-1092,Mary Davis,PROD-HOM-134,Insulated Stainless Steel Tumbler 30oz,Home & Kitchen,Cookware & Dining,2,25.0,47.5,0.05,17.5,East,New York,Buffalo,PayPal
ORD-2023-12933,2022-12-25,CUST-1195,William Taylor,PROD-OFF-121,Premium Multipurpose Copy Paper 5 Reams,Office Supplies,Paper & Stationary,1,38.0,38.0,0.0,13.1,Central,Ohio,Columbus,Credit Card
ORD-2024-12934,2024-03-23,CUST-1363,Melissa Wright,PROD-FUR-114,High-Back Leather Gaming Chair,Furniture,Chairs & Stools,1,290.0,275.5,0.05,33.7,West,California,San Diego,PayPal
ORD-2023-12935,2024-03-30,CUST-1289,Elizabeth Johnson,PROD-TEC-112,Smart Fitness Watch,Technology,Phones & Audio,3,149.0,402.3,0.1,74.46,Central,Texas,Houston,Credit Card
ORD-2023-12936,2023-02-19,CUST-1356,Thomas Harris,PROD-FUR-116,Electric Dual-Motor Standing Desk,Furniture,Desks & Tables,1,450.0,427.5,0.05,54.5,West,California,San Diego,Cash on Delivery
ORD-2022-12937,2023-11-11,CUST-1025,John Robinson,PROD-TEC-108,HD Pro Webcam 1080p,Technology,Accessories,4,65.0,260.0,0.0,91.8,East,New York,New York City,Credit Card
ORD-2024-12938,2022-09-27,CUST-1124,Andrew Walker,PROD-TEC-105,Wireless Ergonomic Mouse,Technology,Accessories,1,35.0,35.0,0.0,10.0,Central,Texas,Austin,UPI / Net Banking
ORD-2024-12939,2022-12-11,CUST-1206,James Perez,PROD-FUR-117,Compact Computer Desk,Furniture,Desks & Tables,3,130.0,390.0,0.0,79.8,West,California,Los Angeles,Debit Card
ORD-2023-12940,2023-07-01,CUST-1169,Andrew Thomas,PROD-OFF-124,Heavy-Duty Plastic Storage Bins 4-Pack,Office Supplies,Storage & Organization,4,55.0,187.0,0.15,48.0,North,Minnesota,Minneapolis,Debit Card
ORD-2023-12941,2022-12-24,CUST-1283,Charles Allen,PROD-TEC-102,UltraSlim 14 Inch Notebook,Technology,Laptops & Monitors,3,1100.0,3300.0,0.0,819.0,Central,Ohio,Columbus,Credit Card
ORD-2023-12942,2023-05-29,CUST-1051,Sarah Jones,PROD-OFF-127,Professional Acrylic Paint Set,Office Supplies,Art & Craft,2,42.0,75.6,0.1,21.88,West,Washington,Seattle,Credit Card
ORD-2024-12943,2022-05-01,CUST-1398,Dorothy Martinez,PROD-FUR-113,Ergonomic Executive Mesh Chair,Furniture,Chairs & Stools,1,240.0,240.0,0.0,44.0,East,Massachusetts,Boston,Credit Card
ORD-2023-12944,2022-01-02,CUST-1154,Kevin Young,PROD-TEC-102,UltraSlim 14 Inch Notebook,Technology,Laptops & Monitors,1,1100.0,1100.0,0.0,271.0,North,Minnesota,Minneapolis,Credit Card
ORD-2022-12945,2022-09-18,CUST-1374,Sandra Taylor,PROD-HOM-132,Non-Stick Ceramic Cookware 10-Piece,Home & Kitchen,Cookware & Dining,1,180.0,171.0,0.05,44.6,South,North Carolina,Charlotte,PayPal
ORD-2023-12946,2024-01-01,CUST-1164,Paul Garcia,PROD-OFF-122,Executive Hardcover Notebook 3-Pack,Office Supplies,Paper & Stationary,1,24.0,22.8,0.05,6.8,Central,Illinois,Chicago,PayPal
ORD-2022-12947,2022-05-06,CUST-1237,Joseph Anderson,PROD-TEC-102,UltraSlim 14 Inch Notebook,Technology,Laptops & Monitors,3,1100.0,2640.0,0.2,159.0,South,Florida,Orlando,Debit Card
ORD-2022-12948,2023-11-06,CUST-1434,Daniel Ramirez,PROD-TEC-103,27-Inch 4K UHD Monitor,Technology,Laptops & Monitors,2,350.0,630.0,0.1,121.0,South,Florida,Miami,Credit Card
ORD-2024-12949,2022-02-04,CUST-1251,Margaret Hill,PROD-HOM-135,100% Organic Cotton Sheet Set Queen,Home & Kitchen,Bedding & Decor,10,85.0,850.0,0.0,310.0,West,Washington,Seattle,UPI / Net Banking
ORD-2024-12950,2022-06-09,CUST-1057,William Thomas,PROD-OFF-124,Heavy-Duty Plastic Storage Bins 4-Pack,Office Supplies,Storage & Organization,1,55.0,52.25,0.05,15.25,East,New York,Buffalo,Credit Card
ORD-2022-12951,2022-12-28,CUST-1102,Thomas King,PROD-OFF-128,Precision Cutting Mat & Knife Set,Office Supplies,Art & Craft,1,22.0,22.0,0.0,6.56,West,Washington,Seattle,Cash on Delivery
ORD-2023-12952,2022-02-16,CUST-1251,Margaret Hill,PROD-TEC-104,24-Inch IPS FHD Monitor,Technology,Laptops & Monitors,10,180.0,1800.0,0.0,527.0,Central,Texas,Dallas,Credit Card
ORD-2022-12953,2024-03-31,CUST-1177,Jessica Taylor,PROD-TEC-107,USB-C Multi-Port Hub,Technology,Accessories,1,45.0,45.0,0.0,16.25,North,Michigan,Detroit,UPI / Net Banking
ORD-2023-12954,2022-06-18,CUST-1253,Matthew Torres,PROD-FUR-120,Modern Modular Bookshelf,Furniture,Bookcases,1,210.0,210.0,0.0,42.2,East,New York,Buffalo,Debit Card
ORD-2024-12955,2023-08-05,CUST-1212,Linda Jones,PROD-HOM-129,Digital Touchscreen Air Fryer 5.8Qt,Home & Kitchen,Appliances,2,110.0,220.0,0.0,61.0,South,Florida,Miami,Credit Card
ORD-2024-12956,2022-01-12,CUST-1341,Kenneth Anderson,PROD-TEC-104,24-Inch IPS FHD Monitor,Technology,Laptops & Monitors,5,180.0,810.0,0.1,172.0,West,Washington,Seattle,PayPal
ORD-2024-12957,2024-04-13,CUST-1079,Margaret Hernandez,PROD-OFF-125,3-Drawer Mobile File Cabinet,Office Supplies,Storage & Organization,4,145.0,580.0,0.0,155.4,West,California,Los Angeles,UPI / Net Banking
ORD-2022-12958,2024-01-17,CUST-1242,Daniel Allen,PROD-FUR-117,Compact Computer Desk,Furniture,Desks & Tables,1,130.0,130.0,0.0,24.6,West,California,Los Angeles,PayPal
ORD-2022-12959,2022-04-01,CUST-1415,Susan Thompson,PROD-TEC-109,Noise Canceling Headphones,Technology,Phones & Audio,3,199.0,447.75,0.25,23.85,Central,Texas,Houston,Credit Card
ORD-2023-12960,2024-06-06,CUST-1082,Paul Lopez,PROD-OFF-125,3-Drawer Mobile File Cabinet,Office Supplies,Storage & Organization,2,145.0,246.5,0.15,32.7,East,New York,New York City,Credit Card
ORD-2022-12961,2024-05-13,CUST-1171,John Flores,PROD-FUR-120,Modern Modular Bookshelf,Furniture,Bookcases,1,210.0,199.5,0.05,31.7,South,North Carolina,Charlotte,PayPal
ORD-2023-12962,2023-01-17,CUST-1359,Nancy Harris,PROD-FUR-114,High-Back Leather Gaming Chair,Furniture,Chairs & Stools,8,290.0,2320.0,0.0,406.6,North,Michigan,Detroit,PayPal
ORD-2022-12963,2024-03-27,CUST-1396,Margaret White,PROD-HOM-135,100% Organic Cotton Sheet Set Queen,Home & Kitchen,Bedding & Decor,1,85.0,59.5,0.3,2.8,West,California,San Diego,UPI / Net Banking
ORD-2023-12964,2022-05-28,CUST-1030,Lisa Torres,PROD-FUR-114,High-Back Leather Gaming Chair,Furniture,Chairs & Stools,5,290.0,1232.5,0.15,35.5,Central,Ohio,Columbus,Credit Card
ORD-2024-12965,2023-03-16,CUST-1263,Paul Martin,PROD-FUR-120,Modern Modular Bookshelf,Furniture,Bookcases,2,210.0,420.0,0.0,87.4,South,Florida,Miami,PayPal
ORD-2024-12966,2022-05-18,CUST-1085,Joshua Allen,PROD-TEC-102,UltraSlim 14 Inch Notebook,Technology,Laptops & Monitors,5,1100.0,5500.0,0.0,1367.0,South,Florida,Miami,UPI / Net Banking
ORD-2022-12967,2022-04-24,CUST-1095,Jessica Torres,PROD-HOM-129,Digital Touchscreen Air Fryer 5.8Qt,Home & Kitchen,Appliances,4,110.0,440.0,0.0,125.0,East,New York,Buffalo,
ORD-2023-12968,2022-10-26,CUST-1240,Sarah Jones,PROD-HOM-131,Compact HEPA Air Purifier,Home & Kitchen,Appliances,3,130.0,351.0,0.1,64.2,North,Michigan,Detroit,Credit Card
ORD-2024-12969,2022/08/31,CUST-1398,Dorothy Martinez,PROD-HOM-130,Programmable Drip Coffee Maker,Home & Kitchen,Appliances,1,75.0,67.5,0.1,14.75,South,North Carolina,Charlotte,UPI / Net Banking
ORD-2022-12970,2023-10-14,CUST-1214,Steven Williams,PROD-TEC-112,Smart Fitness Watch,Technology,Phones & Audio,4,149.0,566.2,0.05,130.08,Central,Illinois,Chicago,UPI / Net Banking
ORD-2022-12971,2023-11-04,CUST-1154,Kevin Young,PROD-TEC-107,USB-C Multi-Port Hub,Technology,Accessories,2,45.0,90.0,0.0,35.5,East,Massachusetts,Boston,Credit Card
ORD-2023-12972,2023-11-02,CUST-1169,Andrew Thomas,PROD-OFF-126,Desktop Document Organizer,Office Supplies,Storage & Organization,3,28.0,84.0,0.0,31.8,East,Pennsylvania,Philadelphia,Credit Card
ORD-2023-12973,2024-01-06,CUST-1351,Donna Torres,PROD-FUR-115,Adjustable Drafting Stool,Furniture,Chairs & Stools,2,110.0,220.0,0.0,50.0,Central,Ohio,Columbus,Credit Card
ORD-2024-12974,2024-01-07,CUST-1364,Patricia Thompson,PROD-HOM-132,Non-Stick Ceramic Cookware 10-Piece,Home & Kitchen,Cookware & Dining,1,180.0,171.0,0.05,44.6,West,California,Los Angeles,Credit Card
ORD-2024-12975,2023-04-07,CUST-1350,Mary Sanchez,PROD-TEC-104,24-Inch IPS FHD Monitor,Technology,Laptops & Monitors,1,180.0,144.0,0.2,14.0,Central,Illinois,Chicago,Credit Card
ORD-2024-12976,2022-05-26,CUST-1297,Jessica Martinez,PROD-OFF-126,Desktop Document Organizer,Office Supplies,Storage & Organization,1,28.0,19.6,0.3,0.2,Central,Texas,Dallas,Debit Card
ORD-2022-12977,2023-09-05,CUST-1128,Kevin Ramirez,PROD-OFF-126,Desktop Document Organizer,Office Supplies,Storage & Organization,3,28.0,71.4,0.15,19.2,South,Florida,Orlando,Debit Card
ORD-2022-12978,2023-03-10,CUST-1293,Sandra Clark,PROD-TEC-102,UltraSlim 14 Inch Notebook,Technology,Laptops & Monitors,2,1100.0,2200.0,0.0,545.0,North,Wisconsin,Milwaukee,Debit Card
ORD-2024-12979,2022-08-26,CUST-1102,Thomas King,PROD-OFF-124,Heavy-Duty Plastic Storage Bins 4-Pack,Office Supplies,Storage & Organization,1,55.0,41.25,0.25,4.25,North,Wisconsin,Milwaukee,Cash on Delivery
ORD-2022-12980,2022-01-05,CUST-1210,Emily Ramirez,PROD-OFF-124,Heavy-Duty Plastic Storage Bins 4-Pack,Office Supplies,Storage & Organization,4,55.0,110.0,0.5,-29.0,East,Massachusetts,Boston,UPI / Net Banking
ORD-2023-12981,2023-01-22,CUST-1294,Joshua Torres,PROD-FUR-114,High-Back Leather Gaming Chair,Furniture,Chairs & Stools,4,290.0,1160.0,0.0,201.8,East,Pennsylvania,Philadelphia,Cash on Delivery
ORD-2022-12982,2022-06-04,CUST-1279,Donald Wilson,PROD-FUR-116,Electric Dual-Motor Standing Desk,Furniture,Desks & Tables,1,450.0,360.0,0.2,-13.0,East,New York,Buffalo,Credit Card
ORD-2024-12983,2023-08-16,CUST-1007,Margaret Williams,PROD-FUR-115,Adjustable Drafting Stool,Furniture,Chairs & Stools,2,110.0,220.0,0.0,50.0,Central,Texas,Austin,Debit Card
ORD-2023-12984,2023-12-18,CUST-1014,Donald Nguyen,PROD-FUR-113,Ergonomic Executive Mesh Chair,Furniture,Chairs & Stools,1,240.0,240.0,0.0,44.0,West,California,Los Angeles,Credit Card
ORD-2022-12985,2022-09-17,CUST-1358,Sandra Lee,PROD-OFF-125,3-Drawer Mobile File Cabinet,Office Supplies,Storage & Organization,4,145.0,551.0,0.05,126.4,East,New York,New York City,Debit Card
ORD-2024-12986,2023-07-23,CUST-1303,Sandra Brown,PROD-OFF-121,Premium Multipurpose Copy Paper 5 Reams,Office Supplies,Paper & Stationary,1,38.0,38.0,0.0,13.1,East,New York,Buffalo,UPI / Net Banking
ORD-2023-12987,2023-04-14,CUST-1238, Mary Gonzalez ,PROD-OFF-128,Precision Cutting Mat & Knife Set,Office Supplies,Art & Craft,5,22.0,93.5,0.15,28.3,West,California,Los Angeles,Credit Card
ORD-2024-12988,2023-08-25,CUST-1410,Andrew Flores,PROD-HOM-130,Programmable Drip Coffee Maker,Home & Kitchen,Appliances,2,75.0,135.0,0.1,32.5,North,Wisconsin,Milwaukee,Credit Card
ORD-2022-12989,2022-02-15,CUST-1117,Joseph Jones,PROD-FUR-115,Adjustable Drafting Stool,Furniture,Chairs & Stools,1,110.0,99.0,0.1,12.5,South,Florida,Orlando,UPI / Net Banking
ORD-2023-12990,2022-09-28,CUST-1445,Melissa Walker,PROD-OFF-122,Executive Hardcover Notebook 3-Pack,Office Supplies,Paper & Stationary,3,24.0,50.4,0.3,8.4,West,California,Los Angeles,UPI / Net Banking
ORD-2023-12991,2023-12-19,CUST-1448,Kenneth Jackson,PROD-HOM-129,Digital Touchscreen Air Fryer 5.8Qt,Home & Kitchen,Appliances,6,110.0,561.0,0.15,90.0,West,California,San Francisco,Credit Card
ORD-2023-12992,2022-06-16,CUST-1248,Michael Hill,PROD-TEC-104,24-Inch IPS FHD Monitor,Technology,Laptops & Monitors,2,180.0,342.0,0.05,85.0,South,North Carolina,Charlotte,Credit Card
ORD-2023-12993,2024-04-02,CUST-1245,Linda Taylor,PROD-OFF-127,Professional Acrylic Paint Set,Office Supplies,Art & Craft,1,42.0,35.7,0.15,7.34,East,New York,New York City,Credit Card
ORD-2023-12994,2023-01-06,CUST-1149,Patricia Hernandez,PROD-OFF-123,Gel Ink Pens Box of 24,Office Supplies,Paper & Stationary,2,15.0,27.0,0.1,8.5,East,Massachusetts,Boston,UPI / Net Banking
ORD-2024-12995,2023-08-14,CUST-1108,Donald King,PROD-FUR-119,5-Shelf Ladder Bookcase,Furniture,Bookcases,2,140.0,210.0,0.25,-5.0,West,Oregon,Portland,Credit Card
ORD-2024-12996,2023-06-04,CUST-1133,Patricia Sanchez,PROD-OFF-125,3-Drawer Mobile File Cabinet,Office Supplies,Storage & Organization,1,145.0,145.0,0.0,36.6,Central,Ohio,Columbus,Credit Card
ORD-2024-12997,2023-09-04,CUST-1094,Jessica Brown,PROD-OFF-127,Professional Acrylic Paint Set,Office Supplies,Art & Craft,2,42.0,79.8,0.05,26.08,West,California,Los Angeles,Credit Card
ORD-2023-12998,2024-06-23,CUST-1226,Jessica Hernandez,PROD-HOM-130,Programmable Drip Coffee Maker,Home & Kitchen,Appliances,3,75.0,168.75,0.25,16.5,East,Massachusetts,Boston,Credit Card
ORD-2023-12999,2022-05-28,CUST-1193,James Scott,PROD-FUR-115,Adjustable Drafting Stool,Furniture,Chairs & Stools,6,110.0,660.0,0.0,156.0,North,Minnesota,Minneapolis,Credit Card
ORD-2024-13000,2024-03-15,CUST-1044,David Robinson,PROD-TEC-104,24-Inch IPS FHD Monitor,Technology,Laptops & Monitors,4,180.0,720.0,0.0,209.0,North,Minnesota,Minneapolis,Credit Card
ORD-2022-13001,2023-11-08,CUST-1407,Jessica Garcia,PROD-TEC-103,27-Inch 4K UHD Monitor,Technology,Laptops & Monitors,3,350.0,1050.0,0.0,288.0,East,Massachusetts,Boston,PayPal
ORD-2022-13002,2023-12-02,CUST-1398,Dorothy Martinez,PROD-FUR-116,Electric Dual-Motor Standing Desk,Furniture,Desks & Tables,2,450.0,675.0,0.25,-68.0,West,California,Los Angeles,UPI / Net Banking
ORD-2022-13003,2024-03-17,CUST-1206,,PROD-TEC-102,UltraSlim 14 Inch Notebook,Technology,Laptops & Monitors,2,1100.0,1320.0,0.4,-335.0,North,Minnesota,Minneapolis,Credit Card
ORD-2024-13004,2022-12-19,CUST-1336,Matthew Walker,PROD-TEC-109,Noise Canceling Headphones,Technology,Phones & Audio,5,199.0,845.75,0.15,141.25,East,New York,Buffalo,Debit Card
ORD-2022-13005,2022-05-20,CUST-1259,Robert Perez,PROD-OFF-122,Executive Hardcover Notebook 3-Pack,Office Supplies,Paper & Stationary,1,24.0,20.4,0.15,4.4,East,New York,Buffalo,Credit Card
ORD-2023-13006,2023-06-28,CUST-1424,Edward Thomas,PROD-HOM-136,Weighted Cooling Blanket 15lbs,Home & Kitchen,Bedding & Decor,2,95.0,180.5,0.05,52.0,South,Georgia,Atlanta,Cash on Delivery
ORD-2024-13007,2023-10-09,CUST-1386,Michael Martin,PROD-HOM-134,Insulated Stainless Steel Tumbler 30oz,Home & Kitchen,Cookware & Dining,2,25.0,50.0,0.0,20.0,South,Florida,Miami,Debit Card
ORD-2022-13008,2022-11-28,CUST-1127,Michael Miller,PROD-HOM-129,Digital Touchscreen Air Fryer 5.8Qt,Home & Kitchen,Appliances,2,110.0,220.0,0.0,61.0,West,Washington,Seattle,Credit Card
ORD-2024-13009,2024-05-30,CUST-1218,John Martin,PROD-HOM-136,Weighted Cooling Blanket 15lbs,Home & Kitchen,Bedding & Decor,3,95.0,270.75,0.05,79.5,South,North Carolina,Charlotte,Debit Card
ORD-2022-13010,2022-06-22,CUST-1063,Joseph Rodriguez,PROD-FUR-116,Electric Dual-Motor Standing Desk,Furniture,Desks & Tables,1,450.0,360.0,0.2,-13.0,Central,Illinois,Chicago,Credit Card
ORD-2023-13011,2023-07-28,CUST-1206,James Perez,PROD-OFF-127,Professional Acrylic Paint Set,Office Supplies,Art & Craft,3,42.0,126.0,0.0,46.92,South,Florida,Orlando,Debit Card
ORD-2024-13012,2024-03-06,CUST-1248,Michael Hill,PROD-TEC-111,Bluetooth Conference Speaker,Technology,Phones & Audio,3,120.0,360.0,0.0,109.2,West,Oregon,Portland,Cash on Delivery
ORD-2023-13013,2023-08-05,CUST-1186,Paul Taylor,PROD-OFF-127,Professional Acrylic Paint Set,Office Supplies,Art & Craft,4,42.0,168.0,0.0,63.56,West,California,San Francisco,Credit Card
ORD-2022-13014,2023-03-14,CUST-1005,Amanda Wright,PROD-FUR-116,Electric Dual-Motor Standing Desk,Furniture,Desks & Tables,3,450.0,1147.5,0.15,34.5,South,Florida,Orlando,Debit Card
ORD-2022-13015,2023-12-20,CUST-1022,Matthew Miller,PROD-TEC-112,Smart Fitness Watch,Technology,Phones & Audio,4,149.0,566.2,0.05,130.08,East,Massachusetts,Boston,Debit Card
ORD-2024-13016,2023-12-22,CUST-1336,Matthew Walker,PROD-TEC-101,ProBook 15.6 Inch Laptop,Technology,Laptops & Monitors,6,850.0,4335.0,0.15,348.0,Central,Illinois,Chicago,Debit Card
ORD-2023-13017,2023-06-27,CUST-1256,James King,PROD-TEC-109,Noise Canceling Headphones,Technology,Phones & Audio,6,199.0,1134.3,0.05,289.5,West,California,Los Angeles,Cash on Delivery
ORD-2024-13018,2024-01-28,CUST-1010,Paul Hill,PROD-TEC-107,USB-C Multi-Port Hub,Technology,Accessories,4,45.0,180.0,0.0,74.0,West,California,San Diego,Debit Card
ORD-2022-13019,2022-08-24,CUST-1445,Melissa Walker,PROD-OFF-126,Desktop Document Organizer,Office Supplies,Storage & Organization,1,28.0,19.6,0.3,0.2,West,California,Los Angeles,UPI / Net Banking
ORD-2022-13020,2022-07-26,CUST-1007,Margaret Williams,PROD-OFF-124,Heavy-Duty Plastic Storage Bins 4-Pack,Office Supplies,Storage & Organization,1,55.0,52.25,0.05,15.25,East,Massachusetts,Boston,PayPal
ORD-2022-13021,2023-03-13,CUST-1026,Steven Davis,PROD-TEC-106,Mechanical RGB Keyboard,Technology,Accessories,2,75.0,135.0,0.1,32.5,East,Pennsylvania,Philadelphia,Credit Card
ORD-2023-13022,2024-01-30,CUST-1340,Melissa Wright,PROD-HOM-135,100% Organic Cotton Sheet Set Queen,Home & Kitchen,Bedding & Decor,1,85.0,85.0,0.0,28.3,Central,Texas,Austin,Debit Card
ORD-2024-13023,2022-04-20,CUST-1290,John Thomas,PROD-OFF-128,Precision Cutting Mat & Knife Set,Office Supplies,Art & Craft,3,22.0,62.7,0.05,22.38,West,Washington,Seattle,Credit Card
ORD-2023-13024,2022-03-17,CUST-1293,Sandra Clark,PROD-TEC-109,Noise Canceling Headphones,Technology,Phones & Audio,1,199.0,169.15,0.15,25.85,Central,Illinois,Chicago,Credit Card
ORD-2022-13025,2023-12-23,CUST-1077,Deborah Perez,PROD-HOM-129,Digital Touchscreen Air Fryer 5.8Qt,Home & Kitchen,Appliances,1,110.0,88.0,0.2,7.0,South,Florida,Miami,PayPal
ORD-2024-13026,2022-06-15,CUST-1304,Emily Thomas,PROD-TEC-107,USB-C Multi-Port Hub,Technology,Accessories,2,45.0,90.0,0.0,35.5,North,Minnesota,Minneapolis,PayPal
ORD-2022-13027,2023-03-16,CUST-1432,Lisa Walker,PROD-FUR-114,High-Back Leather Gaming Chair,Furniture,Chairs & Stools,1,290.0,246.5,0.15,4.7,South,North Carolina,Charlotte,Credit Card
ORD-2023-13028,2022-11-06,CUST-1357,Christopher Wilson,PROD-TEC-108,HD Pro Webcam 1080p,Technology,Accessories,2,65.0,130.0,0.0,44.4,East,Pennsylvania,Philadelphia,PayPal
ORD-2022-13029,2023-01-30,CUST-1067,Joshua Hernandez,PROD-OFF-123,Gel Ink Pens Box of 24,Office Supplies,Paper & Stationary,1,15.0,12.75,0.15,2.0,North,Wisconsin,Milwaukee,Credit Card
ORD-2024-13030,2024-03-21,CUST-1241,Deborah Moore,PROD-HOM-129,Digital Touchscreen Air Fryer 5.8Qt,Home & Kitchen,Appliances,2,110.0,187.0,0.15,28.0,South,Florida,Orlando,PayPal
ORD-2023-13031,2022-11-01,CUST-1098,Robert Wright,PROD-FUR-120,Modern Modular Bookshelf,Furniture,Bookcases,1,210.0,199.5,0.05,31.7,Central,Texas,Houston,Cash on Delivery
ORD-2022-13032,2023-09-11,CUST-1444,Richard Wilson,PROD-OFF-125,3-Drawer Mobile File Cabinet,Office Supplies,Storage & Organization,1,145.0,108.75,0.25,0.35,West,California,San Diego,Cash on Delivery
ORD-2024-13033,2024-06-06,CUST-1347,George Hernandez,PROD-TEC-103,27-Inch 4K UHD Monitor,Technology,Laptops & Monitors,3,350.0,997.5,0.05,235.5,Central,Texas,Houston,Credit Card
ORD-2024-13034,2022-01-20,CUST-1329,Anthony Perez,PROD-FUR-119,5-Shelf Ladder Bookcase,Furniture,Bookcases,1,140.0,140.0,0.0,31.0,East,New York,Buffalo,Credit Card
ORD-2022-13035,2023-08-05,CUST-1147,Ashley Walker,PROD-TEC-101,ProBook 15.6 Inch Laptop,Technology,Laptops & Monitors,3,850.0,2295.0,0.1,300.0,East,New York,New York City,UPI / Net Banking
ORD-2022-13036,2023-02-20,CUST-1196,Linda Miller,PROD-TEC-109,Noise Canceling Headphones,Technology,Phones & Audio,3,199.0,417.9,0.3,-6.0,Central,Texas,Houston,Credit Card
ORD-2022-13037,2022-02-24,CUST-1305,Linda Robinson,PROD-TEC-106,Mechanical RGB Keyboard,Technology,Accessories,2,75.0,135.0,0.1,32.5,East,Pennsylvania,Philadelphia,Credit Card
ORD-2023-13038,2022-09-05,CUST-1056,Elizabeth Taylor,PROD-TEC-108,HD Pro Webcam 1080p,Technology,Accessories,1,65.0,65.0,0.0,20.7,West,Washington,Seattle,Debit Card
ORD-2023-13039,2023-03-08,CUST-1293,Sandra Clark,PROD-TEC-101,ProBook 15.6 Inch Laptop,Technology,Laptops & Monitors,1,850.0,765.0,0.1,98.0,Central,Illinois,Chicago,Credit Card
ORD-2023-13040,2023-09-18,CUST-1271,Michelle Torres,PROD-FUR-118,Solid Wood Conference Table,Furniture,Desks & Tables,1,850.0,850.0,0.0,123.5,West,Washington,Seattle,Credit Card
ORD-2024-13041,2024-02-20,CUST-1166,Kenneth Jones,PROD-OFF-127,Professional Acrylic Paint Set,Office Supplies,Art & Craft,2,42.0,75.6,0.1,21.88,Central,Texas,Dallas,Credit Card
ORD-2022-13042,2024-06-02,CUST-1305,Linda Robinson,PROD-TEC-102,UltraSlim 14 Inch Notebook,Technology,Laptops & Monitors,1,1100.0,990.0,0.1,161.0,South,Florida,Orlando,PayPal
ORD-2022-13043,2023-02-17,CUST-1167,Amanda Thomas,PROD-TEC-101,ProBook 15.6 Inch Laptop,Technology,Laptops & Monitors,2,850.0,1700.0,0.0,369.0,West,California,Los Angeles,UPI / Net Banking
ORD-2024-13044,2022-02-26,CUST-1222,Kevin Miller,PROD-FUR-120,Modern Modular Bookshelf,Furniture,Bookcases,1,210.0,126.0,0.4,-41.8,Central,Texas,Dallas,PayPal
ORD-2023-13045,2022-09-13,CUST-1432,Lisa Walker,PROD-OFF-121,Premium Multipurpose Copy Paper 5 Reams,Office Supplies,Paper & Stationary,1,38.0,34.2,0.1,9.3,West,California,San Diego,Credit Card
ORD-2022-13046,2023-02-15,CUST-1318,Ashley Thomas,PROD-HOM-132,Non-Stick Ceramic Cookware 10-Piece,Home & Kitchen,Cookware & Dining,1,180.0,144.0,0.2,17.6,Central,Ohio,Columbus,Debit Card
ORD-2023-13047,2023-08-08,CUST-1116,Dorothy Brown,PROD-FUR-113,Ergonomic Executive Mesh Chair,Furniture,Chairs & Stools,1,240.0,216.0,0.1,20.0,Central,Texas,Austin,Debit Card
ORD-2022-13048,2024-01-28,CUST-1399,Margaret Lopez,PROD-TEC-112,Smart Fitness Watch,Technology,Phones & Audio,2,149.0,283.1,0.05,63.54,Central,Texas,Austin,Credit Card
ORD-2024-13049,2022-04-11,CUST-1114,Donna Anderson,PROD-FUR-116,Electric Dual-Motor Standing Desk,Furniture,Desks & Tables,6,450.0,2565.0,0.05,342.0,West,California,Los Angeles,Debit Card
ORD-2022-13050,2022-02-21,CUST-1093,Lisa Martin,PROD-FUR-115,Adjustable Drafting Stool,Furniture,Chairs & Stools,4,110.0,440.0,0.0,103.0,West,Washington,Seattle,PayPal
ORD-2022-13051,2023-10-11,CUST-1292,Deborah Jones,PROD-HOM-135,100% Organic Cotton Sheet Set Queen,Home & Kitchen,Bedding & Decor,1,85.0,72.25,0.15,15.55,East,Pennsylvania,Philadelphia,PayPal
ORD-2023-13052,2022-03-16,CUST-1205,Sarah Williams,PROD-TEC-104,24-Inch IPS FHD Monitor,Technology,Laptops & Monitors,1,180.0,180.0,0.0,50.0,South,Florida,Orlando,Debit Card
ORD-2023-13053,2023-01-01,CUST-1167,Amanda Thomas,PROD-HOM-135,100% Organic Cotton Sheet Set Queen,Home & Kitchen,Bedding & Decor,2,85.0,170.0,0.0,59.6,Central,Texas,Dallas,Debit Card
ORD-2023-13054,2022-06-05,CUST-1078,Linda Jackson,PROD-FUR-120,Modern Modular Bookshelf,Furniture,Bookcases,10,210.0,1260.0,0.4,-391.0,Central,Texas,Austin,Debit Card
ORD-2022-13055,2022-05-15,CUST-1165,Barbara Jones,PROD-FUR-115,Adjustable Drafting Stool,Furniture,Chairs & Stools,2,110.0,198.0,0.1,28.0,East,New York,New York City,Credit Card
ORD-2024-13056,2024-06-26,CUST-1177,Jessica Taylor,PROD-TEC-102,UltraSlim 14 Inch Notebook,Technology,Laptops & Monitors,1,1100.0,1100.0,0.0,271.0,East,Pennsylvania,Philadelphia,Debit Card
ORD-2022-13057,2023-09-24,CUST-1366,Deborah Williams,PROD-HOM-131,Compact HEPA Air Purifier,Home & Kitchen,Appliances,4,130.0,494.0,0.05,112.6,West,California,Los Angeles,Credit Card
ORD-2023-13058,2023-03-19,CUST-1409,Jessica Robinson,PROD-FUR-115,Adjustable Drafting Stool,Furniture,Chairs & Stools,2,110.0,220.0,0.0,50.0,Central,Texas,Houston,Cash on Delivery
ORD-2023-13059,2022-05-04,CUST-1382,Amanda Harris,PROD-OFF-127,Professional Acrylic Paint Set,Office Supplies,Art & Craft,1,42.0,42.0,0.0,13.64,West,California,San Francisco,Cash on Delivery
ORD-2024-13060,2023-03-19,CUST-1122, Susan Wright ,PROD-OFF-121,Premium Multipurpose Copy Paper 5 Reams,Office Supplies,Paper & Stationary,3,38.0,91.2,0.2,22.5,West,California,San Francisco,Cash on Delivery
ORD-2023-13061,2022-06-07,CUST-1029,Joshua Flores,PROD-OFF-121,Premium Multipurpose Copy Paper 5 Reams,Office Supplies,Paper & Stationary,1,38.0,38.0,0.0,13.1,South,North Carolina,Charlotte,UPI / Net Banking
ORD-2022-13062,2022-11-10,CUST-1098,Robert Wright,PROD-FUR-114,High-Back Leather Gaming Chair,Furniture,Chairs & Stools,1,290.0,290.0,0.0,48.2,East,Massachusetts,Boston,Credit Card
ORD-2022-13063,2022-03-22,CUST-1146,David Clark,PROD-OFF-127,Professional Acrylic Paint Set,Office Supplies,Art & Craft,1,42.0,29.4,0.3,1.04,Central,Illinois,Chicago,PayPal
ORD-2024-13064,2023-07-25,CUST-1051,Sarah Jones,PROD-HOM-135,100% Organic Cotton Sheet Set Queen,Home & Kitchen,Bedding & Decor,3,85.0,242.25,0.05,78.15,South,Florida,Orlando,Debit Card
ORD-2022-13065,2023-07-23,CUST-1268,Richard Clark,PROD-TEC-108,HD Pro Webcam 1080p,Technology,Accessories,1,65.0,61.75,0.05,17.45,Central,Texas,Dallas,PayPal
ORD-2024-13066,2022-12-28,CUST-1216,Emily Martinez,PROD-TEC-103,27-Inch 4K UHD Monitor,Technology,Laptops & Monitors,8,350.0,2660.0,0.05,633.0,South,Georgia,Atlanta,Credit Card
ORD-2024-13067,2024-02-16,CUST-1083,Paul Miller,PROD-OFF-125,3-Drawer Mobile File Cabinet,Office Supplies,Storage & Organization,3,145.0,435.0,0.0,115.8,East,Massachusetts,Boston,Credit Card
ORD-2022-13068,2024-01-12,CUST-1327,Dorothy Wilson,PROD-HOM-136,Weighted Cooling Blanket 15lbs,Home & Kitchen,Bedding & Decor,3,95.0,285.0,0.0,93.75,North,Michigan,Detroit,Credit Card
ORD-2022-13069,2022-12-27,CUST-1216,Emily Martinez,PROD-FUR-119,5-Shelf Ladder Bookcase,Furniture,Bookcases,6,140.0,756.0,0.1,117.0,West,California,Los Angeles,Credit Card
ORD-2022-13070,2022-02-20,CUST-1394,James Clark,PROD-OFF-126,Desktop Document Organizer,Office Supplies,Storage & Organization,3,28.0,75.6,0.1,23.4,Central,Ohio,Columbus,Credit Card
ORD-2023-13071,2022-04-16,CUST-1329,Anthony Perez,PROD-FUR-117,Compact Computer Desk,Furniture,Desks & Tables,2,130.0,156.0,0.4,-51.8,East,Pennsylvania,Philadelphia,Debit Card
ORD-2023-13072,2023-05-08,CUST-1135,Michael Thomas,PROD-TEC-103,27-Inch 4K UHD Monitor,Technology,Laptops & Monitors,1,350.0,297.5,0.15,41.5,South,North Carolina,Charlotte,Credit Card
ORD-2023-13073,2024-02-21,CUST-1252,Paul Davis,PROD-TEC-107,USB-C Multi-Port Hub,Technology,Accessories,1,45.0,45.0,0.0,16.25,West,California,Los Angeles,Debit Card
ORD-2023-13074,2022-08-01,CUST-1156,Charles Wilson,PROD-FUR-116,Electric Dual-Motor Standing Desk,Furniture,Desks & Tables,8,450.0,3420.0,0.05,457.0,West,California,Los Angeles,UPI / Net Banking
ORD-2022-13075,2024-01-08,CUST-1017,Brian Ramirez,PROD-TEC-109,Noise Canceling Headphones,Technology,Phones & Audio,2,199.0,378.1,0.05,94.5,East,Pennsylvania,Philadelphia,Credit Card
ORD-2023-13076,2023-12-22,CUST-1245,Linda Taylor,PROD-HOM-131,Compact HEPA Air Purifier,Home & Kitchen,Appliances,6,130.0,741.0,0.05,170.4,West,California,San Francisco,Debit Card
ORD-2024-13077,2024-03-12,CUST-1083,Paul Miller,PROD-OFF-127,Professional Acrylic Paint Set,Office Supplies,Art & Craft,5,42.0,210.0,0.0,80.2,West,California,Los Angeles,Cash on Delivery
ORD-2023-13078,2023-11-12,CUST-1030,Lisa Torres,PROD-TEC-109,Noise Canceling Headphones,Technology,Phones & Audio,1,199.0,179.1,0.1,35.8,Central,Texas,Austin,PayPal
ORD-2023-13079,2023-08-28,CUST-1017,Brian Ramirez,PROD-HOM-133,Stainless Steel Chef Knife 8-Inch,Home & Kitchen,Cookware & Dining,2,45.0,90.0,0.0,35.5,Central,Illinois,Chicago,Credit Card
ORD-2023-13080,2023-10-09,CUST-1235,Richard Robinson,PROD-FUR-116,Electric Dual-Motor Standing Desk,Furniture,Desks & Tables,2,450.0,900.0,0.0,157.0,East,Massachusetts,Boston,Cash on Delivery
ORD-2023-13081,2022-09-12,CUST-1270,Amanda Lopez,PROD-FUR-115,Adjustable Drafting Stool,Furniture,Chairs & Stools,2,110.0,154.0,0.3,-16.0,East,New York,New York City,Debit Card
ORD-2024-13082,2022-08-20,CUST-1010,Paul Hill,PROD-HOM-132,Non-Stick Ceramic Cookware 10-Piece,Home & Kitchen,Cookware & Dining,1,180.0,153.0,0.15,26.6,South,Georgia,Atlanta,Credit Card
ORD-2023-13083,2023-02-28,CUST-1387,Amanda Hill,PROD-OFF-125,3-Drawer Mobile File Cabinet,Office Supplies,Storage & Organization,5,145.0,725.0,0.0,195.0,Central,Texas,Houston,Cash on Delivery
ORD-2023-13084,2022-06-10,CUST-1075,Amanda Wright,PROD-OFF-122,Executive Hardcover Notebook 3-Pack,Office Supplies,Paper & Stationary,5,24.0,84.0,0.3,16.0,West,California,San Francisco,
ORD-2022-13085,2022-05-13,CUST-1115,James Jones,PROD-FUR-119,5-Shelf Ladder Bookcase,Furniture,Bookcases,1,140.0,133.0,0.05,24.0,South,Florida,Miami,Credit Card
ORD-2022-13086,2023-01-04,CUST-1041,Brian Jones,PROD-OFF-124,Heavy-Duty Plastic Storage Bins 4-Pack,Office Supplies,Storage & Organization,3,55.0,165.0,0.0,60.0,West,Oregon,Portland,PayPal
ORD-2022-13087,2024-03-01,CUST-1442,Melissa Wright,PROD-HOM-133,Stainless Steel Chef Knife 8-Inch,Home & Kitchen,Cookware & Dining,2,45.0,76.5,0.15,22.0,East,New York,New York City,PayPal
ORD-2022-13088,2022-08-11,CUST-1297,Jessica Martinez,PROD-TEC-109,Noise Canceling Headphones,Technology,Phones & Audio,1,199.0,199.0,0.0,55.7,Central,Texas,Dallas,UPI / Net Banking
ORD-2024-13089,2023-01-26,CUST-1410,Andrew Flores,PROD-FUR-113,Ergonomic Executive Mesh Chair,Furniture,Chairs & Stools,1,240.0,240.0,0.0,44.0,Central,Texas,Dallas,Credit Card
ORD-2023-13090,2022-11-07,CUST-1156,Charles Wilson,PROD-TEC-110,True Wireless Earbuds,Technology,Phones & Audio,4,89.0,302.6,0.15,64.2,East,New York,New York City,Debit Card
ORD-2024-13091,2024-05-06,CUST-1202,Paul Young,PROD-FUR-113,Ergonomic Executive Mesh Chair,Furniture,Chairs & Stools,3,240.0,720.0,0.0,138.0,Central,Illinois,Chicago,Credit Card
ORD-2022-13092,2024-05-07,CUST-1428,Jennifer Jackson,PROD-TEC-108,HD Pro Webcam 1080p,Technology,Accessories,3,65.0,195.0,0.0,68.1,South,Florida,Miami,Credit Card
ORD-2023-13093,2024-03-17,CUST-1063, Joseph Rodriguez ,PROD-FUR-116,Electric Dual-Motor Standing Desk,Furniture,Desks & Tables,1,450.0,382.5,0.15,9.5,East,Massachusetts,Boston,Credit Card
ORD-2024-13094,2023-08-05,CUST-1427,Donald Johnson,PROD-TEC-108,HD Pro Webcam 1080p,Technology,Accessories,2,65.0,130.0,0.0,44.4,North,Michigan,Detroit,PayPal
ORD-2023-13095,2023-11-05,CUST-1347,George Hernandez,PROD-TEC-110,True Wireless Earbuds,Technology,Phones & Audio,1,89.0,80.1,0.1,18.25,West,California,San Diego,UPI / Net Banking
ORD-2022-13096,2022-08-14,CUST-1135,Michael Thomas,PROD-TEC-106,Mechanical RGB Keyboard,Technology,Accessories,1,75.0,71.25,0.05,18.5,West,California,San Diego,Debit Card
ORD-2024-13097,2023-10-11,CUST-1054,Susan Young,PROD-FUR-120,Modern Modular Bookshelf,Furniture,Bookcases,2,210.0,420.0,0.0,87.4,South,Florida,Miami,Debit Card
ORD-2024-13098,2022-04-29,CUST-1228,Mary Lopez,PROD-TEC-101,ProBook 15.6 Inch Laptop,Technology,Laptops & Monitors,6,850.0,5100.0,0.0,1113.0,Central,Texas,Austin,
ORD-2022-13099,2024-04-06,CUST-1198,Elizabeth Moore,PROD-HOM-130,Programmable Drip Coffee Maker,Home & Kitchen,Appliances,3,75.0,180.0,0.2,27.75,South,Florida,Miami,Credit Card
ORD-2022-13100,2022-09-26,CUST-1415,Susan Thompson,PROD-OFF-123,Gel Ink Pens Box of 24,Office Supplies,Paper & Stationary,3,15.0,45.0,0.0,18.75,Central,Texas,Dallas,Credit Card
ORD-2023-13101,2023-09-07,CUST-1138,William Ramirez,PROD-TEC-104,24-Inch IPS FHD Monitor,Technology,Laptops & Monitors,3,180.0,513.0,0.05,129.0,West,Washington,Seattle,Credit Card
ORD-2023-13102,2023-09-26,CUST-1322, Nancy Lee ,PROD-HOM-134,Insulated Stainless Steel Tumbler 30oz,Home & Kitchen,Cookware & Dining,10,25.0,250.0,0.0,112.0,East,Massachusetts,Boston,Credit Card
ORD-2024-13103,2023-09-22,CUST-1148,Susan Sanchez,PROD-TEC-106,Mechanical RGB Keyboard,Technology,Accessories,8,75.0,360.0,0.4,-41.0,Central,Texas,Houston,
ORD-2022-13104,2022-06-21,CUST-1219,Lisa Williams,PROD-HOM-129,Digital Touchscreen Air Fryer 5.8Qt,Home & Kitchen,Appliances,1,110.0,77.0,0.3,-4.0,East,Pennsylvania,Philadelphia,Credit Card
ORD-2023-13105,2022-09-05,CUST-1045,Matthew Moore,PROD-TEC-103,27-Inch 4K UHD Monitor,Technology,Laptops & Monitors,1,350.0,332.5,0.05,76.5,South,Florida,Miami,Credit Card
ORD-2022-13106,2022-06-19,CUST-1165,Barbara Jones,PROD-FUR-115,Adjustable Drafting Stool,Furniture,Chairs & Stools,8,110.0,836.0,0.05,165.0,East,Massachusetts,Boston,Debit Card
ORD-2024-13107,2023-02-14,CUST-1238,Mary Gonzalez,PROD-FUR-120,Modern Modular Bookshelf,Furniture,Bookcases,3,210.0,535.5,0.15,38.1,West,Oregon,Portland,Debit Card
ORD-2023-13108,2023-06-14,CUST-1036,Sarah Robinson,PROD-HOM-130,Programmable Drip Coffee Maker,Home & Kitchen,Appliances,1,75.0,67.5,0.1,14.75,North,Michigan,Detroit,Credit Card
ORD-2023-13109,2024-03-28,CUST-1240,Sarah Jones,PROD-TEC-101,ProBook 15.6 Inch Laptop,Technology,Laptops & Monitors,5,850.0,4037.5,0.05,714.5,West,California,Los Angeles,Cash on Delivery
ORD-2024-13110,2022-11-14,CUST-1305,Linda Robinson,PROD-FUR-113,Ergonomic Executive Mesh Chair,Furniture,Chairs & Stools,2,240.0,480.0,0.0,91.0,East,New York,Buffalo,Credit Card
ORD-2022-13111,2023-03-29,CUST-1055,Betty Robinson,PROD-OFF-128,Precision Cutting Mat & Knife Set,Office Supplies,Art & Craft,4,22.0,79.2,0.1,26.44,North,Michigan,Detroit,Credit Card
ORD-2023-13112,2022-03-30,CUST-1415,Susan Thompson,PROD-OFF-123,Gel Ink Pens Box of 24,Office Supplies,Paper & Stationary,1,15.0,15.0,0.0,4.25,West,California,San Diego,Cash on Delivery
ORD-2024-13113,2022-11-07,CUST-1340,Melissa Wright,PROD-OFF-127,Professional Acrylic Paint Set,Office Supplies,Art & Craft,3,42.0,126.0,0.0,46.92,South,Georgia,Atlanta,PayPal
ORD-2022-13114,2024-04-18,CUST-1109,Donald Davis,PROD-FUR-115,Adjustable Drafting Stool,Furniture,Chairs & Stools,1,110.0,93.5,0.15,7.0,West,California,San Diego  ,Credit Card
ORD-2024-13115,2023-08-21,CUST-1093,Lisa Martin,PROD-OFF-125,3-Drawer Mobile File Cabinet,Office Supplies,Storage & Organization,1,145.0,137.75,0.05,29.35,West,Washington,Seattle,Credit Card
ORD-2023-13116,2023-10-26,CUST-1426,Carol Young,PROD-HOM-130,Programmable Drip Coffee Maker,Home & Kitchen,Appliances,1,75.0,63.75,0.15,11.0,North,Michigan,Detroit,PayPal
ORD-2024-13117,2022-06-08,CUST-1140,Sandra Thomas,PROD-HOM-133,Stainless Steel Chef Knife 8-Inch,Home & Kitchen,Cookware & Dining,1,45.0,45.0,0.0,16.25,East,Massachusetts,Boston,Credit Card
ORD-2023-13118,2024-05-16,CUST-1270,Amanda Lopez,PROD-OFF-125,3-Drawer Mobile File Cabinet,Office Supplies,Storage & Organization,2,145.0,261.0,0.1,47.2,Central,Texas,Austin,PayPal
ORD-2023-13119,2023-07-21,CUST-1233,Matthew Williams,PROD-TEC-106,Mechanical RGB Keyboard,Technology,Accessories,1,75.0,75.0,0.0,22.25,Central,Texas,Austin,Credit Card
ORD-2022-13120,2024-02-23,CUST-1247,Thomas Williams,PROD-OFF-125,3-Drawer Mobile File Cabinet,Office Supplies,Storage & Organization,1,145.0,145.0,0.0,36.6,West,Washington,Seattle,Credit Card
ORD-2022-13121,2024-04-24,CUST-1164,Paul Garcia,PROD-HOM-130,Programmable Drip Coffee Maker,Home & Kitchen,Appliances,4,75.0,240.0,0.2,38.0,East,New York,Buffalo,Credit Card
ORD-2024-13122,2023-07-25,CUST-1314,Donald Taylor,PROD-FUR-113,Ergonomic Executive Mesh Chair,Furniture,Chairs & Stools,3,240.0,720.0,0.0,138.0,West,California,San Diego,Credit Card
ORD-2024-13123,2023-04-04,CUST-1008,Mary Garcia,PROD-TEC-107,USB-C Multi-Port Hub,Technology,Accessories,1,45.0,38.25,0.15,9.5,South,Georgia,Atlanta,Credit Card
ORD-2022-13124,2023-09-06,CUST-1368,Jessica Gonzalez,PROD-FUR-116,Electric Dual-Motor Standing Desk,Furniture,Desks & Tables,1,450.0,450.0,0.0,77.0,East,Pennsylvania,Philadelphia,Cash on Delivery
ORD-2023-13125,2023-02-12,CUST-1383,Betty Gonzalez,PROD-TEC-110,True Wireless Earbuds,Technology,Phones & Audio,3,89.0,253.65,0.05,74.1,South,Georgia,Atlanta,UPI / Net Banking
ORD-2022-13126,2023-02-03,CUST-1028,Emily Jackson,PROD-TEC-101,ProBook 15.6 Inch Laptop,Technology,Laptops & Monitors,4,850.0,3400.0,0.0,741.0,East,New York,New York City,PayPal
ORD-2022-13127,2022-03-27,CUST-1419,Emily Smith,PROD-OFF-121,Premium Multipurpose Copy Paper 5 Reams,Office Supplies,Paper & Stationary,2,38.0,45.6,0.4,-1.2,Central,Texas,Dallas,Cash on Delivery
ORD-2023-13128,2024-02-29,CUST-1383,Betty Gonzalez,PROD-HOM-133,Stainless Steel Chef Knife 8-Inch,Home & Kitchen,Cookware & Dining,1,45.0,36.0,0.2,7.25,West,California,Los Angeles,Cash on Delivery
ORD-2024-13129,2022-05-24,CUST-1336,Matthew Walker,PROD-FUR-113,Ergonomic Executive Mesh Chair,Furniture,Chairs & Stools,1,240.0,228.0,0.05,32.0,South,Georgia,Atlanta,Debit Card
ORD-2024-13130,2024-04-19,CUST-1288,Joseph Gonzalez,PROD-OFF-126,Desktop Document Organizer,Office Supplies,Storage & Organization,2,28.0,33.6,0.4,-2.2,West,Washington,Seattle,Debit Card
ORD-2024-13131,2022-05-08,CUST-1253,Matthew Torres,PROD-HOM-130,Programmable Drip Coffee Maker,Home & Kitchen,Appliances,1,75.0,63.75,0.15,11.0,Central,Texas,Houston,Debit Card
ORD-2023-13132,2022-03-13,CUST-1311,Margaret Scott,PROD-TEC-109,Noise Canceling Headphones,Technology,Phones & Audio,1,199.0,189.05,0.05,45.75,East,New York,Buffalo,Credit Card
ORD-2023-13133,2022-08-07,CUST-1385,Brian Thomas,PROD-TEC-106,Mechanical RGB Keyboard,Technology,Accessories,3,75.0,225.0,0.0,72.75,East,Massachusetts,Boston,PayPal
ORD-2024-13134,2022-08-17,CUST-1425,Brian Walker,PROD-TEC-102,UltraSlim 14 Inch Notebook,Technology,Laptops & Monitors,1,1100.0,1100.0,0.0,271.0,East,New York,Buffalo,Debit Card
ORD-2023-13135,2023-06-03,CUST-1097,George Young,PROD-OFF-121,Premium Multipurpose Copy Paper 5 Reams,Office Supplies,Paper & Stationary,3,38.0,102.6,0.1,33.9,West,Oregon,Portland,Credit Card
ORD-2022-13136,2022-08-19,CUST-1401,Carol Moore,PROD-TEC-105,Wireless Ergonomic Mouse,Technology,Accessories,1,35.0,33.25,0.05,8.25,North,Wisconsin,Milwaukee,Credit Card
ORD-2024-13137,2022-06-02,CUST-1326,Brian Martinez,PROD-OFF-126,Desktop Document Organizer,Office Supplies,Storage & Organization,1,28.0,28.0,0.0,8.6,Central,Texas,Dallas,PayPal
ORD-2024-13138,2024-05-16,CUST-1320,Robert Jackson,PROD-OFF-121,Premium Multipurpose Copy Paper 5 Reams,Office Supplies,Paper & Stationary,3,38.0,91.2,0.2,22.5,West,California,San Francisco,Credit Card
ORD-2023-13139,2023-12-02,CUST-1267,Emily Rodriguez,PROD-FUR-118,Solid Wood Conference Table,Furniture,Desks & Tables,1,850.0,765.0,0.1,38.5,Central,Texas,Houston,Debit Card
ORD-2024-13140,2022-04-26,CUST-1447,Edward King,PROD-TEC-108,HD Pro Webcam 1080p,Technology,Accessories,3,65.0,175.5,0.1,48.6,South,Florida,Miami,Debit Card
ORD-2024-13141,2023-06-17,CUST-1013,Anthony Anderson,PROD-OFF-121,Premium Multipurpose Copy Paper 5 Reams,Office Supplies,Paper & Stationary,3,38.0,114.0,0.0,45.3,Central,Ohio,Columbus,UPI / Net Banking
ORD-2024-13142,2024-03-11,CUST-1356,Thomas Harris,PROD-TEC-104,24-Inch IPS FHD Monitor,Technology,Laptops & Monitors,2,180.0,306.0,0.15,49.0,Central,Texas,Dallas,Credit Card
ORD-2022-13143,2022-12-31,CUST-1296,Ashley Sanchez,PROD-TEC-107,USB-C Multi-Port Hub,Technology,Accessories,2,45.0,90.0,0.0,35.5,North,Wisconsin,Milwaukee,PayPal
ORD-2022-13144,2022-04-30,CUST-1212,Linda Jones,PROD-TEC-112,Smart Fitness Watch,Technology,Phones & Audio,1,149.0,149.0,0.0,37.72,Central,Texas,Dallas,Credit Card
ORD-2024-13145,2024-03-26,CUST-1004,William Miller,PROD-TEC-112,Smart Fitness Watch,Technology,Phones & Audio,1,149.0,141.55,0.05,30.27,West,Oregon,Portland,Credit Card
ORD-2022-13146,2024-01-09,CUST-1234,Mark Anderson,PROD-FUR-113,Ergonomic Executive Mesh Chair,Furniture,Chairs & Stools,4,240.0,720.0,0.25,-55.0,South,Georgia,Atlanta,PayPal
ORD-2024-13147,2024-04-15,CUST-1075,Amanda Wright,PROD-FUR-117,Compact Computer Desk,Furniture,Desks & Tables,1,130.0,130.0,0.0,24.6,East,Massachusetts,Boston,PayPal
ORD-2023-13148,2022-01-13,CUST-1112,Mary Nguyen,PROD-HOM-134,Insulated Stainless Steel Tumbler 30oz,Home & Kitchen,Cookware & Dining,6,25.0,135.0,0.1,51.0,South,North Carolina,Charlotte,Debit Card
ORD-2022-13149,2022-06-14,CUST-1187,William Thompson,PROD-HOM-136,Weighted Cooling Blanket 15lbs,Home & Kitchen,Bedding & Decor,2,95.0,180.5,0.05,52.0,East,Pennsylvania,Philadelphia,Credit Card
ORD-2023-13150,2023-02-12,CUST-1128,Kevin Ramirez,PROD-TEC-103,27-Inch 4K UHD Monitor,Technology,Laptops & Monitors,3,350.0,997.5,0.05,235.5,Central,Ohio,Columbus,Debit Card
ORD-2022-13151,2023-06-08,CUST-1239,Betty Perez,PROD-FUR-115,Adjustable Drafting Stool,Furniture,Chairs & Stools,1,110.0,104.5,0.05,18.0,West,California,San Francisco,Credit Card
ORD-2022-13152,2022-06-25,CUST-1326,Brian Martinez,PROD-HOM-129,Digital Touchscreen Air Fryer 5.8Qt,Home & Kitchen,Appliances,4,110.0,418.0,0.05,103.0,Central,Texas,Houston,UPI / Net Banking
ORD-2022-13153,2022-01-03,CUST-1242,Daniel Allen,PROD-TEC-109,Noise Canceling Headphones,Technology,Phones & Audio,4,199.0,636.8,0.2,72.6,West,California,Los Angeles,Credit Card
ORD-2023-13154,2024-04-29,CUST-1345,Matthew Perez,PROD-TEC-105,Wireless Ergonomic Mouse,Technology,Accessories,1,35.0,35.0,0.0,10.0,North,Minnesota,Minneapolis,Debit Card
ORD-2024-13155,2023-02-10,CUST-1168,Betty Davis,PROD-TEC-105,Wireless Ergonomic Mouse,Technology,Accessories,1,35.0,35.0,0.0,10.0,East,New York,Buffalo,Debit Card
ORD-2022-13156,2023-01-08,CUST-1042,Kenneth Hernandez,PROD-TEC-103,27-Inch 4K UHD Monitor,Technology,Laptops & Monitors,3,350.0,840.0,0.2,78.0,North,Wisconsin,Milwaukee,Credit Card
ORD-2023-13157,2024-06-17,CUST-1089, Steven King ,PROD-FUR-114,High-Back Leather Gaming Chair,Furniture,Chairs & Stools,1,290.0,290.0,0.0,48.2,West,California,Los Angeles,UPI / Net Banking
ORD-2022-13158,2022-06-07,CUST-1382, Amanda Harris ,PROD-HOM-134,Insulated Stainless Steel Tumbler 30oz,Home & Kitchen,Cookware & Dining,2,25.0,45.0,0.1,15.0,West,California,San Francisco,Credit Card
ORD-2024-13159,2022-10-09,CUST-1102,Thomas King,PROD-HOM-130,Programmable Drip Coffee Maker,Home & Kitchen,Appliances,1,75.0,71.25,0.05,18.5,Central,Texas,Austin,Credit Card
ORD-2024-13160,2022-01-31,CUST-1443,Edward Lopez,PROD-TEC-108,HD Pro Webcam 1080p,Technology,Accessories,3,65.0,165.75,0.15,38.85,West,Washington,Seattle,PayPal
ORD-2023-13161,2024/05/06,CUST-1286, Edward Thomas ,PROD-HOM-131,Compact HEPA Air Purifier,Home & Kitchen,Appliances,2,130.0,234.0,0.1,41.8,South,Georgia,Atlanta,Cash on Delivery
ORD-2022-13162,2022/01/20,CUST-1200,Susan Perez,PROD-TEC-107,USB-C Multi-Port Hub,Technology,Accessories,1,45.0,42.75,0.05,14.0,East,Massachusetts,Boston,Credit Card
ORD-2024-13163,2022-12-06,CUST-1283,Charles Allen,PROD-TEC-102,UltraSlim 14 Inch Notebook,Technology,Laptops & Monitors,3,1100.0,2475.0,0.25,-6.0,West,California,Los Angeles,Credit Card
ORD-2023-13164,2024-04-30,CUST-1355, Barbara Brown ,PROD-TEC-111,Bluetooth Conference Speaker,Technology,Phones & Audio,1,120.0,114.0,0.05,28.4,West,Oregon,Portland,Credit Card
ORD-2022-13165,2023-11-01,CUST-1313,Melissa Walker,PROD-OFF-127,Professional Acrylic Paint Set,Office Supplies,Art & Craft,3,42.0,126.0,0.0,46.92,Central,Ohio,Columbus,PayPal
ORD-2023-13166,2024-05-06,CUST-1084,Joshua Martin,PROD-OFF-122,Executive Hardcover Notebook 3-Pack,Office Supplies,Paper & Stationary,1,24.0,21.6,0.1,5.6,Central,Texas,Austin,PayPal
ORD-2022-13167,2022-11-29,CUST-1258,Lisa Ramirez,PROD-HOM-136,Weighted Cooling Blanket 15lbs,Home & Kitchen,Bedding & Decor,2,95.0,190.0,0.0,61.5,South,Florida,Orlando,PayPal
ORD-2024-13168,2022-02-28,CUST-1359,Nancy Harris,PROD-FUR-120,Modern Modular Bookshelf,Furniture,Bookcases,1,210.0,210.0,0.0,42.2,East,Massachusetts,Boston,Credit Card
ORD-2023-13169,2022-02-17,CUST-1396,Margaret White,PROD-TEC-107,USB-C Multi-Port Hub,Technology,Accessories,2,45.0,90.0,0.0,35.5,West,California,Los Angeles,PayPal
ORD-2023-13170,2024-05-04,CUST-1093,Lisa Martin,PROD-HOM-130,Programmable Drip Coffee Maker,Home & Kitchen,Appliances,1,75.0,63.75,0.15,11.0,South,North Carolina,Charlotte,Credit Card
ORD-2023-13171,2022-10-10,CUST-1273,Emily Smith,PROD-TEC-102,UltraSlim 14 Inch Notebook,Technology,Laptops & Monitors,3,1100.0,2970.0,0.1,489.0,West,California,San Francisco,Credit Card
ORD-2024-13172,2022-01-08,CUST-1362,Mark Johnson,PROD-HOM-131,Compact HEPA Air Purifier,Home & Kitchen,Appliances,2,130.0,195.0,0.25,2.8,Central,Illinois,Chicago,Credit Card
ORD-2022-13173,2022-07-02,CUST-1312,Donald Hernandez,PROD-FUR-115,Adjustable Drafting Stool,Furniture,Chairs & Stools,3,110.0,313.5,0.05,60.0,Central,Texas,Austin,PayPal
ORD-2024-13174,2024-06-19,CUST-1093,Lisa Martin,PROD-TEC-103,27-Inch 4K UHD Monitor,Technology,Laptops & Monitors,2,350.0,595.0,0.15,86.0,Central,Texas,Austin,Debit Card
ORD-2024-13175,2024-05-23,CUST-1046,Joshua Scott,PROD-TEC-107,USB-C Multi-Port Hub,Technology,Accessories,1,45.0,38.25,0.15,9.5,North,Wisconsin,Milwaukee,Credit Card
ORD-2023-13176,2024-02-16,CUST-1170,Donna Hill,PROD-HOM-130,Programmable Drip Coffee Maker,Home & Kitchen,Appliances,2,75.0,150.0,0.0,47.5,South,North Carolina,Charlotte,PayPal
ORD-2022-13177,2023-02-03,CUST-1001,Joshua Davis,PROD-HOM-136,Weighted Cooling Blanket 15lbs,Home & Kitchen,Bedding & Decor,1,95.0,76.0,0.2,10.25,East,Pennsylvania,Philadelphia,PayPal
ORD-2023-13178,2023-11-07,CUST-1086,Kenneth Gonzalez,PROD-TEC-112,Smart Fitness Watch,Technology,Phones & Audio,2,149.0,298.0,0.0,78.44,East,New York,New York City,Credit Card
ORD-2022-13179,2023-06-11,CUST-1101,Emily Hernandez,PROD-FUR-118,Solid Wood Conference Table,Furniture,Desks & Tables,3,850.0,2422.5,0.05,249.0,East,Massachusetts,Boston,Credit Card
ORD-2024-13180,2023-08-24,CUST-1317,Deborah King,PROD-FUR-115,Adjustable Drafting Stool,Furniture,Chairs & Stools,1,110.0,99.0,0.1,12.5,Central,Illinois,Chicago,Credit Card
ORD-2024-13181,2022-09-10,CUST-1375,Deborah White,PROD-HOM-131,Compact HEPA Air Purifier,Home & Kitchen,Appliances,2,130.0,260.0,0.0,67.8,North,Wisconsin,Milwaukee,UPI / Net Banking
ORD-2023-13182,2023-12-14,CUST-1202,Paul Young,PROD-TEC-104,24-Inch IPS FHD Monitor,Technology,Laptops & Monitors,3,180.0,405.0,0.25,21.0,South,Florida,Orlando,PayPal
ORD-2022-13183,2023-06-10,CUST-1188,Robert Thomas,PROD-HOM-136,Weighted Cooling Blanket 15lbs,Home & Kitchen,Bedding & Decor,2,95.0,190.0,0.0,61.5,East,Massachusetts,Boston,Credit Card
ORD-2024-13184,2023-04-24,CUST-1203,Thomas Brown,PROD-FUR-116,Electric Dual-Motor Standing Desk,Furniture,Desks & Tables,3,450.0,1350.0,0.0,237.0,West,California,Los Angeles,
ORD-2024-13185,2022-10-19,CUST-1316,Joshua Moore,PROD-FUR-120,Modern Modular Bookshelf,Furniture,Bookcases,1,210.0,199.5,0.05,31.7,North,Minnesota,Minneapolis,PayPal
ORD-2023-13186,2022-04-23,CUST-1436,Nancy Thompson,PROD-TEC-103,27-Inch 4K UHD Monitor,Technology,Laptops & Monitors,3,350.0,997.5,0.05,235.5,West,Washington,Seattle,Credit Card
ORD-2023-13187,2022-10-19,CUST-1335,Edward Torres,PROD-FUR-115,Adjustable Drafting Stool,Furniture,Chairs & Stools,5,110.0,550.0,0.0,129.5,East,Pennsylvania,Philadelphia,PayPal
ORD-2024-13188,2022-09-23,CUST-1128,Kevin Ramirez,PROD-OFF-122,Executive Hardcover Notebook 3-Pack,Office Supplies,Paper & Stationary,1,24.0,24.0,0.0,8.0,East,New York,Buffalo,Credit Card
ORD-2024-13189,2022-02-25,CUST-1237,Joseph Anderson,PROD-OFF-128,Precision Cutting Mat & Knife Set,Office Supplies,Art & Craft,1,22.0,22.0,0.0,6.56,Central,Texas,Austin,UPI / Net Banking
ORD-2023-13190,2023-03-03,CUST-1341,Kenneth Anderson,PROD-HOM-136,Weighted Cooling Blanket 15lbs,Home & Kitchen,Bedding & Decor,2,95.0,152.0,0.2,23.5,East,New York,New York City,Credit Card
ORD-2022-13191,2023-05-16,CUST-1431,Karen Nguyen,PROD-FUR-114,High-Back Leather Gaming Chair,Furniture,Chairs & Stools,1,290.0,261.0,0.1,19.2,West,California,Los Angeles,Debit Card
ORD-2023-13192,2022/04/07,CUST-1352,Kevin Johnson,PROD-FUR-113,Ergonomic Executive Mesh Chair,Furniture,Chairs & Stools,3,240.0,684.0,0.05,102.0,Central,Texas,Austin,UPI / Net Banking
ORD-2024-13193,2022-06-10,CUST-1077,Deborah Perez,PROD-FUR-113,Ergonomic Executive Mesh Chair,Furniture,Chairs & Stools,1,240.0,240.0,0.0,44.0,Central,Texas,Houston,Debit Card
ORD-2024-13194,2023-08-25,CUST-1310,Michelle Allen,PROD-OFF-122,Executive Hardcover Notebook 3-Pack,Office Supplies,Paper & Stationary,1,24.0,24.0,0.0,8.0,West,California,San Francisco,Debit Card
ORD-2022-13195,2024-04-21,CUST-1350,Mary Sanchez,PROD-OFF-126,Desktop Document Organizer,Office Supplies,Storage & Organization,1,28.0,21.0,0.25,1.6,South,Georgia,Atlanta,Debit Card
ORD-2022-13196,2022-10-19,CUST-1320,Robert Jackson,PROD-HOM-129,Digital Touchscreen Air Fryer 5.8Qt,Home & Kitchen,Appliances,3,110.0,264.0,0.2,27.0,East,New York,Buffalo,Credit Card
ORD-2023-13197,2023-05-14,CUST-1039,Daniel Wilson,PROD-FUR-119,5-Shelf Ladder Bookcase,Furniture,Bookcases,2,140.0,238.0,0.15,23.0,East,Massachusetts,Boston,Cash on Delivery
ORD-2023-13198,2022-12-19,CUST-1356,Thomas Harris,PROD-HOM-129,Digital Touchscreen Air Fryer 5.8Qt,Home & Kitchen,Appliances,2,110.0,220.0,0.0,61.0,West,California,Los Angeles,Credit Card
ORD-2022-13199,2023-03-05,CUST-1159,Patricia Lee,PROD-FUR-117,Compact Computer Desk,Furniture,Desks & Tables,4,130.0,364.0,0.3,-48.6,West,California,San Diego,Cash on Delivery
ORD-2024-13200,2023-08-01,CUST-1128,Kevin Ramirez,PROD-TEC-106,Mechanical RGB Keyboard,Technology,Accessories,4,75.0,285.0,0.05,83.0,Central,Texas,Houston,Debit Card
ORD-2023-13201,2024-01-23,CUST-1208,Joshua Taylor,PROD-TEC-107,USB-C Multi-Port Hub,Technology,Accessories,2,45.0,90.0,0.0,35.5,Central,Texas,Houston,Credit Card
ORD-2024-13202,2022-01-28,CUST-1187,William Thompson,PROD-OFF-125,3-Drawer Mobile File Cabinet,Office Supplies,Storage & Organization,4,145.0,493.0,0.15,68.4,East,Pennsylvania,Philadelphia,Credit Card
ORD-2023-13203,2023-01-14,CUST-1166,Kenneth Jones,PROD-OFF-122,Executive Hardcover Notebook 3-Pack,Office Supplies,Paper & Stationary,2,24.0,45.6,0.05,16.6,West,Oregon,Portland,Debit Card
ORD-2023-13204,2023-05-26,CUST-1250,George Lee,PROD-HOM-135,100% Organic Cotton Sheet Set Queen,Home & Kitchen,Bedding & Decor,1,85.0,85.0,0.0,28.3,East,Pennsylvania,Philadelphia,Credit Card
ORD-2022-13205,2023-08-14,CUST-1371,William Walker,PROD-TEC-104,24-Inch IPS FHD Monitor,Technology,Laptops & Monitors,4,180.0,504.0,0.3,-7.0,West,California,San Diego,Debit Card
ORD-2022-13206,2023-02-14,CUST-1290,John Thomas,PROD-OFF-125,3-Drawer Mobile File Cabinet,Office Supplies,Storage & Organization,1,145.0,137.75,0.05,29.35,East,New York,Buffalo,Debit Card
ORD-2022-13207,2022-06-03,CUST-1032,John Anderson,PROD-HOM-129,Digital Touchscreen Air Fryer 5.8Qt,Home & Kitchen,Appliances,6,110.0,660.0,0.0,189.0,South,Georgia,Atlanta,Credit Card
ORD-2023-13208,2023-10-21,CUST-1237,Joseph Anderson,PROD-TEC-102,UltraSlim 14 Inch Notebook,Technology,Laptops & Monitors,2,1100.0,2200.0,0.0,545.0,West,California,Los Angeles,Credit Card
ORD-2022-13209,2022-09-16,CUST-1159,Patricia Lee,PROD-TEC-103,27-Inch 4K UHD Monitor,Technology,Laptops & Monitors,2,350.0,665.0,0.05,156.0,West,Washington,Seattle,PayPal
ORD-2022-13210,2023-07-19,CUST-1333,Matthew Nguyen,PROD-FUR-113,Ergonomic Executive Mesh Chair,Furniture,Chairs & Stools,5,240.0,1140.0,0.05,172.0,East,New York,Buffalo,Credit Card
ORD-2024-13211,2023-09-03,CUST-1081,George Taylor,PROD-OFF-125,3-Drawer Mobile File Cabinet,Office Supplies,Storage & Organization,4,145.0,551.0,0.05,126.4,West,Oregon,Portland  ,Credit Card
ORD-2022-13212,2023-03-04,CUST-1022,Matthew Miller,PROD-TEC-104,24-Inch IPS FHD Monitor,Technology,Laptops & Monitors,2,180.0,360.0,0.0,103.0,North,Wisconsin,Milwaukee,UPI / Net Banking
ORD-2022-13213,2023-04-10,CUST-1400,George King,PROD-TEC-104,24-Inch IPS FHD Monitor,Technology,Laptops & Monitors,1,180.0,171.0,0.05,41.0,East,Pennsylvania,Philadelphia,Debit Card
ORD-2022-13214,2023-07-15,CUST-1075,Amanda Wright,PROD-TEC-104,24-Inch IPS FHD Monitor,Technology,Laptops & Monitors,4,180.0,684.0,0.05,173.0,West,Washington,Seattle,Credit Card
ORD-2022-13215,2022-03-23,CUST-1086,Kenneth Gonzalez,PROD-OFF-127,Professional Acrylic Paint Set,Office Supplies,Art & Craft,4,42.0,151.2,0.1,46.76,West,Oregon,Portland,Credit Card
ORD-2024-13216,2022-11-28,CUST-1071,Kenneth Robinson,PROD-FUR-118,Solid Wood Conference Table,Furniture,Desks & Tables,1,850.0,595.0,0.3,-131.5,West,Washington,Seattle,Debit Card
ORD-2023-13217,2024-06-26,CUST-1426,Carol Young,PROD-FUR-117,Compact Computer Desk,Furniture,Desks & Tables,2,130.0,221.0,0.15,13.2,West,Washington,Seattle,Credit Card
ORD-2023-13218,2022-08-11,CUST-1232,Brian Miller,PROD-HOM-136,Weighted Cooling Blanket 15lbs,Home & Kitchen,Bedding & Decor,2,95.0,171.0,0.1,42.5,Central,Texas,Dallas,UPI / Net Banking
ORD-2022-13219,2024-04-09,CUST-1357,Christopher Wilson,PROD-FUR-118,Solid Wood Conference Table,Furniture,Desks & Tables,2,850.0,1700.0,0.0,250.0,North,Minnesota,Minneapolis,Debit Card
ORD-2022-13220,2023-09-22,CUST-1264,Kevin Clark,PROD-HOM-133,Stainless Steel Chef Knife 8-Inch,Home & Kitchen,Cookware & Dining,3,45.0,121.5,0.1,41.25,Central,Ohio,Columbus,Credit Card
ORD-2024-13221,2022-05-20,CUST-1263,Paul Martin,PROD-TEC-110,True Wireless Earbuds,Technology,Phones & Audio,3,89.0,226.95,0.15,47.4,Central,Texas,Dallas,Debit Card
ORD-2022-13222,2022-01-02,CUST-1175,Christopher Taylor,PROD-FUR-113,Ergonomic Executive Mesh Chair,Furniture,Chairs & Stools,1,240.0,240.0,0.0,44.0,West,Washington,Seattle,Credit Card
ORD-2023-13223,2023-07-10,CUST-1264,Kevin Clark,PROD-TEC-101,ProBook 15.6 Inch Laptop,Technology,Laptops & Monitors,6,850.0,4335.0,0.15,348.0,Central,Texas,Houston,Debit Card
ORD-2024-13224,2024-05-08,CUST-1189,Lisa Jackson,PROD-TEC-105,Wireless Ergonomic Mouse,Technology,Accessories,1,35.0,21.0,0.4,-4.0,West,California,San Francisco,Credit Card
ORD-2023-13225,2022-05-17,CUST-1286,Edward Thomas,PROD-OFF-124,Heavy-Duty Plastic Storage Bins 4-Pack,Office Supplies,Storage & Organization,2,55.0,88.0,0.2,17.0,South,Florida,Orlando,Credit Card
ORD-2022-13226,2023/08/14,CUST-1310,Michelle Allen,PROD-TEC-106,Mechanical RGB Keyboard,Technology,Accessories,5,75.0,375.0,0.0,123.25,East,Pennsylvania,Philadelphia,UPI / Net Banking
ORD-2024-13227,2023-06-11,CUST-1400,George King,PROD-OFF-126,Desktop Document Organizer,Office Supplies,Storage & Organization,4,28.0,106.4,0.05,37.8,Central,Texas,Dallas,PayPal
ORD-2024-13228,2022-02-26,CUST-1242,Daniel Allen,PROD-FUR-119,5-Shelf Ladder Bookcase,Furniture,Bookcases,4,140.0,448.0,0.2,21.0,Central,Illinois,Chicago,Cash on Delivery
ORD-2024-13229,2023-01-24,CUST-1232,Brian Miller,PROD-TEC-110,True Wireless Earbuds,Technology,Phones & Audio,10,89.0,890.0,0.0,298.5,South,Georgia,Atlanta,Debit Card
ORD-2024-13230,2022-01-01,CUST-1027,Matthew Garcia,PROD-HOM-131,Compact HEPA Air Purifier,Home & Kitchen,Appliances,2,130.0,234.0,0.1,41.8,East,New York,New York City,Debit Card
ORD-2023-13231,2022-02-19,CUST-1077,Deborah Perez,PROD-OFF-123,Gel Ink Pens Box of 24,Office Supplies,Paper & Stationary,4,15.0,60.0,0.0,26.0,West,California,San Diego,UPI / Net Banking
ORD-2024-13232,2022-06-29,CUST-1017,Brian Ramirez,PROD-TEC-106,Mechanical RGB Keyboard,Technology,Accessories,2,75.0,150.0,0.0,47.5,West,California,Los Angeles,Debit Card
ORD-2024-13233,2023-04-30,CUST-1138,William Ramirez,PROD-HOM-130,Programmable Drip Coffee Maker,Home & Kitchen,Appliances,3,75.0,191.25,0.15,39.0,West,California,San Diego,PayPal
ORD-2023-13234,2024-02-06,CUST-1159,Patricia Lee,PROD-FUR-117,Compact Computer Desk,Furniture,Desks & Tables,2,130.0,260.0,0.0,52.2,Central,Texas,Houston,PayPal
ORD-2024-13235,2023-10-27,CUST-1085,Joshua Allen,PROD-TEC-104,24-Inch IPS FHD Monitor,Technology,Laptops & Monitors,2,180.0,360.0,0.0,103.0,East,Pennsylvania,Philadelphia,Credit Card
ORD-2022-13236,2024-03-23,CUST-1403,Deborah Walker,PROD-OFF-124,Heavy-Duty Plastic Storage Bins 4-Pack,Office Supplies,Storage & Organization,1,55.0,49.5,0.1,12.5,East,New York,New York City,PayPal
ORD-2022-13237,2024-06-08,CUST-1228,Mary Lopez,PROD-OFF-128,Precision Cutting Mat & Knife Set,Office Supplies,Art & Craft,1,22.0,22.0,0.0,6.56,West,Washington,Seattle,Credit Card
ORD-2024-13238,2023-11-24,CUST-1193,James Scott,PROD-TEC-101,ProBook 15.6 Inch Laptop,Technology,Laptops & Monitors,5,850.0,4250.0,0.0,927.0,West,Oregon,Portland,UPI / Net Banking
ORD-2024-13239,2022-02-17,CUST-1410,Andrew Flores,PROD-OFF-124,Heavy-Duty Plastic Storage Bins 4-Pack,Office Supplies,Storage & Organization,3,55.0,165.0,0.0,60.0,West,Oregon,Portland,PayPal
ORD-2024-13240,2022-02-05,CUST-1264,Kevin Clark,PROD-TEC-104,24-Inch IPS FHD Monitor,Technology,Laptops & Monitors,8,180.0,1152.0,0.2,133.0,West,California,San Francisco,Cash on Delivery
ORD-2024-13241,2022-12-31,CUST-1228,Mary Lopez,PROD-FUR-117,Compact Computer Desk,Furniture,Desks & Tables,1,130.0,130.0,0.0,24.6,South,Georgia,Atlanta,Credit Card
ORD-2023-13242,2024-02-23,CUST-1125,Jessica Walker,PROD-OFF-121,Premium Multipurpose Copy Paper 5 Reams,Office Supplies,Paper & Stationary,1,38.0,38.0,0.0,13.1,West,California,San Francisco,PayPal
ORD-2022-13243,2023-12-19,CUST-1266,Brian Jackson,PROD-OFF-124,Heavy-Duty Plastic Storage Bins 4-Pack,Office Supplies,Storage & Organization,3,55.0,165.0,0.0,60.0,West,California,Los Angeles,UPI / Net Banking
ORD-2024-13244,2024-01-15,CUST-1165,Barbara Jones,PROD-FUR-115,Adjustable Drafting Stool,Furniture,Chairs & Stools,4,110.0,440.0,0.0,103.0,North,Michigan,Detroit,PayPal
ORD-2022-13245,2024-04-18,CUST-1338,Karen Harris,PROD-HOM-130,Programmable Drip Coffee Maker,Home & Kitchen,Appliances,1,75.0,75.0,0.0,22.25,East,New York,Buffalo,PayPal
ORD-2022-13246,2022-06-01,CUST-1337,James Thompson,PROD-OFF-127,Professional Acrylic Paint Set,Office Supplies,Art & Craft,1,42.0,39.9,0.05,11.54,East,Pennsylvania,Philadelphia,UPI / Net Banking
ORD-2023-13247,2024-05-21,CUST-1170,Donna Hill,PROD-FUR-119,5-Shelf Ladder Bookcase,Furniture,Bookcases,1,140.0,112.0,0.2,3.0,North,Wisconsin,Milwaukee,Credit Card
ORD-2024-13248,2024-06-04,CUST-1053,Dorothy Lee,PROD-TEC-110,True Wireless Earbuds,Technology,Phones & Audio,2,89.0,178.0,0.0,57.3,North,Michigan,Detroit,Debit Card
ORD-2024-13249,2022-10-14,CUST-1229, Melissa Perez ,PROD-FUR-120,Modern Modular Bookshelf,Furniture,Bookcases,1,210.0,210.0,0.0,42.2,West,Washington,Seattle,UPI / Net Banking
ORD-2024-13250,2023-07-15,CUST-1130,Anthony Robinson,PROD-HOM-131,Compact HEPA Air Purifier,Home & Kitchen,Appliances,3,130.0,312.0,0.2,25.2,West,California,San Francisco,Credit Card
ORD-2023-13251,2022-12-19,CUST-1410,Andrew Flores,PROD-TEC-110,True Wireless Earbuds,Technology,Phones & Audio,8,89.0,712.0,0.0,238.2,North,Wisconsin,Milwaukee,Credit Card
ORD-2024-13252,2023-06-15,CUST-1333,Matthew Nguyen,PROD-HOM-130,Programmable Drip Coffee Maker,Home & Kitchen,Appliances,1,75.0,67.5,0.1,14.75,North,Wisconsin,Milwaukee,Cash on Delivery
ORD-2024-13253,2022-09-22,CUST-1232,Brian Miller,PROD-FUR-119,5-Shelf Ladder Bookcase,Furniture,Bookcases,1,140.0,140.0,0.0,31.0,Central,Illinois,Chicago  ,Debit Card
ORD-2024-13254,2023-12-10,CUST-1110,Jessica Anderson,PROD-OFF-127,Professional Acrylic Paint Set,Office Supplies,Art & Craft,3,42.0,126.0,0.0,46.92,North,Michigan,Detroit,Debit Card
ORD-2022-13255,2023-12-17,CUST-1298,Carol Smith,PROD-FUR-114,High-Back Leather Gaming Chair,Furniture,Chairs & Stools,4,290.0,1102.0,0.05,143.8,West,California,San Diego,Cash on Delivery
ORD-2024-13256,2022-10-21,CUST-1404,Sandra Ramirez,PROD-FUR-119,5-Shelf Ladder Bookcase,Furniture,Bookcases,2,140.0,224.0,0.2,9.0,North,Minnesota,Minneapolis,PayPal
ORD-2022-13257,2023-01-04,CUST-1210,Emily Ramirez,PROD-HOM-136,Weighted Cooling Blanket 15lbs,Home & Kitchen,Bedding & Decor,2,95.0,190.0,0.0,61.5,East,Massachusetts,Boston,Credit Card
ORD-2023-13258,2022-01-29,CUST-1337,James Thompson,PROD-OFF-127,Professional Acrylic Paint Set,Office Supplies,Art & Craft,1,42.0,42.0,0.0,13.64,West,California,San Diego,Credit Card
ORD-2022-13259,2022-05-15,CUST-1362,Mark Johnson,PROD-TEC-109,Noise Canceling Headphones,Technology,Phones & Audio,2,199.0,398.0,0.0,114.4,East,Massachusetts,Boston,PayPal
ORD-2024-13260,2022-06-30,CUST-1414,Barbara Young,PROD-HOM-132,Non-Stick Ceramic Cookware 10-Piece,Home & Kitchen,Cookware & Dining,2,180.0,342.0,0.05,92.2,Central,Illinois,Chicago,PayPal
ORD-2023-13261,2023-03-05,CUST-1097,George Young,PROD-TEC-105,Wireless Ergonomic Mouse,Technology,Accessories,2,35.0,63.0,0.1,16.0,North,Michigan,Detroit,UPI / Net Banking
ORD-2022-13262,2023-07-25,CUST-1250,George Lee,PROD-HOM-135,100% Organic Cotton Sheet Set Queen,Home & Kitchen,Bedding & Decor,2,85.0,153.0,0.1,42.6,East,New York,New York City,Debit Card
ORD-2024-13263,2022-12-06,CUST-1263,Paul Martin,PROD-OFF-126,Desktop Document Organizer,Office Supplies,Storage & Organization,8,28.0,212.8,0.05,78.6,North,Minnesota,Minneapolis,Debit Card
ORD-2022-13264,2022-06-19,CUST-1322,Nancy Lee,PROD-HOM-136,Weighted Cooling Blanket 15lbs,Home & Kitchen,Bedding & Decor,10,95.0,902.5,0.05,272.0,East,New York,Buffalo,Debit Card
ORD-2023-13265,2023-03-20,CUST-1300,Deborah Ramirez,PROD-TEC-103,27-Inch 4K UHD Monitor,Technology,Laptops & Monitors,1,350.0,350.0,0.0,94.0,South,Georgia,Atlanta,Credit Card
ORD-2023-13266,2022-06-29,CUST-1275,Susan Ramirez,PROD-HOM-133,Stainless Steel Chef Knife 8-Inch,Home & Kitchen,Cookware & Dining,4,45.0,180.0,0.0,74.0,East,New York,Buffalo,Cash on Delivery
ORD-2022-13267,2022-02-15,CUST-1125,Jessica Walker,PROD-TEC-106,Mechanical RGB Keyboard,Technology,Accessories,2,75.0,135.0,0.1,32.5,Central,Texas,Houston,Debit Card
ORD-2022-13268,2024-03-22,CUST-1376,David Hill,PROD-TEC-111,Bluetooth Conference Speaker,Technology,Phones & Audio,5,120.0,540.0,0.1,124.0,West,California,San Francisco,UPI / Net Banking
ORD-2023-13269,2022-10-28,CUST-1065,Jennifer Brown,PROD-HOM-129,Digital Touchscreen Air Fryer 5.8Qt,Home & Kitchen,Appliances,1,110.0,104.5,0.05,23.5,North,Wisconsin,Milwaukee,Debit Card
ORD-2023-13270,2022-07-10,CUST-1242,Daniel Allen,PROD-TEC-110,True Wireless Earbuds,Technology,Phones & Audio,4,89.0,320.4,0.1,82.0,South,North Carolina,Charlotte,UPI / Net Banking
ORD-2023-13271,2023-04-05,CUST-1288,Joseph Gonzalez,PROD-FUR-115,Adjustable Drafting Stool,Furniture,Chairs & Stools,1,110.0,110.0,0.0,23.5,West,California,San Diego,PayPal
ORD-2022-13272,2024-04-23,CUST-1114,Donna Anderson,PROD-FUR-118,Solid Wood Conference Table,Furniture,Desks & Tables,1,850.0,850.0,0.0,123.5,West,California,San Diego,Cash on Delivery
ORD-2022-13273,2022-12-17,CUST-1218,John Martin,PROD-TEC-112,Smart Fitness Watch,Technology,Phones & Audio,3,149.0,424.65,0.05,96.81,East,New York,Buffalo,Credit Card
ORD-2024-13274,2024-02-25,CUST-1019,Elizabeth Wilson,PROD-TEC-104,24-Inch IPS FHD Monitor,Technology,Laptops & Monitors,1,180.0,180.0,0.0,50.0,North,Minnesota,Minneapolis,Cash on Delivery
ORD-2022-13275,2024-03-05,CUST-1237,Joseph Anderson,PROD-FUR-115,Adjustable Drafting Stool,Furniture,Chairs & Stools,1,110.0,110.0,0.0,23.5,West,California,San Francisco,Debit Card
ORD-2023-13276,2023-12-28,CUST-1084,Joshua Martin,PROD-FUR-117,Compact Computer Desk,Furniture,Desks & Tables,1,130.0,130.0,0.0,24.6,East,New York,New York City,PayPal
ORD-2024-13277,2023-09-11,CUST-1372,Kevin Davis,PROD-FUR-115,Adjustable Drafting Stool,Furniture,Chairs & Stools,3,110.0,297.0,0.1,43.5,West,Oregon,Portland,UPI / Net Banking
ORD-2022-13278,2023-03-02,CUST-1245,Linda Taylor,PROD-HOM-136,Weighted Cooling Blanket 15lbs,Home & Kitchen,Bedding & Decor,6,95.0,570.0,0.0,190.5,East,New York,New York City,Debit Card
ORD-2024-13279,2023-04-17,CUST-1120,Jessica Moore,PROD-HOM-134,Insulated Stainless Steel Tumbler 30oz,Home & Kitchen,Cookware & Dining,1,25.0,23.75,0.05,7.25,Central,Texas,Dallas,Debit Card
ORD-2023-13280,2023-06-12,CUST-1344,Ashley Johnson,PROD-FUR-117,Compact Computer Desk,Furniture,Desks & Tables,1,130.0,123.5,0.05,18.1,North,Wisconsin,Milwaukee,Credit Card
ORD-2022-13281,2023-12-08,CUST-1084,Joshua Martin,PROD-FUR-119,5-Shelf Ladder Bookcase,Furniture,Bookcases,3,140.0,420.0,0.0,99.0,East,Pennsylvania,Philadelphia,Debit Card
ORD-2023-13282,2022-06-15,CUST-1123,William Torres,PROD-FUR-117,Compact Computer Desk,Furniture,Desks & Tables,1,130.0,130.0,0.0,24.6,East,Pennsylvania,Philadelphia,Debit Card
ORD-2022-13283,2023-05-15,CUST-1212,Linda Jones,PROD-TEC-102,UltraSlim 14 Inch Notebook,Technology,Laptops & Monitors,3,1100.0,3300.0,0.0,819.0,Central,Ohio,Columbus,Credit Card
ORD-2022-13284,2023-08-13,CUST-1262,George Martin,PROD-TEC-102,UltraSlim 14 Inch Notebook,Technology,Laptops & Monitors,3,1100.0,3135.0,0.05,654.0,Central,Illinois,Chicago,Cash on Delivery
ORD-2024-13285,2022-08-18,CUST-1127,Michael Miller,PROD-OFF-123,Gel Ink Pens Box of 24,Office Supplies,Paper & Stationary,6,15.0,90.0,0.0,40.5,South,North Carolina,Charlotte,Credit Card
ORD-2022-13286,2023-07-08,CUST-1345,Matthew Perez,PROD-TEC-102,UltraSlim 14 Inch Notebook,Technology,Laptops & Monitors,6,1100.0,6600.0,0.0,1641.0,West,California,Los Angeles,Credit Card
ORD-2023-13287,2023-04-15,CUST-1011,Mary Scott,PROD-TEC-109,Noise Canceling Headphones,Technology,Phones & Audio,1,199.0,179.1,0.1,35.8,North,Wisconsin,Milwaukee,Debit Card
ORD-2023-13288,2023-01-10,CUST-1312,Donald Hernandez,PROD-OFF-128,Precision Cutting Mat & Knife Set,Office Supplies,Art & Craft,3,22.0,56.1,0.15,15.78,West,Oregon,Portland,Credit Card
ORD-2023-13289,2022-12-15,CUST-1291,Mark Flores,PROD-OFF-122,Executive Hardcover Notebook 3-Pack,Office Supplies,Paper & Stationary,1,24.0,24.0,0.0,8.0,East,Pennsylvania,Philadelphia,Credit Card
ORD-2024-13290,2023-02-01,CUST-1069,Kenneth Jones,PROD-TEC-106,Mechanical RGB Keyboard,Technology,Accessories,1,75.0,75.0,0.0,22.25,North,Minnesota,Minneapolis,Credit Card
ORD-2022-13291,2023-07-27,CUST-1115,James Jones,PROD-OFF-123,Gel Ink Pens Box of 24,Office Supplies,Paper & Stationary,2,15.0,28.5,0.05,10.0,Central,Texas,Houston,Credit Card
ORD-2022-13292,2023-04-10,CUST-1343,Sarah Ramirez,PROD-HOM-134,Insulated Stainless Steel Tumbler 30oz,Home & Kitchen,Cookware & Dining,1,25.0,25.0,0.0,8.5,West,Oregon,Portland,Credit Card
ORD-2024-13293,2023-10-07,CUST-1364,Patricia Thompson,PROD-TEC-112,Smart Fitness Watch,Technology,Phones & Audio,2,149.0,268.2,0.1,48.64,Central,Illinois,Chicago,Debit Card
ORD-2022-13294,2024-04-03,CUST-1105,Edward Gonzalez,PROD-TEC-103,27-Inch 4K UHD Monitor,Technology,Laptops & Monitors,2,350.0,595.0,0.15,86.0,East,New York,Buffalo,PayPal
ORD-2024-13295,2024-01-19,CUST-1397,Joshua Robinson,PROD-HOM-136,Weighted Cooling Blanket 15lbs,Home & Kitchen,Bedding & Decor,3,95.0,270.75,0.05,79.5,West,California,San Francisco,Debit Card
ORD-2022-13296,2024-01-11,CUST-1047,Joseph Lee,PROD-TEC-111,Bluetooth Conference Speaker,Technology,Phones & Audio,1,120.0,120.0,0.0,34.4,East,Pennsylvania,Philadelphia,Credit Card
ORD-2023-13297,2022-08-28,CUST-1149,Patricia Hernandez,PROD-TEC-102,UltraSlim 14 Inch Notebook,Technology,Laptops & Monitors,2,1100.0,1870.0,0.15,215.0,East,Pennsylvania,Philadelphia,UPI / Net Banking
ORD-2024-13298,2024-04-30,CUST-1338,Karen Harris,PROD-TEC-111,Bluetooth Conference Speaker,Technology,Phones & Audio,6,120.0,504.0,0.3,5.4,South,Georgia,Atlanta,Credit Card
ORD-2023-13299,2023-09-15,CUST-1130,Anthony Robinson,PROD-TEC-106,Mechanical RGB Keyboard,Technology,Accessories,1,75.0,71.25,0.05,18.5,Central,Texas,Houston,UPI / Net Banking
ORD-2022-13300,2023-07-21,CUST-1305,Linda Robinson,PROD-TEC-106,Mechanical RGB Keyboard,Technology,Accessories,10,75.0,712.5,0.05,212.0,West,California,Los Angeles,Credit Card
ORD-2024-13301,2023-12-29,CUST-1188,Robert Thomas,PROD-HOM-131,Compact HEPA Air Purifier,Home & Kitchen,Appliances,1,130.0,123.5,0.05,25.9,Central,Illinois,Chicago,PayPal
ORD-2023-13302,2023-03-14,CUST-1280,Paul Walker,PROD-OFF-127,Professional Acrylic Paint Set,Office Supplies,Art & Craft,2,42.0,63.0,0.25,9.28,Central,Illinois,Chicago,UPI / Net Banking
ORD-2022-13303,2024-03-02,CUST-1085,Joshua Allen,PROD-TEC-106,Mechanical RGB Keyboard,Technology,Accessories,1,75.0,60.0,0.2,7.25,Central,Texas,Houston,Credit Card
ORD-2024-13304,2022-02-05,CUST-1084,Joshua Martin,PROD-HOM-134,Insulated Stainless Steel Tumbler 30oz,Home & Kitchen,Cookware & Dining,1,25.0,18.75,0.25,2.25,East,New York,New York City,Debit Card
ORD-2023-13305,2024-04-08,CUST-1185,Steven Wilson,PROD-TEC-111,Bluetooth Conference Speaker,Technology,Phones & Audio,1,120.0,108.0,0.1,22.4,South,Florida,Orlando,Credit Card
ORD-2022-13306,2022-03-13,CUST-1344,Ashley Johnson,PROD-FUR-114,High-Back Leather Gaming Chair,Furniture,Chairs & Stools,2,290.0,348.0,0.4,-132.6,South,Florida,Orlando,UPI / Net Banking
ORD-2022-13307,2022-08-28,CUST-1390,Steven Ramirez,PROD-OFF-128,Precision Cutting Mat & Knife Set,Office Supplies,Art & Craft,2,22.0,44.0,0.0,16.12,West,Washington,Seattle,PayPal
ORD-2022-13308,2023-05-11,CUST-1044,David Robinson,PROD-TEC-101,ProBook 15.6 Inch Laptop,Technology,Laptops & Monitors,1,850.0,850.0,0.0,183.0,East,New York,Buffalo,Debit Card
ORD-2023-13309,2022-10-25,CUST-1019,Elizabeth Wilson,PROD-OFF-121,Premium Multipurpose Copy Paper 5 Reams,Office Supplies,Paper & Stationary,4,38.0,152.0,0.0,61.4,Central,Illinois,Chicago,UPI / Net Banking
ORD-2022-13310,2022-10-06,CUST-1410,Andrew Flores,PROD-FUR-117,Compact Computer Desk,Furniture,Desks & Tables,1,130.0,117.0,0.1,11.6,North,Wisconsin,Milwaukee,Cash on Delivery
ORD-2023-13311,2022-12-20,CUST-1030,Lisa Torres,PROD-HOM-132,Non-Stick Ceramic Cookware 10-Piece,Home & Kitchen,Cookware & Dining,1,180.0,180.0,0.0,53.6,East,Massachusetts,Boston,PayPal
ORD-2022-13312,2022-03-19,CUST-1423,Ashley Scott,PROD-OFF-125,3-Drawer Mobile File Cabinet,Office Supplies,Storage & Organization,3,145.0,391.5,0.1,72.3,West,California,San Francisco,Credit Card
ORD-2024-13313,2022-03-20,CUST-1048,Deborah Brown,PROD-TEC-104,24-Inch IPS FHD Monitor,Technology,Laptops & Monitors,2,180.0,342.0,0.05,85.0,Central,Texas,Austin,Debit Card
ORD-2022-13314,2024-02-17,CUST-1439,Thomas Anderson,PROD-OFF-125,3-Drawer Mobile File Cabinet,Office Supplies,Storage & Organization,1,145.0,145.0,0.0,36.6,East,New York,Buffalo,Credit Card
ORD-2023-13315,2023-02-17,CUST-1306,William Robinson,PROD-OFF-126,Desktop Document Organizer,Office Supplies,Storage & Organization,1,28.0,28.0,0.0,8.6,East,Massachusetts,Boston,Credit Card
ORD-2024-13316,2023-04-18,CUST-1031,Richard Jones,PROD-TEC-102,UltraSlim 14 Inch Notebook,Technology,Laptops & Monitors,3,1100.0,3300.0,0.0,819.0,Central,Texas,Dallas,PayPal
ORD-2023-13317,2024-06-06,CUST-1034,Jennifer Anderson,PROD-FUR-118,Solid Wood Conference Table,Furniture,Desks & Tables,2,850.0,1190.0,0.3,-260.0,East,New York,New York City,PayPal
ORD-2023-13318,2022-12-12,CUST-1274,Karen Jackson,PROD-HOM-132,Non-Stick Ceramic Cookware 10-Piece,Home & Kitchen,Cookware & Dining,6,180.0,864.0,0.2,120.6,East,Pennsylvania,Philadelphia,Credit Card
ORD-2024-13319,2022-06-25,CUST-1125,Jessica Walker,PROD-HOM-130,Programmable Drip Coffee Maker,Home & Kitchen,Appliances,1,75.0,67.5,0.1,14.75,Central,Texas,Austin  ,Credit Card
ORD-2023-13320,2023-07-09,CUST-1430,Brian Thomas,PROD-TEC-110,True Wireless Earbuds,Technology,Phones & Audio,2,89.0,160.2,0.1,39.5,West,California,San Diego,UPI / Net Banking
ORD-2022-13321,2023-09-28,CUST-1394,James Clark,PROD-TEC-108,HD Pro Webcam 1080p,Technology,Accessories,3,65.0,195.0,0.0,68.1,Central,Ohio,Columbus,Credit Card
ORD-2022-13322,2024-03-07,CUST-1385,Brian Thomas,PROD-FUR-116,Electric Dual-Motor Standing Desk,Furniture,Desks & Tables,2,450.0,630.0,0.3,-113.0,South,North Carolina,Charlotte,Debit Card
ORD-2024-13323,2024-05-11,CUST-1326,Brian Martinez,PROD-FUR-113,Ergonomic Executive Mesh Chair,Furniture,Chairs & Stools,1,240.0,240.0,0.0,44.0,Central,Texas,Houston,Credit Card
ORD-2023-13324,2023-01-08,CUST-1266,Brian Jackson,PROD-FUR-120,Modern Modular Bookshelf,Furniture,Bookcases,2,210.0,420.0,0.0,87.4,West,Washington,Seattle,Credit Card
ORD-2023-13325,2022-04-11,CUST-1202,Paul Young,PROD-FUR-115,Adjustable Drafting Stool,Furniture,Chairs & Stools,8,110.0,792.0,0.1,121.0,West,Washington,Seattle,Credit Card
ORD-2022-13326,2023-08-12,CUST-1227,Barbara Clark,PROD-HOM-131,Compact HEPA Air Purifier,Home & Kitchen,Appliances,2,130.0,260.0,0.0,67.8,Central,Texas,Dallas,
ORD-2024-13327,2024-03-05,CUST-1138,William Ramirez,PROD-FUR-117,Compact Computer Desk,Furniture,Desks & Tables,3,130.0,351.0,0.1,40.8,Central,Illinois,Chicago,UPI / Net Banking
ORD-2023-13328,2022-03-12,CUST-1038,David White,PROD-OFF-127,Professional Acrylic Paint Set,Office Supplies,Art & Craft,6,42.0,239.4,0.05,84.24,West,Oregon,Portland,Debit Card
ORD-2023-13329,2022-03-19,CUST-1046,Joshua Scott,PROD-HOM-134,Insulated Stainless Steel Tumbler 30oz,Home & Kitchen,Cookware & Dining,1,25.0,22.5,0.1,6.0,West,Oregon,Portland,Credit Card
ORD-2024-13330,2022-10-04,CUST-1195,William Taylor,PROD-OFF-123,Gel Ink Pens Box of 24,Office Supplies,Paper & Stationary,1,15.0,14.25,0.05,3.5,South,Georgia,Atlanta,Debit Card
ORD-2022-13331,2023-05-27,CUST-1232,Brian Miller,PROD-TEC-106,Mechanical RGB Keyboard,Technology,Accessories,3,75.0,225.0,0.0,72.75,Central,Texas,Austin,Debit Card
ORD-2023-13332,2022-10-15,CUST-1174,Andrew King,PROD-OFF-123,Gel Ink Pens Box of 24,Office Supplies,Paper & Stationary,3,15.0,45.0,0.0,18.75,West,Washington,Seattle,Credit Card
ORD-2024-13333,2023-02-28,CUST-1330,Steven Robinson,PROD-TEC-109,Noise Canceling Headphones,Technology,Phones & Audio,1,199.0,139.3,0.3,-4.0,East,New York,Buffalo,Credit Card
ORD-2023-13334,2022-10-01,CUST-1352,Kevin Johnson,PROD-TEC-109,Noise Canceling Headphones,Technology,Phones & Audio,2,199.0,318.4,0.2,34.8,West,California,Los Angeles,PayPal
ORD-2023-13335,2024-03-27,CUST-1272,Karen Sanchez,PROD-FUR-115,Adjustable Drafting Stool,Furniture,Chairs & Stools,4,110.0,440.0,0.0,103.0,West,Oregon,Portland,Credit Card
ORD-2024-13336,2023-04-07,CUST-1011,Mary Scott,PROD-FUR-113,Ergonomic Executive Mesh Chair,Furniture,Chairs & Stools,4,240.0,960.0,0.0,185.0,West,California,San Diego,PayPal
ORD-2023-13337,2022-02-03,CUST-1279,Donald Wilson,PROD-TEC-108,HD Pro Webcam 1080p,Technology,Accessories,2,65.0,123.5,0.05,37.9,Central,Illinois,Chicago,Credit Card
ORD-2022-13338,2022-09-04,CUST-1141,Robert Lewis,PROD-HOM-134,Insulated Stainless Steel Tumbler 30oz,Home & Kitchen,Cookware & Dining,2,25.0,47.5,0.05,17.5,North,Wisconsin,Milwaukee,Credit Card
ORD-2022-13339,2022-01-16,CUST-1354,William Robinson,PROD-OFF-127,Professional Acrylic Paint Set,Office Supplies,Art & Craft,4,42.0,151.2,0.1,46.76,East,New York,Buffalo,PayPal
ORD-2024-13340,2022-05-08,CUST-1157,Patricia Nguyen,PROD-TEC-112,Smart Fitness Watch,Technology,Phones & Audio,1,149.0,74.5,0.5,-36.78,South,Georgia,Atlanta,Credit Card
ORD-2022-13341,2024-01-30,CUST-1385,Brian Thomas,PROD-HOM-131,Compact HEPA Air Purifier,Home & Kitchen,Appliances,1,130.0,130.0,0.0,32.4,West,California,San Diego,Credit Card
ORD-2022-13342,2023-03-01,CUST-1381,Karen Torres,PROD-TEC-105,Wireless Ergonomic Mouse,Technology,Accessories,1,35.0,31.5,0.1,6.5,East,Massachusetts,Boston,UPI / Net Banking
ORD-2023-13343,2023-08-23,CUST-1095,Jessica Torres,PROD-FUR-115,Adjustable Drafting Stool,Furniture,Chairs & Stools,4,110.0,418.0,0.05,81.0,South,Georgia,Atlanta,Credit Card
ORD-2023-13344,2022-10-13,CUST-1375,Deborah White,PROD-HOM-133,Stainless Steel Chef Knife 8-Inch,Home & Kitchen,Cookware & Dining,1,45.0,40.5,0.1,11.75,West,Oregon,Portland,Debit Card
ORD-2023-13345,2022-01-14,CUST-1239,Betty Perez,PROD-HOM-136,Weighted Cooling Blanket 15lbs,Home & Kitchen,Bedding & Decor,5,95.0,332.5,0.3,15.75,Central,Illinois,Chicago,PayPal
ORD-2022-13346,2024-01-26,CUST-1379,Karen Miller,PROD-FUR-116,Electric Dual-Motor Standing Desk,Furniture,Desks & Tables,1,450.0,450.0,0.0,77.0,South,Florida,Miami,Debit Card
ORD-2023-13347,2022-04-03,CUST-1358,Sandra Lee,PROD-FUR-119,5-Shelf Ladder Bookcase,Furniture,Bookcases,2,140.0,280.0,0.0,65.0,Central,Texas,Houston,Credit Card
ORD-2023-13348,2024-03-03,CUST-1077,Deborah Perez,PROD-HOM-135,100% Organic Cotton Sheet Set Queen,Home & Kitchen,Bedding & Decor,3,85.0,255.0,0.0,90.9,East,New York,Buffalo,Credit Card
ORD-2023-13349,2023-11-06,CUST-1252,Paul Davis,PROD-HOM-136,Weighted Cooling Blanket 15lbs,Home & Kitchen,Bedding & Decor,1,95.0,76.0,0.2,10.25,East,New York,New York City,Credit Card
ORD-2024-13350,2023-04-13,CUST-1365,Joseph Jones,PROD-HOM-131,Compact HEPA Air Purifier,Home & Kitchen,Appliances,2,130.0,247.0,0.05,54.8,East,New York,New York City,Credit Card
ORD-2022-13351,2024-05-05,CUST-1269,Kevin Harris,PROD-HOM-130,Programmable Drip Coffee Maker,Home & Kitchen,Appliances,8,75.0,540.0,0.1,139.0,West,California,Los Angeles,Debit Card
ORD-2022-13352,2023-05-15,CUST-1373,Andrew Wilson,PROD-TEC-108,HD Pro Webcam 1080p,Technology,Accessories,1,65.0,65.0,0.0,20.7,Central,Illinois,Chicago,UPI / Net Banking
ORD-2024-13353,2023-10-28,CUST-1042,Kenneth Hernandez,PROD-TEC-107,USB-C Multi-Port Hub,Technology,Accessories,1,45.0,38.25,0.15,9.5,East,New York,Buffalo,Credit Card
ORD-2023-13354,2024-06-13,CUST-1251,Margaret Hill,PROD-FUR-114,High-Back Leather Gaming Chair,Furniture,Chairs & Stools,1,290.0,290.0,0.0,48.2,North,Wisconsin,Milwaukee,Debit Card
ORD-2024-13355,2022-07-09,CUST-1124,Andrew Walker,PROD-HOM-132,Non-Stick Ceramic Cookware 10-Piece,Home & Kitchen,Cookware & Dining,1,180.0,126.0,0.3,-0.4,South,North Carolina,Charlotte,PayPal
ORD-2022-13356,2023-04-26,CUST-1287,Amanda Martin,PROD-HOM-136,Weighted Cooling Blanket 15lbs,Home & Kitchen,Bedding & Decor,6,95.0,570.0,0.0,190.5,South,Florida,Miami,PayPal
ORD-2024-13357,2024-01-15,CUST-1395,Ashley Miller,PROD-HOM-136,Weighted Cooling Blanket 15lbs,Home & Kitchen,Bedding & Decor,4,95.0,323.0,0.15,69.0,West,California,Los Angeles,PayPal
ORD-2022-13358,2023-09-22,CUST-1210,Emily Ramirez,PROD-OFF-126,Desktop Document Organizer,Office Supplies,Storage & Organization,1,28.0,28.0,0.0,8.6,East,Massachusetts,Boston,UPI / Net Banking
ORD-2024-13359,2022-08-09,CUST-1425,Brian Walker,PROD-OFF-124,Heavy-Duty Plastic Storage Bins 4-Pack,Office Supplies,Storage & Organization,1,55.0,52.25,0.05,15.25,West,Washington,Seattle,Cash on Delivery
ORD-2022-13360,2024-02-26,CUST-1368,Jessica Gonzalez,PROD-TEC-101,ProBook 15.6 Inch Laptop,Technology,Laptops & Monitors,1,850.0,722.5,0.15,55.5,South,Florida,Miami,Debit Card
ORD-2022-13361,2023-04-03,CUST-1024,Kenneth Taylor,PROD-FUR-116,Electric Dual-Motor Standing Desk,Furniture,Desks & Tables,2,450.0,810.0,0.1,67.0,North,Minnesota,Minneapolis,PayPal
ORD-2024-13362,2023-12-23,CUST-1392,Robert Allen,PROD-OFF-128,Precision Cutting Mat & Knife Set,Office Supplies,Art & Craft,1,22.0,17.6,0.2,2.16,West,Oregon,Portland,Debit Card
ORD-2024-13363,2024-06-29,CUST-1264,Kevin Clark,PROD-FUR-116,Electric Dual-Motor Standing Desk,Furniture,Desks & Tables,4,450.0,1800.0,0.0,317.0,South,Georgia,Atlanta,Debit Card
ORD-2023-13364,2023-07-08,CUST-1226,Jessica Hernandez,PROD-OFF-127,Professional Acrylic Paint Set,Office Supplies,Art & Craft,5,42.0,210.0,0.0,80.2,West,California,San Francisco,UPI / Net Banking
ORD-2023-13365,2024-04-11,CUST-1175,Christopher Taylor,PROD-OFF-126,Desktop Document Organizer,Office Supplies,Storage & Organization,1,28.0,28.0,0.0,8.6,North,Minnesota,Minneapolis,Credit Card
ORD-2024-13366,2023-06-07,CUST-1083,,PROD-HOM-133,Stainless Steel Chef Knife 8-Inch,Home & Kitchen,Cookware & Dining,8,45.0,360.0,0.0,151.0,West,California,Los Angeles,PayPal
ORD-2022-13367,2022-07-18,CUST-1158,Melissa Wright,PROD-OFF-122,Executive Hardcover Notebook 3-Pack,Office Supplies,Paper & Stationary,3,24.0,68.4,0.05,26.4,West,California,San Francisco,UPI / Net Banking
ORD-2022-13368,2022-03-01,CUST-1111,Robert Perez,PROD-TEC-109,Noise Canceling Headphones,Technology,Phones & Audio,1,199.0,189.05,0.05,45.75,East,Massachusetts,Boston,Debit Card
ORD-2023-13369,2022-08-17,CUST-1124,Andrew Walker,PROD-TEC-101,ProBook 15.6 Inch Laptop,Technology,Laptops & Monitors,1,850.0,850.0,0.0,183.0,West,Oregon,Portland,Credit Card
ORD-2023-13370,2024-03-05,CUST-1390,Steven Ramirez,PROD-TEC-103,27-Inch 4K UHD Monitor,Technology,Laptops & Monitors,1,350.0,315.0,0.1,59.0,West,Washington,Seattle,UPI / Net Banking
ORD-2023-13371,2023-02-14,CUST-1382,Amanda Harris,PROD-HOM-131,Compact HEPA Air Purifier,Home & Kitchen,Appliances,3,130.0,390.0,0.0,103.2,Central,Texas,Austin,Credit Card
ORD-2024-13372,2022-01-26,CUST-1032,John Anderson,PROD-OFF-123,Gel Ink Pens Box of 24,Office Supplies,Paper & Stationary,4,15.0,30.0,0.5,-4.0,Central,Texas,Houston,PayPal
ORD-2023-13373,2023-03-21,CUST-1119,Robert Allen,PROD-FUR-114,High-Back Leather Gaming Chair,Furniture,Chairs & Stools,1,290.0,275.5,0.05,33.7,South,Georgia,Atlanta,Credit Card
ORD-2024-13374,2022-08-25,CUST-1239,Betty Perez,PROD-TEC-109,Noise Canceling Headphones,Technology,Phones & Audio,1,199.0,189.05,0.05,45.75,Central,Texas,Houston,Credit Card
ORD-2022-13375,2024-04-09,CUST-1118, John Perez ,PROD-HOM-131,Compact HEPA Air Purifier,Home & Kitchen,Appliances,5,130.0,650.0,0.0,174.0,West,California,Los Angeles,PayPal
ORD-2022-13376,2022-07-29,CUST-1381,Karen Torres,PROD-HOM-129,Digital Touchscreen Air Fryer 5.8Qt,Home & Kitchen,Appliances,1,110.0,99.0,0.1,18.0,East,New York,New York City,Credit Card
ORD-2024-13377,2023-07-05,CUST-1416,Thomas Perez,PROD-HOM-133,Stainless Steel Chef Knife 8-Inch,Home & Kitchen,Cookware & Dining,1,45.0,33.75,0.25,5.0,Central,Texas,Houston,PayPal
ORD-2024-13378,2023-05-14,CUST-1281,Melissa Hernandez,PROD-TEC-101,ProBook 15.6 Inch Laptop,Technology,Laptops & Monitors,1,850.0,807.5,0.05,140.5,West,California,San Diego,UPI / Net Banking
ORD-2023-13379,2024-02-10,CUST-1352,Kevin Johnson,PROD-TEC-108,HD Pro Webcam 1080p,Technology,Accessories,3,65.0,175.5,0.1,48.6,East,Massachusetts,Boston,Debit Card
ORD-2024-13380,2023-01-31,CUST-1152,Sandra Jackson,PROD-OFF-124,Heavy-Duty Plastic Storage Bins 4-Pack,Office Supplies,Storage & Organization,2,55.0,82.5,0.25,11.5,West,California,San Diego,Credit Card
ORD-2024-13381,2023-07-07,CUST-1406,Sarah Lee,PROD-FUR-115,Adjustable Drafting Stool,Furniture,Chairs & Stools,2,110.0,220.0,0.0,50.0,East,Massachusetts,Boston,UPI / Net Banking
ORD-2024-13382,2024-04-23,CUST-1231,Sarah Hernandez,PROD-FUR-113,Ergonomic Executive Mesh Chair,Furniture,Chairs & Stools,2,240.0,384.0,0.2,-5.0,South,North Carolina,Charlotte,Credit Card
ORD-2024-13383,2022-08-07,CUST-1326,Brian Martinez,PROD-TEC-103,27-Inch 4K UHD Monitor,Technology,Laptops & Monitors,2,350.0,700.0,0.0,191.0,North,Michigan,Detroit,Debit Card
ORD-2024-13384,2024-06-02,CUST-1112,Mary Nguyen,PROD-FUR-114,High-Back Leather Gaming Chair,Furniture,Chairs & Stools,2,290.0,580.0,0.0,99.4,West,California,Los Angeles,Credit Card
ORD-2024-13385,2024-04-24,CUST-1346,Kevin Sanchez,PROD-OFF-127,Professional Acrylic Paint Set,Office Supplies,Art & Craft,2,42.0,71.4,0.15,17.68,South,Georgia,Atlanta,Credit Card
ORD-2022-13386,2023-02-10,CUST-1224,Anthony Flores,PROD-OFF-128,Precision Cutting Mat & Knife Set,Office Supplies,Art & Craft,2,22.0,35.2,0.2,7.32,East,Massachusetts,Boston,UPI / Net Banking
ORD-2023-13387,2023-03-04,CUST-1242,Daniel Allen,PROD-TEC-106,Mechanical RGB Keyboard,Technology,Accessories,1,75.0,67.5,0.1,14.75,Central,Texas,Austin,Debit Card
ORD-2023-13388,2024-01-12,CUST-1316,Joshua Moore,PROD-TEC-106,Mechanical RGB Keyboard,Technology,Accessories,4,75.0,300.0,0.0,98.0,West,California,Los Angeles,Debit Card
ORD-2022-13389,2022-04-16,CUST-1167,Amanda Thomas,PROD-OFF-123,Gel Ink Pens Box of 24,Office Supplies,Paper & Stationary,4,15.0,60.0,0.0,26.0,South,North Carolina,Charlotte,Credit Card
ORD-2022-13390,2023-09-03,CUST-1310,Michelle Allen,PROD-FUR-117,Compact Computer Desk,Furniture,Desks & Tables,1,130.0,110.5,0.15,5.1,East,Pennsylvania,Philadelphia,Debit Card
ORD-2024-13391,2022-10-20,CUST-1213,Brian Martinez,PROD-OFF-124,Heavy-Duty Plastic Storage Bins 4-Pack,Office Supplies,Storage & Organization,1,55.0,55.0,0.0,18.0,Central,Texas,Dallas,Debit Card
ORD-2022-13392,2022-02-02,CUST-1028,Emily Jackson,PROD-TEC-110,True Wireless Earbuds,Technology,Phones & Audio,2,89.0,169.1,0.05,48.4,East,New York,New York City,Debit Card
ORD-2024-13393,2023-01-21,CUST-1114,Donna Anderson,PROD-TEC-111,Bluetooth Conference Speaker,Technology,Phones & Audio,6,120.0,576.0,0.2,77.4,East,Pennsylvania,Philadelphia,Credit Card
ORD-2022-13394,2024-01-18,CUST-1105,Edward Gonzalez,PROD-FUR-119,5-Shelf Ladder Bookcase,Furniture,Bookcases,6,140.0,798.0,0.05,159.0,Central,Ohio,Columbus,PayPal
ORD-2022-13395,2024-03-27,CUST-1050,Christopher Sanchez,PROD-TEC-108,HD Pro Webcam 1080p,Technology,Accessories,1,65.0,61.75,0.05,17.45,North,Michigan,Detroit,PayPal
ORD-2022-13396,2024-02-05,CUST-1227,Barbara Clark,PROD-FUR-114,High-Back Leather Gaming Chair,Furniture,Chairs & Stools,1,290.0,290.0,0.0,48.2,East,New York,Buffalo,PayPal
ORD-2024-13397,2023-10-06,CUST-1354,William Robinson,PROD-FUR-113,Ergonomic Executive Mesh Chair,Furniture,Chairs & Stools,1,240.0,240.0,0.0,44.0,North,Wisconsin,Milwaukee,Credit Card
ORD-2023-13398,2024-03-25,CUST-1030,Lisa Torres,PROD-TEC-102,UltraSlim 14 Inch Notebook,Technology,Laptops & Monitors,1,1100.0,1100.0,0.0,271.0,East,New York,Buffalo,Debit Card
ORD-2024-13399,2023-01-10,CUST-1327, Dorothy Wilson ,PROD-HOM-136,Weighted Cooling Blanket 15lbs,Home & Kitchen,Bedding & Decor,5,95.0,380.0,0.2,63.25,West,California,Los Angeles,Debit Card
ORD-2023-13400,2023-08-12,CUST-1428,Jennifer Jackson,PROD-FUR-120,Modern Modular Bookshelf,Furniture,Bookcases,2,210.0,420.0,0.0,87.4,East,Pennsylvania,Philadelphia,UPI / Net Banking
ORD-2024-13401,2024-06-22,CUST-1030,Lisa Torres,PROD-OFF-121,Premium Multipurpose Copy Paper 5 Reams,Office Supplies,Paper & Stationary,1,38.0,38.0,0.0,13.1,West,California,San Francisco,Debit Card
ORD-2022-13402,2023-07-21,CUST-1098,Robert Wright,PROD-HOM-129,Digital Touchscreen Air Fryer 5.8Qt,Home & Kitchen,Appliances,1,110.0,110.0,0.0,29.0,West,Oregon,Portland,PayPal
ORD-2024-13403,2023-05-30,CUST-1122,Susan Wright,PROD-HOM-129,Digital Touchscreen Air Fryer 5.8Qt,Home & Kitchen,Appliances,1,110.0,104.5,0.05,23.5,Central,Texas,Austin,UPI / Net Banking
ORD-2024-13404,2022-08-08,CUST-1258,Lisa Ramirez,PROD-TEC-103,27-Inch 4K UHD Monitor,Technology,Laptops & Monitors,1,350.0,350.0,0.0,94.0,West,Washington,Seattle,PayPal
ORD-2024-13405,2023-08-29,CUST-1425,Brian Walker,PROD-OFF-125,3-Drawer Mobile File Cabinet,Office Supplies,Storage & Organization,1,145.0,137.75,0.05,29.35,East,Pennsylvania,Philadelphia,Credit Card
ORD-2022-13406,2023-01-02,CUST-1129,Daniel Ramirez,PROD-HOM-134,Insulated Stainless Steel Tumbler 30oz,Home & Kitchen,Cookware & Dining,2,25.0,50.0,0.0,20.0,South,North Carolina,Charlotte,Debit Card
ORD-2023-13407,2022-02-02,CUST-1422,George Clark,PROD-FUR-116,Electric Dual-Motor Standing Desk,Furniture,Desks & Tables,2,450.0,855.0,0.05,112.0,West,Oregon,Portland  ,Credit Card
ORD-2023-13408,2023-09-29,CUST-1149, Patricia Hernandez ,PROD-OFF-125,3-Drawer Mobile File Cabinet,Office Supplies,Storage & Organization,5,145.0,362.5,0.5,-167.5,East,Massachusetts,Boston,Credit Card
ORD-2023-13409,2022-10-10,CUST-1236,Daniel Martin,PROD-OFF-128,Precision Cutting Mat & Knife Set,Office Supplies,Art & Craft,1,22.0,19.8,0.1,4.36,Central,Ohio,Columbus,UPI / Net Banking
ORD-2023-13410,2022-02-15,CUST-1387,Amanda Hill,PROD-FUR-116,Electric Dual-Motor Standing Desk,Furniture,Desks & Tables,3,450.0,1282.5,0.05,169.5,Central,Ohio,Columbus,PayPal
ORD-2024-13411,2023-05-30,CUST-1365,Joseph Jones,PROD-TEC-105,Wireless Ergonomic Mouse,Technology,Accessories,2,35.0,66.5,0.05,19.5,Central,Ohio,Columbus,Debit Card
ORD-2024-13412,2022-08-15,CUST-1111,,PROD-FUR-114,High-Back Leather Gaming Chair,Furniture,Chairs & Stools,3,290.0,783.0,0.1,63.6,Central,Texas,Austin,Debit Card
ORD-2022-13413,2023-06-12,CUST-1161,Donna Walker,PROD-OFF-121,Premium Multipurpose Copy Paper 5 Reams,Office Supplies,Paper & Stationary,2,38.0,68.4,0.1,21.6,West,California,Los Angeles,Credit Card
ORD-2024-13414,2022-01-12,CUST-1055,Betty Robinson,PROD-TEC-102,UltraSlim 14 Inch Notebook,Technology,Laptops & Monitors,1,1100.0,1045.0,0.05,216.0,Central,Illinois,Chicago,Cash on Delivery
ORD-2022-13415,2023-01-19,CUST-1287,Amanda Martin,PROD-TEC-104,24-Inch IPS FHD Monitor,Technology,Laptops & Monitors,2,180.0,360.0,0.0,103.0,East,Massachusetts,Boston,Credit Card
ORD-2024-13416,2022-04-29,CUST-1098,Robert Wright,PROD-OFF-126,Desktop Document Organizer,Office Supplies,Storage & Organization,3,28.0,84.0,0.0,31.8,Central,Texas,Austin,PayPal
ORD-2024-13417,2022-08-16,CUST-1427,Donald Johnson,PROD-OFF-127,Professional Acrylic Paint Set,Office Supplies,Art & Craft,2,42.0,67.2,0.2,13.48,West,Oregon,Portland,Credit Card
ORD-2024-13418,2022-01-12,CUST-1329,Anthony Perez,PROD-FUR-120,Modern Modular Bookshelf,Furniture,Bookcases,5,210.0,840.0,0.2,13.0,East,New York,Buffalo,Credit Card
ORD-2024-13419,2024-01-03,CUST-1401,Carol Moore,PROD-OFF-124,Heavy-Duty Plastic Storage Bins 4-Pack,Office Supplies,Storage & Organization,1,55.0,55.0,0.0,18.0,North,Michigan,Detroit,Debit Card
ORD-2024-13420,2022-08-14,CUST-1107,Betty White,PROD-TEC-109,Noise Canceling Headphones,Technology,Phones & Audio,2,199.0,318.4,0.2,34.8,West,California,Los Angeles,Credit Card
ORD-2023-13421,2022-02-12,CUST-1341,Kenneth Anderson,PROD-TEC-104,24-Inch IPS FHD Monitor,Technology,Laptops & Monitors,6,180.0,918.0,0.15,153.0,South,Florida,Orlando,Debit Card
ORD-2024-13422,2022-12-24,CUST-1198,Elizabeth Moore,PROD-TEC-110,True Wireless Earbuds,Technology,Phones & Audio,4,89.0,356.0,0.0,117.6,Central,Texas,Dallas  ,Cash on Delivery
ORD-2022-13423,2023-03-01,CUST-1404,Sandra Ramirez,PROD-TEC-109,Noise Canceling Headphones,Technology,Phones & Audio,1,199.0,169.15,0.15,25.85,West,California,Los Angeles,Credit Card
ORD-2022-13424,2023-03-16,CUST-1163,David Brown,PROD-HOM-132,Non-Stick Ceramic Cookware 10-Piece,Home & Kitchen,Cookware & Dining,3,180.0,540.0,0.0,166.8,Central,Illinois,Chicago,Credit Card
ORD-2022-13425,2022-05-05,CUST-1342,Ashley Anderson,PROD-TEC-109,Noise Canceling Headphones,Technology,Phones & Audio,6,199.0,1194.0,0.0,349.2,East,New York,Buffalo,Credit Card
ORD-2023-13426,2023-01-01,CUST-1299,Edward Miller,PROD-HOM-133,Stainless Steel Chef Knife 8-Inch,Home & Kitchen,Cookware & Dining,6,45.0,243.0,0.1,85.5,South,North Carolina,Charlotte,Debit Card
ORD-2023-13427,2024-04-15,CUST-1340,Melissa Wright,PROD-OFF-122,Executive Hardcover Notebook 3-Pack,Office Supplies,Paper & Stationary,2,24.0,48.0,0.0,19.0,Central,Ohio,Columbus,Credit Card
ORD-2022-13428,2024-05-16,CUST-1011,Mary Scott,PROD-OFF-125,3-Drawer Mobile File Cabinet,Office Supplies,Storage & Organization,8,145.0,986.0,0.15,139.8,West,California,Los Angeles,Credit Card
ORD-2023-13429,2022-06-17,CUST-1046,Joshua Scott,PROD-TEC-105,Wireless Ergonomic Mouse,Technology,Accessories,4,35.0,140.0,0.0,49.0,East,New York,Buffalo,Credit Card
ORD-2023-13430,2024-03-05,CUST-1053,Dorothy Lee,PROD-HOM-136,Weighted Cooling Blanket 15lbs,Home & Kitchen,Bedding & Decor,2,95.0,161.5,0.15,33.0,West,California,Los Angeles,Credit Card
ORD-2024-13431,2022-03-19,CUST-1355,Barbara Brown,PROD-HOM-132,Non-Stick Ceramic Cookware 10-Piece,Home & Kitchen,Cookware & Dining,2,180.0,324.0,0.1,74.2,East,New York,New York City,Credit Card
ORD-2023-13432,2022-09-27,CUST-1144,James Garcia,PROD-OFF-123,Gel Ink Pens Box of 24,Office Supplies,Paper & Stationary,6,15.0,63.0,0.3,13.5,North,Michigan,Detroit,PayPal
ORD-2024-13433,2022-02-05,CUST-1212,Linda Jones,PROD-TEC-109,Noise Canceling Headphones,Technology,Phones & Audio,1,199.0,199.0,0.0,55.7,West,Washington,Seattle,Credit Card
ORD-2024-13434,2024-05-03,CUST-1179,Kevin Martin,PROD-TEC-103,27-Inch 4K UHD Monitor,Technology,Laptops & Monitors,6,350.0,1785.0,0.15,264.0,Central,Texas,Dallas,Credit Card
ORD-2024-13435,2022-01-17,CUST-1149,Patricia Hernandez,PROD-OFF-123,Gel Ink Pens Box of 24,Office Supplies,Paper & Stationary,5,15.0,63.75,0.15,22.0,East,Massachusetts,Boston,UPI / Net Banking
ORD-2022-13436,2023-11-22,CUST-1390,Steven Ramirez,PROD-HOM-135,100% Organic Cotton Sheet Set Queen,Home & Kitchen,Bedding & Decor,1,85.0,85.0,0.0,28.3,Central,Texas,Austin,PayPal
ORD-2022-13437,2022-02-15,CUST-1050,Christopher Sanchez,PROD-OFF-126,Desktop Document Organizer,Office Supplies,Storage & Organization,1,28.0,28.0,0.0,8.6,North,Minnesota,Minneapolis,PayPal
ORD-2024-13438,2023-12-31,CUST-1193,James Scott,PROD-HOM-134,Insulated Stainless Steel Tumbler 30oz,Home & Kitchen,Cookware & Dining,3,25.0,75.0,0.0,31.5,East,Pennsylvania,Philadelphia,Credit Card
ORD-2024-13439,2024-04-05,CUST-1229,Melissa Perez,PROD-OFF-125,3-Drawer Mobile File Cabinet,Office Supplies,Storage & Organization,1,145.0,145.0,0.0,36.6,East,New York,New York City,Debit Card
ORD-2022-13440,2024-02-26,CUST-1098,Robert Wright,PROD-FUR-120,Modern Modular Bookshelf,Furniture,Bookcases,1,210.0,178.5,0.15,10.7,East,New York,Buffalo,Debit Card
ORD-2024-13441,2023-02-27,CUST-1248,Michael Hill,PROD-TEC-103,27-Inch 4K UHD Monitor,Technology,Laptops & Monitors,1,350.0,332.5,0.05,76.5,East,New York,New York City,Cash on Delivery
ORD-2023-13442,2022-02-15,CUST-1081,George Taylor,PROD-TEC-105,Wireless Ergonomic Mouse,Technology,Accessories,4,35.0,133.0,0.05,42.0,East,Pennsylvania,Philadelphia,Debit Card
ORD-2023-13443,2022-06-01,CUST-1141,,PROD-TEC-112,Smart Fitness Watch,Technology,Phones & Audio,3,149.0,447.0,0.0,119.16,Central,Texas,Houston,PayPal
ORD-2023-13444,2024-02-03,CUST-1429,Joseph Sanchez,PROD-HOM-134,Insulated Stainless Steel Tumbler 30oz,Home & Kitchen,Cookware & Dining,3,25.0,63.75,0.15,20.25,South,Georgia,Atlanta,UPI / Net Banking
ORD-2022-13445,2022-12-14,CUST-1396,Margaret White,PROD-TEC-110,True Wireless Earbuds,Technology,Phones & Audio,2,89.0,169.1,0.05,48.4,South,Florida,Miami,PayPal
ORD-2022-13446,2024-01-07,CUST-1061,Margaret Nguyen,PROD-HOM-133,Stainless Steel Chef Knife 8-Inch,Home & Kitchen,Cookware & Dining,10,45.0,450.0,0.0,189.5,West,California,San Diego,Credit Card
ORD-2023-13447,2023-11-11,CUST-1077,Deborah Perez,PROD-FUR-116,Electric Dual-Motor Standing Desk,Furniture,Desks & Tables,1,450.0,450.0,0.0,77.0,Central,Texas,Houston,Credit Card
ORD-2024-13448,2022-10-05,CUST-1133,Patricia Sanchez,PROD-FUR-115,Adjustable Drafting Stool,Furniture,Chairs & Stools,3,110.0,297.0,0.1,43.5,West,California,Los Angeles,Credit Card
ORD-2022-13449,2024-04-06,CUST-1276,Donna Hill,PROD-HOM-132,Non-Stick Ceramic Cookware 10-Piece,Home & Kitchen,Cookware & Dining,3,180.0,459.0,0.15,85.8,South,Florida,Orlando,UPI / Net Banking
ORD-2023-13450,2023-08-29,CUST-1391,Kevin White,PROD-HOM-135,100% Organic Cotton Sheet Set Queen,Home & Kitchen,Bedding & Decor,6,85.0,484.5,0.05,159.3,North,Michigan,Detroit,PayPal
ORD-2024-13451,2022-05-31,CUST-1117,Joseph Jones,PROD-TEC-106,Mechanical RGB Keyboard,Technology,Accessories,5,75.0,375.0,0.0,123.25,North,Michigan,Detroit,Debit Card
ORD-2024-13452,2022-04-22,CUST-1335,Edward Torres,PROD-TEC-101,ProBook 15.6 Inch Laptop,Technology,Laptops & Monitors,4,850.0,3400.0,0.0,741.0,West,California,Los Angeles,Credit Card
ORD-2023-13453,2023-04-20,CUST-1266,Brian Jackson,PROD-OFF-128,Precision Cutting Mat & Knife Set,Office Supplies,Art & Craft,1,22.0,22.0,0.0,6.56,South,Florida,Orlando,Credit Card
ORD-2023-13454,2024-06-06,CUST-1066,Linda Martinez,PROD-OFF-127,Professional Acrylic Paint Set,Office Supplies,Art & Craft,1,42.0,42.0,0.0,13.64,Central,Texas,Houston,Credit Card
ORD-2023-13455,2024-04-23,CUST-1321,Jessica Moore,PROD-TEC-110,True Wireless Earbuds,Technology,Phones & Audio,1,89.0,84.55,0.05,22.7,Central,Texas,Austin,Credit Card
ORD-2022-13456,2023-04-23,CUST-1270,Amanda Lopez,PROD-HOM-136,Weighted Cooling Blanket 15lbs,Home & Kitchen,Bedding & Decor,1,95.0,95.0,0.0,29.25,North,Michigan,Detroit,Credit Card
ORD-2024-13457,2024-01-24,CUST-1270,Amanda Lopez,PROD-TEC-112,Smart Fitness Watch,Technology,Phones & Audio,2,149.0,298.0,0.0,78.44,West,Oregon,Portland,Credit Card
ORD-2023-13458,2023-01-23,CUST-1363,Melissa Wright,PROD-TEC-103,27-Inch 4K UHD Monitor,Technology,Laptops & Monitors,1,350.0,332.5,0.05,76.5,West,Oregon,Portland,Credit Card
ORD-2024-13459,2023-04-03,CUST-1041,Brian Jones,PROD-TEC-109,Noise Canceling Headphones,Technology,Phones & Audio,3,199.0,298.5,0.5,-125.4,West,California,Los Angeles,Debit Card
ORD-2023-13460,2023-07-23,CUST-1185,Steven Wilson,PROD-FUR-113,Ergonomic Executive Mesh Chair,Furniture,Chairs & Stools,6,240.0,1224.0,0.15,63.0,West,California,Los Angeles,PayPal
ORD-2022-13461,2023-05-08,CUST-1431,Karen Nguyen,PROD-FUR-119,5-Shelf Ladder Bookcase,Furniture,Bookcases,1,140.0,133.0,0.05,24.0,West,California,Los Angeles,Credit Card
ORD-2023-13462,2022-03-25,CUST-1143,Patricia Wright,PROD-FUR-119,5-Shelf Ladder Bookcase,Furniture,Bookcases,2,140.0,280.0,0.0,65.0,Central,Texas,Austin,Debit Card
ORD-2023-13463,2022-11-16,CUST-1139,Barbara Moore,PROD-FUR-114,High-Back Leather Gaming Chair,Furniture,Chairs & Stools,2,290.0,580.0,0.0,99.4,East,New York,Buffalo,Debit Card
ORD-2023-13464,2022-08-21,CUST-1117,Joseph Jones,PROD-FUR-116,Electric Dual-Motor Standing Desk,Furniture,Desks & Tables,8,450.0,3600.0,0.0,637.0,West,California,San Diego,UPI / Net Banking
ORD-2022-13465,2022-04-05,CUST-1013,Anthony Anderson,PROD-TEC-103,27-Inch 4K UHD Monitor,Technology,Laptops & Monitors,1,350.0,280.0,0.2,24.0,West,California,San Francisco,Debit Card
ORD-2024-13466,2023-12-30,CUST-1278,Sandra Lewis,PROD-OFF-123,Gel Ink Pens Box of 24,Office Supplies,Paper & Stationary,1,15.0,15.0,0.0,4.25,West,Oregon,Portland,UPI / Net Banking
ORD-2023-13467,2023-06-09,CUST-1207,Deborah Rodriguez,PROD-TEC-104,24-Inch IPS FHD Monitor,Technology,Laptops & Monitors,3,180.0,486.0,0.1,102.0,South,Florida,Orlando,Credit Card
ORD-2023-13468,2022-08-13,CUST-1264,Kevin Clark,PROD-TEC-109,Noise Canceling Headphones,Technology,Phones & Audio,3,199.0,567.15,0.05,143.25,South,North Carolina,Charlotte,Credit Card
ORD-2022-13469,2022-06-21,CUST-1096,Jennifer Garcia,PROD-FUR-115,Adjustable Drafting Stool,Furniture,Chairs & Stools,3,110.0,264.0,0.2,10.5,West,Oregon,Portland,Credit Card
ORD-2022-13470,2023-12-04,CUST-1061,Margaret Nguyen,PROD-FUR-120,Modern Modular Bookshelf,Furniture,Bookcases,2,210.0,420.0,0.0,87.4,Central,Ohio,Columbus,Cash on Delivery
ORD-2023-13471,2022-09-19,CUST-1004,William Miller,PROD-HOM-130,Programmable Drip Coffee Maker,Home & Kitchen,Appliances,2,75.0,142.5,0.05,40.0,Central,Illinois,Chicago,Credit Card
ORD-2022-13472,2022-01-04,CUST-1345,Matthew Perez,PROD-HOM-129,Digital Touchscreen Air Fryer 5.8Qt,Home & Kitchen,Appliances,1,110.0,82.5,0.25,1.5,Central,Texas,Dallas,Credit Card
ORD-2022-13473,2024-03-17,CUST-1352,Kevin Johnson,PROD-HOM-135,100% Organic Cotton Sheet Set Queen,Home & Kitchen,Bedding & Decor,1,85.0,76.5,0.1,19.8,South,Florida,Orlando,UPI / Net Banking
ORD-2024-13474,2022-06-18,CUST-1247,Thomas Williams,PROD-HOM-136,Weighted Cooling Blanket 15lbs,Home & Kitchen,Bedding & Decor,1,95.0,71.25,0.25,5.5,Central,Texas,Austin,PayPal
ORD-2022-13475,2024-05-20,CUST-1006,Jennifer Nguyen,PROD-FUR-120,Modern Modular Bookshelf,Furniture,Bookcases,2,210.0,420.0,0.0,87.4,North,Wisconsin,Milwaukee,Credit Card
ORD-2022-13476,2023-02-16,CUST-1206,James Perez,PROD-OFF-126,Desktop Document Organizer,Office Supplies,Storage & Organization,1,28.0,23.8,0.15,4.4,Central,Illinois,Chicago,UPI / Net Banking
ORD-2024-13477,2022-09-28,CUST-1106,Dorothy Martin,PROD-OFF-122,Executive Hardcover Notebook 3-Pack,Office Supplies,Paper & Stationary,2,24.0,48.0,0.0,19.0,North,Wisconsin,Milwaukee,Credit Card
ORD-2024-13478,2023-11-05,CUST-1159,Patricia Lee,PROD-OFF-128,Precision Cutting Mat & Knife Set,Office Supplies,Art & Craft,4,22.0,88.0,0.0,35.24,South,Georgia,Atlanta,Credit Card
ORD-2022-13479,2023-04-24,CUST-1286,Edward Thomas,PROD-TEC-106,Mechanical RGB Keyboard,Technology,Accessories,2,75.0,120.0,0.2,17.5,West,Washington,Seattle,PayPal
ORD-2023-13480,2022-09-16,CUST-1321,Jessica Moore,PROD-HOM-134,Insulated Stainless Steel Tumbler 30oz,Home & Kitchen,Cookware & Dining,4,25.0,90.0,0.1,33.0,North,Michigan,Detroit,Debit Card
ORD-2024-13481,2024-04-05,CUST-1321,Jessica Moore,PROD-OFF-124,Heavy-Duty Plastic Storage Bins 4-Pack,Office Supplies,Storage & Organization,1,55.0,55.0,0.0,18.0,East,Pennsylvania,Philadelphia,Credit Card
ORD-2022-13482,2024-02-21,CUST-1437,Brian Robinson,PROD-OFF-127,Professional Acrylic Paint Set,Office Supplies,Art & Craft,2,42.0,84.0,0.0,30.28,East,New York,Buffalo,Credit Card
ORD-2023-13483,2023-06-17,CUST-1253,Matthew Torres,PROD-HOM-131,Compact HEPA Air Purifier,Home & Kitchen,Appliances,4,130.0,494.0,0.05,112.6,West,Washington,Seattle,UPI / Net Banking
ORD-2023-13484,2022-04-02,CUST-1249,Margaret Thompson,PROD-FUR-117,Compact Computer Desk,Furniture,Desks & Tables,1,130.0,78.0,0.4,-27.4,Central,Ohio,Columbus,Credit Card
ORD-2024-13485,2023-10-31,CUST-1279,Donald Wilson,PROD-FUR-120,Modern Modular Bookshelf,Furniture,Bookcases,3,210.0,535.5,0.15,38.1,West,California,San Francisco,UPI / Net Banking
ORD-2024-13486,2024-04-10,CUST-1251,Margaret Hill,PROD-OFF-126,Desktop Document Organizer,Office Supplies,Storage & Organization,1,28.0,28.0,0.0,8.6,East,New York,New York City,Credit Card
ORD-2023-13487,2022-11-12,CUST-1270,Amanda Lopez,PROD-TEC-101,ProBook 15.6 Inch Laptop,Technology,Laptops & Monitors,1,850.0,637.5,0.25,-29.5,East,Pennsylvania,Philadelphia,Debit Card
ORD-2022-13488,2022-09-25,CUST-1300, Deborah Ramirez ,PROD-TEC-101,ProBook 15.6 Inch Laptop,Technology,Laptops & Monitors,2,850.0,1360.0,0.2,29.0,North,Michigan,Detroit,PayPal
ORD-2023-13489,2024-04-25,CUST-1236,Daniel Martin,PROD-TEC-102,UltraSlim 14 Inch Notebook,Technology,Laptops & Monitors,8,1100.0,7480.0,0.15,869.0,North,Minnesota,Minneapolis,PayPal
ORD-2023-13490,2022-08-18,CUST-1272,Karen Sanchez,PROD-TEC-102,UltraSlim 14 Inch Notebook,Technology,Laptops & Monitors,1,1100.0,1045.0,0.05,216.0,Central,Texas,Dallas,Credit Card
ORD-2022-13491,2022-02-07,CUST-1300,Deborah Ramirez,PROD-OFF-126,Desktop Document Organizer,Office Supplies,Storage & Organization,1,28.0,26.6,0.05,7.2,North,Michigan,Detroit,Credit Card
ORD-2024-13492,2022-06-27,CUST-1030,Lisa Torres,PROD-OFF-124,Heavy-Duty Plastic Storage Bins 4-Pack,Office Supplies,Storage & Organization,3,55.0,148.5,0.1,43.5,North,Wisconsin,Milwaukee,UPI / Net Banking
ORD-2023-13493,2023-09-28,CUST-1241,Deborah Moore,PROD-TEC-107,USB-C Multi-Port Hub,Technology,Accessories,3,45.0,128.25,0.05,48.0,East,Pennsylvania,Philadelphia,Debit Card
ORD-2023-13494,2022-01-08,CUST-1061,Margaret Nguyen,PROD-TEC-108,HD Pro Webcam 1080p,Technology,Accessories,3,65.0,156.0,0.2,29.1,South,Georgia,Atlanta,Credit Card
ORD-2024-13495,2024-04-07,CUST-1094,Jessica Brown,PROD-OFF-127,Professional Acrylic Paint Set,Office Supplies,Art & Craft,2,42.0,84.0,0.0,30.28,East,New York,New York City,Credit Card
ORD-2024-13496,2024-06-07,CUST-1329,Anthony Perez,PROD-HOM-136,Weighted Cooling Blanket 15lbs,Home & Kitchen,Bedding & Decor,1,95.0,80.75,0.15,15.0,West,Washington,Seattle,Credit Card
ORD-2022-13497,2022-12-22,CUST-1257,Steven Gonzalez,PROD-OFF-125,3-Drawer Mobile File Cabinet,Office Supplies,Storage & Organization,6,145.0,870.0,0.0,234.6,East,Massachusetts,Boston,Credit Card
ORD-2024-13498,2022-07-19,CUST-1438,Sarah Martin,PROD-OFF-127,Professional Acrylic Paint Set,Office Supplies,Art & Craft,1,42.0,42.0,0.0,13.64,East,Pennsylvania,Philadelphia,Debit Card
ORD-2023-13499,2023-11-05,CUST-1218,John Martin,PROD-OFF-123,Gel Ink Pens Box of 24,Office Supplies,Paper & Stationary,1,15.0,15.0,0.0,4.25,South,North Carolina,Charlotte,Debit Card
ORD-2023-13500,2023-01-30,CUST-1317,Deborah King,PROD-FUR-117,Compact Computer Desk,Furniture,Desks & Tables,5,130.0,617.5,0.05,102.5,West,Oregon,Portland,PayPal
ORD-2024-13501,2022-09-02,CUST-1141,Robert Lewis,PROD-HOM-129,Digital Touchscreen Air Fryer 5.8Qt,Home & Kitchen,Appliances,1,110.0,110.0,0.0,29.0,Central,Texas,Austin,Debit Card
ORD-2023-13502,2022-09-05,CUST-1227,Barbara Clark,PROD-HOM-132,Non-Stick Ceramic Cookware 10-Piece,Home & Kitchen,Cookware & Dining,4,180.0,540.0,0.25,43.4,West,California,San Francisco  ,Debit Card
ORD-2024-13503,2023-02-12,CUST-1162,Paul King,PROD-FUR-115,Adjustable Drafting Stool,Furniture,Chairs & Stools,2,110.0,132.0,0.4,-38.0,South,Georgia,Atlanta,UPI / Net Banking
ORD-2022-13504,2024-03-02,CUST-1247,Thomas Williams,PROD-HOM-134,Insulated Stainless Steel Tumbler 30oz,Home & Kitchen,Cookware & Dining,1,25.0,21.25,0.15,4.75,West,California,Los Angeles,Credit Card
ORD-2024-13505,2022-07-13,CUST-1096,Jennifer Garcia,PROD-TEC-108,HD Pro Webcam 1080p,Technology,Accessories,6,65.0,390.0,0.0,139.2,North,Michigan,Detroit,Credit Card
ORD-2023-13506,2024-04-10,CUST-1400,George King,PROD-TEC-102,UltraSlim 14 Inch Notebook,Technology,Laptops & Monitors,4,1100.0,4400.0,0.0,1093.0,West,Washington,Seattle,Credit Card
ORD-2022-13507,2024-01-10,CUST-1198,Elizabeth Moore,PROD-FUR-114,High-Back Leather Gaming Chair,Furniture,Chairs & Stools,2,290.0,580.0,0.0,99.4,Central,Texas,Houston,Credit Card
ORD-2024-13508,2024-06-19,CUST-1073,Emily Smith,PROD-OFF-127,Professional Acrylic Paint Set,Office Supplies,Art & Craft,1,42.0,42.0,0.0,13.64,West,California,San Diego,PayPal
ORD-2023-13509,2023-02-09,CUST-1240,Sarah Jones,PROD-FUR-118,Solid Wood Conference Table,Furniture,Desks & Tables,5,850.0,4250.0,0.0,629.5,Central,Texas,Dallas,PayPal
ORD-2024-13510,2022-02-08,CUST-1127,Michael Miller,PROD-FUR-114,High-Back Leather Gaming Chair,Furniture,Chairs & Stools,1,290.0,275.5,0.05,33.7,West,California,San Francisco,Credit Card
ORD-2023-13511,2023-09-01,CUST-1076,Edward Moore,PROD-TEC-104,24-Inch IPS FHD Monitor,Technology,Laptops & Monitors,1,180.0,180.0,0.0,50.0,Central,Ohio,Columbus,Credit Card
ORD-2023-13512,2023-03-23,CUST-1023,Daniel Thompson,PROD-HOM-131,Compact HEPA Air Purifier,Home & Kitchen,Appliances,1,130.0,130.0,0.0,32.4,East,New York,New York City,Credit Card
ORD-2024-13513,2024-06-21,CUST-1237,Joseph Anderson,PROD-HOM-131,Compact HEPA Air Purifier,Home & Kitchen,Appliances,5,130.0,650.0,0.0,174.0,Central,Ohio,Columbus,Credit Card
ORD-2023-13514,2022-03-31,CUST-1135,Michael Thomas,PROD-FUR-117,Compact Computer Desk,Furniture,Desks & Tables,3,130.0,370.5,0.05,60.3,East,New York,Buffalo,UPI / Net Banking
ORD-2024-13515,2023-08-28,CUST-1108,Donald King,PROD-OFF-122,Executive Hardcover Notebook 3-Pack,Office Supplies,Paper & Stationary,2,24.0,40.8,0.15,11.8,West,California,Los Angeles,Cash on Delivery
ORD-2023-13516,2022-02-02,CUST-1096,Jennifer Garcia,PROD-HOM-130,Programmable Drip Coffee Maker,Home & Kitchen,Appliances,3,75.0,157.5,0.3,5.25,West,California,Los Angeles,Debit Card
ORD-2023-13517,2022-03-29,CUST-1326,Brian Martinez,PROD-HOM-135,100% Organic Cotton Sheet Set Queen,Home & Kitchen,Bedding & Decor,3,85.0,204.0,0.2,39.9,North,Wisconsin,Milwaukee,Credit Card
ORD-2022-13518,2024-06-02,CUST-1112,Mary Nguyen,PROD-TEC-108,HD Pro Webcam 1080p,Technology,Accessories,4,65.0,260.0,0.0,91.8,Central,Texas,Houston,Credit Card
ORD-2023-13519,2023-11-20,CUST-1053,Dorothy Lee,PROD-FUR-114,High-Back Leather Gaming Chair,Furniture,Chairs & Stools,1,290.0,217.5,0.25,-24.3,East,New York,Buffalo,Debit Card
ORD-2022-13520,2023-05-17,CUST-1297,Jessica Martinez,PROD-TEC-105,Wireless Ergonomic Mouse,Technology,Accessories,2,35.0,70.0,0.0,23.0,West,California,Los Angeles,Debit Card
ORD-2023-13521,2022-10-01,CUST-1021,Michael Garcia,PROD-HOM-132,Non-Stick Ceramic Cookware 10-Piece,Home & Kitchen,Cookware & Dining,1,180.0,153.0,0.15,26.6,North,Michigan,Detroit,Credit Card
ORD-2024-13522,2024-01-19,CUST-1138,William Ramirez,PROD-HOM-133,Stainless Steel Chef Knife 8-Inch,Home & Kitchen,Cookware & Dining,1,45.0,42.75,0.05,14.0,South,Florida,Orlando,Credit Card
ORD-2023-13523,2024-06-05,CUST-1169,Andrew Thomas,PROD-FUR-119,5-Shelf Ladder Bookcase,Furniture,Bookcases,1,140.0,133.0,0.05,24.0,North,Wisconsin,Milwaukee,Credit Card
ORD-2024-13524,2022-03-01,CUST-1315,Edward Thomas,PROD-TEC-101,ProBook 15.6 Inch Laptop,Technology,Laptops & Monitors,2,850.0,1190.0,0.3,-141.0,Central,Texas,Houston,PayPal
ORD-2023-13525,2024-04-02,CUST-1132,Amanda Miller,PROD-FUR-116,Electric Dual-Motor Standing Desk,Furniture,Desks & Tables,2,450.0,630.0,0.3,-113.0,Central,Illinois,Chicago,UPI / Net Banking
ORD-2023-13526,2022-10-01,CUST-1022,Matthew Miller,PROD-HOM-136,Weighted Cooling Blanket 15lbs,Home & Kitchen,Bedding & Decor,3,95.0,256.5,0.1,65.25,West,Oregon,Portland,Credit Card
ORD-2022-13527,2023-10-03,CUST-1018,Nancy Moore,PROD-HOM-130,Programmable Drip Coffee Maker,Home & Kitchen,Appliances,4,75.0,300.0,0.0,98.0,Central,Texas,Austin,Credit Card
ORD-2022-13528,2022-05-08,CUST-1381,Karen Torres,PROD-OFF-124,Heavy-Duty Plastic Storage Bins 4-Pack,Office Supplies,Storage & Organization,4,55.0,220.0,0.0,81.0,South,Florida,Orlando,Debit Card
ORD-2024-13529,2023-09-30,CUST-1206,James Perez,PROD-OFF-125,3-Drawer Mobile File Cabinet,Office Supplies,Storage & Organization,1,145.0,137.75,0.05,29.35,West,California,San Francisco,Credit Card
ORD-2023-13530,2022-12-28,CUST-1136,Richard Gonzalez,PROD-TEC-101,ProBook 15.6 Inch Laptop,Technology,Laptops & Monitors,2,850.0,1700.0,0.0,369.0,North,Michigan,Detroit,Credit Card
ORD-2022-13531,2024-04-03,CUST-1093,Lisa Martin,PROD-HOM-130,Programmable Drip Coffee Maker,Home & Kitchen,Appliances,3,75.0,225.0,0.0,72.75,Central,Texas,Houston,Credit Card
ORD-2022-13532,2022-04-06,CUST-1286,Edward Thomas,PROD-OFF-121,Premium Multipurpose Copy Paper 5 Reams,Office Supplies,Paper & Stationary,3,38.0,102.6,0.1,33.9,Central,Illinois,Chicago,Credit Card
ORD-2022-13533,2024-02-16,CUST-1355,Barbara Brown,PROD-OFF-125,3-Drawer Mobile File Cabinet,Office Supplies,Storage & Organization,3,145.0,435.0,0.0,115.8,East,New York,Buffalo,Debit Card
ORD-2024-13534,2022-09-01,CUST-1029,Joshua Flores,PROD-OFF-123,Gel Ink Pens Box of 24,Office Supplies,Paper & Stationary,2,15.0,28.5,0.05,10.0,Central,Texas,Austin,Credit Card
ORD-2023-13535,2023-09-07,CUST-1229,Melissa Perez,PROD-FUR-114,High-Back Leather Gaming Chair,Furniture,Chairs & Stools,1,290.0,290.0,0.0,48.2,Central,Ohio,Columbus,Debit Card
ORD-2024-13536,2022-12-02,CUST-1122,Susan Wright,PROD-HOM-134,Insulated Stainless Steel Tumbler 30oz,Home & Kitchen,Cookware & Dining,1,25.0,22.5,0.1,6.0,Central,Illinois,Chicago,Debit Card
ORD-2024-13537,2024-06-10,CUST-1071,Kenneth Robinson,PROD-OFF-128,Precision Cutting Mat & Knife Set,Office Supplies,Art & Craft,2,22.0,39.6,0.1,11.72,Central,Texas,Austin,Credit Card
ORD-2023-13538,2023-01-09,CUST-1332,Susan Clark,PROD-HOM-130,Programmable Drip Coffee Maker,Home & Kitchen,Appliances,1,75.0,75.0,0.0,22.25,Central,Texas,Dallas,UPI / Net Banking
ORD-2024-13539,2022-02-12,CUST-1125,Jessica Walker,PROD-TEC-104,24-Inch IPS FHD Monitor,Technology,Laptops & Monitors,2,180.0,360.0,0.0,103.0,South,Florida,Miami,UPI / Net Banking
ORD-2023-13540,2024-01-30,CUST-1257,Steven Gonzalez,PROD-HOM-130,Programmable Drip Coffee Maker,Home & Kitchen,Appliances,5,75.0,337.5,0.1,85.75,South,North Carolina,Charlotte,Credit Card
ORD-2024-13541,2022-10-16,CUST-1300,Deborah Ramirez,PROD-TEC-108,HD Pro Webcam 1080p,Technology,Accessories,1,65.0,65.0,0.0,20.7,Central,Texas,Austin,Credit Card
ORD-2023-13542,2022-02-12,CUST-1122,Susan Wright,PROD-OFF-122,Executive Hardcover Notebook 3-Pack,Office Supplies,Paper & Stationary,2,24.0,45.6,0.05,16.6,West,California,Los Angeles,UPI / Net Banking
ORD-2024-13543,2023-12-16,CUST-1410,Andrew Flores,PROD-FUR-114,High-Back Leather Gaming Chair,Furniture,Chairs & Stools,1,290.0,290.0,0.0,48.2,South,Georgia,Atlanta,Credit Card
ORD-2022-13544,2023-11-11,CUST-1079,Margaret Hernandez,PROD-HOM-129,Digital Touchscreen Air Fryer 5.8Qt,Home & Kitchen,Appliances,3,110.0,280.5,0.15,43.5,North,Minnesota,Minneapolis,UPI / Net Banking
ORD-2023-13545,2022-10-06,CUST-1191,Steven Martin,PROD-TEC-112,Smart Fitness Watch,Technology,Phones & Audio,1,149.0,141.55,0.05,30.27,East,Pennsylvania,Philadelphia,Credit Card
ORD-2023-13546,2024-01-25,CUST-1301,Joseph Lopez,PROD-FUR-116,Electric Dual-Motor Standing Desk,Furniture,Desks & Tables,1,450.0,450.0,0.0,77.0,South,North Carolina,Charlotte,Credit Card
ORD-2023-13547,2023-01-08,CUST-1308,Emily Hill,PROD-FUR-119,5-Shelf Ladder Bookcase,Furniture,Bookcases,2,140.0,266.0,0.05,51.0,West,Oregon,Portland,Cash on Delivery
ORD-2024-13548,2024-05-15,CUST-1055,Betty Robinson,PROD-OFF-128,Precision Cutting Mat & Knife Set,Office Supplies,Art & Craft,1,22.0,19.8,0.1,4.36,West,Washington,Seattle,Credit Card
ORD-2022-13549,2022-06-07,CUST-1169,Andrew Thomas,PROD-OFF-124,Heavy-Duty Plastic Storage Bins 4-Pack,Office Supplies,Storage & Organization,2,55.0,93.5,0.15,22.5,East,New York,Buffalo,Credit Card
ORD-2024-13550,2024-01-22,CUST-1406,Sarah Lee,PROD-TEC-102,UltraSlim 14 Inch Notebook,Technology,Laptops & Monitors,1,1100.0,935.0,0.15,106.0,Central,Texas,Dallas,Debit Card
ORD-2024-13551,2023-05-10,CUST-1204,Jennifer Ramirez,PROD-OFF-124,Heavy-Duty Plastic Storage Bins 4-Pack,Office Supplies,Storage & Organization,2,55.0,88.0,0.2,17.0,South,Florida,Orlando,PayPal
ORD-2022-13552,2022-10-10,CUST-1053,Dorothy Lee,PROD-HOM-132,Non-Stick Ceramic Cookware 10-Piece,Home & Kitchen,Cookware & Dining,4,180.0,648.0,0.1,151.4,West,California,Los Angeles,UPI / Net Banking
ORD-2023-13553,2022-12-31,CUST-1319,Sarah Lewis,PROD-OFF-122,Executive Hardcover Notebook 3-Pack,Office Supplies,Paper & Stationary,5,24.0,120.0,0.0,52.0,East,Pennsylvania,Philadelphia,Cash on Delivery
ORD-2024-13554,2022-08-08,CUST-1105,Edward Gonzalez,PROD-OFF-124,Heavy-Duty Plastic Storage Bins 4-Pack,Office Supplies,Storage & Organization,1,55.0,44.0,0.2,7.0,West,Washington,Seattle,Credit Card
ORD-2024-13555,2022-12-31,CUST-1389,John Thompson,PROD-TEC-101,ProBook 15.6 Inch Laptop,Technology,Laptops & Monitors,1,850.0,850.0,0.0,183.0,East,Pennsylvania,Philadelphia,Debit Card
ORD-2022-13556,2022-10-28,CUST-1103,Kenneth Ramirez,PROD-TEC-106,Mechanical RGB Keyboard,Technology,Accessories,3,75.0,135.0,0.4,-17.25,West,Washington,Seattle,Debit Card
ORD-2022-13557,2023-10-03,CUST-1368,Jessica Gonzalez,PROD-HOM-130,Programmable Drip Coffee Maker,Home & Kitchen,Appliances,2,75.0,142.5,0.05,40.0,West,Oregon,Portland,Credit Card
ORD-2024-13558,2022-09-06,CUST-1446,Sarah Nguyen,PROD-TEC-105,Wireless Ergonomic Mouse,Technology,Accessories,1,35.0,35.0,0.0,10.0,East,Massachusetts,Boston,PayPal
ORD-2023-13559,2023-10-24,CUST-1348,Sandra Rodriguez,PROD-TEC-102,UltraSlim 14 Inch Notebook,Technology,Laptops & Monitors,1,1100.0,880.0,0.2,51.0,North,Michigan,Detroit,Cash on Delivery
ORD-2022-13560,2023-01-14,CUST-1431,Karen Nguyen,PROD-FUR-114,High-Back Leather Gaming Chair,Furniture,Chairs & Stools,6,290.0,1740.0,0.0,304.2,West,California,San Francisco,Credit Card
ORD-2024-13561,2024-01-22,CUST-1122,Susan Wright,PROD-FUR-114,High-Back Leather Gaming Chair,Furniture,Chairs & Stools,4,290.0,928.0,0.2,-30.2,South,North Carolina,Charlotte,
ORD-2022-13562,2023-07-11,CUST-1287,Amanda Martin,PROD-HOM-129,Digital Touchscreen Air Fryer 5.8Qt,Home & Kitchen,Appliances,3,110.0,330.0,0.0,93.0,East,New York,Buffalo,PayPal
ORD-2023-13563,2022-10-18,CUST-1231,Sarah Hernandez,PROD-HOM-134,Insulated Stainless Steel Tumbler 30oz,Home & Kitchen,Cookware & Dining,2,25.0,25.0,0.5,-5.0,East,New York,New York City,UPI / Net Banking
ORD-2023-13564,2024-06-20,CUST-1432,Lisa Walker,PROD-TEC-109,Noise Canceling Headphones,Technology,Phones & Audio,2,199.0,338.3,0.15,54.7,South,Florida,Miami,UPI / Net Banking
ORD-2023-13565,2023-03-22,CUST-1150,Matthew Smith,PROD-HOM-131,Compact HEPA Air Purifier,Home & Kitchen,Appliances,1,130.0,97.5,0.25,-0.1,East,Pennsylvania,Philadelphia,Credit Card
ORD-2024-13566,2023-07-27,CUST-1100,William Walker,PROD-TEC-111,Bluetooth Conference Speaker,Technology,Phones & Audio,2,120.0,204.0,0.15,35.8,West,Washington,Seattle,PayPal
ORD-2024-13567,2022-04-06,CUST-1350,Mary Sanchez,PROD-HOM-136,Weighted Cooling Blanket 15lbs,Home & Kitchen,Bedding & Decor,3,95.0,285.0,0.0,93.75,North,Minnesota,Minneapolis,Credit Card
ORD-2024-13568,2023-04-02,CUST-1340,Melissa Wright,PROD-TEC-106,Mechanical RGB Keyboard,Technology,Accessories,5,75.0,375.0,0.0,123.25,West,California,San Diego,Debit Card
ORD-2024-13569,2023-12-22,CUST-1172,Jennifer Clark,PROD-FUR-116,Electric Dual-Motor Standing Desk,Furniture,Desks & Tables,1,450.0,450.0,0.0,77.0,East,New York,New York City,Credit Card
ORD-2024-13570,2022-10-13,CUST-1006,Jennifer Nguyen,PROD-TEC-110,True Wireless Earbuds,Technology,Phones & Audio,1,89.0,84.55,0.05,22.7,South,North Carolina,Charlotte,Debit Card
ORD-2023-13571,2022-10-02,CUST-1393,Carol Perez,PROD-OFF-125,3-Drawer Mobile File Cabinet,Office Supplies,Storage & Organization,5,145.0,652.5,0.1,122.5,Central,Texas,Dallas,PayPal
ORD-2024-13572,2022-07-06,CUST-1430,Brian Thomas,PROD-TEC-109,Noise Canceling Headphones,Technology,Phones & Audio,2,199.0,358.2,0.1,74.6,East,New York,Buffalo,UPI / Net Banking
ORD-2023-13573,2023-07-28,CUST-1252,Paul Davis,PROD-TEC-109,Noise Canceling Headphones,Technology,Phones & Audio,3,199.0,597.0,0.0,173.1,South,Florida,Orlando,Credit Card
ORD-2023-13574,2022-02-24,CUST-1199,Charles Hill,PROD-TEC-105,Wireless Ergonomic Mouse,Technology,Accessories,1,35.0,35.0,0.0,10.0,South,Florida,Orlando,PayPal
ORD-2023-13575,2023-05-23,CUST-1257,Steven Gonzalez,PROD-FUR-116,Electric Dual-Motor Standing Desk,Furniture,Desks & Tables,4,450.0,1800.0,0.0,317.0,West,California,Los Angeles,PayPal
ORD-2023-13576,2023-11-23,CUST-1398,Dorothy Martinez,PROD-HOM-129,Digital Touchscreen Air Fryer 5.8Qt,Home & Kitchen,Appliances,1,110.0,99.0,0.1,18.0,East,Massachusetts,Boston,Credit Card
ORD-2024-13577,2023-01-30,CUST-1288,Joseph Gonzalez,PROD-TEC-101,ProBook 15.6 Inch Laptop,Technology,Laptops & Monitors,2,850.0,1530.0,0.1,199.0,East,New York,New York City,Credit Card
ORD-2024-13578,2023-05-06,CUST-1334,Brian Johnson,PROD-OFF-128,Precision Cutting Mat & Knife Set,Office Supplies,Art & Craft,1,22.0,22.0,0.0,6.56,East,Pennsylvania,Philadelphia,Credit Card
ORD-2022-13579,2023-04-24,CUST-1019,Elizabeth Wilson,PROD-OFF-124,Heavy-Duty Plastic Storage Bins 4-Pack,Office Supplies,Storage & Organization,3,55.0,156.75,0.05,51.75,South,North Carolina,Charlotte,PayPal
ORD-2022-13580,2022-02-13,CUST-1032,John Anderson,PROD-FUR-119,5-Shelf Ladder Bookcase,Furniture,Bookcases,1,140.0,140.0,0.0,31.0,South,Florida,Orlando,Credit Card
ORD-2023-13581,2022-05-21,CUST-1026,Steven Davis,PROD-FUR-116,Electric Dual-Motor Standing Desk,Furniture,Desks & Tables,1,450.0,450.0,0.0,77.0,Central,Texas,Austin,Debit Card
ORD-2024-13582,2022-01-23,CUST-1412,Nancy Johnson,PROD-OFF-122,Executive Hardcover Notebook 3-Pack,Office Supplies,Paper & Stationary,8,24.0,153.6,0.2,46.6,West,Washington,Seattle,Credit Card
ORD-2022-13583,2023-07-11,CUST-1045,Matthew Moore,PROD-FUR-117,Compact Computer Desk,Furniture,Desks & Tables,1,130.0,130.0,0.0,24.6,East,New York,Buffalo,Credit Card
ORD-2023-13584,2023-02-25,CUST-1364,Patricia Thompson,PROD-FUR-114,High-Back Leather Gaming Chair,Furniture,Chairs & Stools,1,290.0,290.0,0.0,48.2,West,California,San Francisco,Cash on Delivery
ORD-2022-13585,2022-07-29,CUST-1281,Melissa Hernandez,PROD-TEC-107,USB-C Multi-Port Hub,Technology,Accessories,2,45.0,54.0,0.4,-0.5,West,California,Los Angeles,Debit Card
ORD-2024-13586,2024-04-23,CUST-1252,Paul Davis,PROD-TEC-103,27-Inch 4K UHD Monitor,Technology,Laptops & Monitors,1,350.0,350.0,0.0,94.0,East,New York,New York City,UPI / Net Banking
ORD-2024-13587,2024-03-08,CUST-1427,Donald Johnson,PROD-FUR-119,5-Shelf Ladder Bookcase,Furniture,Bookcases,8,140.0,1120.0,0.0,269.0,East,Massachusetts,Boston,Debit Card
ORD-2022-13588,2022-12-26,CUST-1316,Joshua Moore,PROD-OFF-128,Precision Cutting Mat & Knife Set,Office Supplies,Art & Craft,1,22.0,22.0,0.0,6.56,East,New York,New York City,Debit Card
ORD-2022-13589,2022-02-15,CUST-1160,Patricia Brown,PROD-TEC-101,ProBook 15.6 Inch Laptop,Technology,Laptops & Monitors,1,850.0,850.0,0.0,183.0,East,Massachusetts,Boston,Debit Card
ORD-2022-13590,2022-01-12,CUST-1305,Linda Robinson,PROD-TEC-110,True Wireless Earbuds,Technology,Phones & Audio,8,89.0,712.0,0.0,238.2,South,Florida,Orlando,UPI / Net Banking
ORD-2023-13591,2022-04-23,CUST-1145,Edward Thomas,PROD-HOM-129,Digital Touchscreen Air Fryer 5.8Qt,Home & Kitchen,Appliances,6,110.0,561.0,0.15,90.0,Central,Texas,Houston,UPI / Net Banking
ORD-2023-13592,2022-09-12,CUST-1410,Andrew Flores,PROD-TEC-106,Mechanical RGB Keyboard,Technology,Accessories,1,75.0,71.25,0.05,18.5,North,Michigan,Detroit,PayPal
ORD-2023-13593,2022-03-30,CUST-1212,Linda Jones,PROD-OFF-123,Gel Ink Pens Box of 24,Office Supplies,Paper & Stationary,6,15.0,76.5,0.15,27.0,South,Georgia,Atlanta,PayPal
ORD-2022-13594,2023-03-08,CUST-1234,Mark Anderson,PROD-TEC-109,Noise Canceling Headphones,Technology,Phones & Audio,3,199.0,567.15,0.05,143.25,North,Michigan,Detroit,PayPal
ORD-2024-13595,2022-11-18,CUST-1058,Melissa Scott,PROD-TEC-101,ProBook 15.6 Inch Laptop,Technology,Laptops & Monitors,4,850.0,3060.0,0.1,401.0,West,California,Los Angeles,Credit Card
ORD-2023-13596,2023-07-18,CUST-1250,George Lee,PROD-TEC-103,27-Inch 4K UHD Monitor,Technology,Laptops & Monitors,6,350.0,1995.0,0.05,474.0,West,Washington,Seattle,Credit Card
ORD-2022-13597,2023-12-16,CUST-1268,Richard Clark,PROD-TEC-106,Mechanical RGB Keyboard,Technology,Accessories,4,75.0,255.0,0.15,53.0,South,North Carolina,Charlotte,Debit Card
ORD-2022-13598,2023-08-12,CUST-1412,Nancy Johnson,PROD-FUR-115,Adjustable Drafting Stool,Furniture,Chairs & Stools,2,110.0,220.0,0.0,50.0,East,New York,Buffalo,UPI / Net Banking
ORD-2023-13599,2022-03-25,CUST-1446,Sarah Nguyen,PROD-OFF-127,Professional Acrylic Paint Set,Office Supplies,Art & Craft,1,42.0,37.8,0.1,9.44,West,California,San Diego,Debit Card
ORD-2022-13600,2023-12-25,CUST-1271,Michelle Torres,PROD-FUR-115,Adjustable Drafting Stool,Furniture,Chairs & Stools,5,110.0,550.0,0.0,129.5,South,Florida,Miami,Credit Card
ORD-2023-13601,2023-10-06,CUST-1351,Donna Torres,PROD-OFF-122,Executive Hardcover Notebook 3-Pack,Office Supplies,Paper & Stationary,1,24.0,22.8,0.05,6.8,East,New York,New York City,PayPal
ORD-2022-13602,2022-11-27,CUST-1364,Patricia Thompson,PROD-FUR-120,Modern Modular Bookshelf,Furniture,Bookcases,2,210.0,420.0,0.0,87.4,East,New York,New York City,Debit Card
ORD-2023-13603,2024-01-11,CUST-1127,Michael Miller,PROD-FUR-115,Adjustable Drafting Stool,Furniture,Chairs & Stools,4,110.0,418.0,0.05,81.0,Central,Texas,Dallas,PayPal
ORD-2023-13604,2022-07-18,CUST-1239,Betty Perez,PROD-TEC-104,24-Inch IPS FHD Monitor,Technology,Laptops & Monitors,3,180.0,540.0,0.0,156.0,Central,Illinois,Chicago,Debit Card
ORD-2022-13605,2023-04-07,CUST-1230,Anthony Thomas,PROD-TEC-103,27-Inch 4K UHD Monitor,Technology,Laptops & Monitors,3,350.0,945.0,0.1,183.0,North,Wisconsin,Milwaukee,Credit Card
ORD-2023-13606,2022-03-04,CUST-1057,William Thomas,PROD-TEC-112,Smart Fitness Watch,Technology,Phones & Audio,6,149.0,849.3,0.05,196.62,Central,Texas,Austin,Credit Card
ORD-2022-13607,2024-06-02,CUST-1109,Donald Davis,PROD-HOM-131,Compact HEPA Air Purifier,Home & Kitchen,Appliances,2,130.0,221.0,0.15,28.8,Central,Illinois,Chicago,Credit Card
ORD-2023-13608,2023-09-12,CUST-1228,Mary Lopez,PROD-OFF-124,Heavy-Duty Plastic Storage Bins 4-Pack,Office Supplies,Storage & Organization,2,55.0,110.0,0.0,39.0,North,Michigan,Detroit,UPI / Net Banking
ORD-2024-13609,2022-09-02,CUST-1016,Edward Hernandez,PROD-TEC-105,Wireless Ergonomic Mouse,Technology,Accessories,1,35.0,28.0,0.2,3.0,North,Michigan,Detroit,Credit Card
ORD-2024-13610,2024-02-27,CUST-1281,Melissa Hernandez,PROD-FUR-113,Ergonomic Executive Mesh Chair,Furniture,Chairs & Stools,3,240.0,684.0,0.05,102.0,Central,Texas,Houston,Credit Card
ORD-2024-13611,2023-05-27,CUST-1015,Sarah Smith,PROD-HOM-134,Insulated Stainless Steel Tumbler 30oz,Home & Kitchen,Cookware & Dining,1,25.0,23.75,0.05,7.25,East,Pennsylvania,Philadelphia,UPI / Net Banking
ORD-2023-13612,2024-04-27,CUST-1077,Deborah Perez,PROD-OFF-122,Executive Hardcover Notebook 3-Pack,Office Supplies,Paper & Stationary,1,24.0,22.8,0.05,6.8,South,Florida,Orlando,Debit Card
ORD-2023-13613,2024-06-04,CUST-1189,Lisa Jackson,PROD-TEC-101,ProBook 15.6 Inch Laptop,Technology,Laptops & Monitors,2,850.0,1190.0,0.3,-141.0,South,Georgia,Atlanta,Credit Card
ORD-2022-13614,2023-10-31,CUST-1370,Elizabeth Thomas,PROD-TEC-112,Smart Fitness Watch,Technology,Phones & Audio,2,149.0,208.6,0.3,-10.96,West,Washington,Seattle,Credit Card
ORD-2024-13615,2023-11-05,CUST-1197,Melissa Scott,PROD-TEC-105,Wireless Ergonomic Mouse,Technology,Accessories,1,35.0,35.0,0.0,10.0,South,Florida,Miami,PayPal
ORD-2024-13616,2024-06-26,CUST-1404,Sandra Ramirez,PROD-FUR-115,Adjustable Drafting Stool,Furniture,Chairs & Stools,6,110.0,561.0,0.15,57.0,East,Massachusetts,Boston,Credit Card
ORD-2024-13617,2022-03-10,CUST-1335,Edward Torres,PROD-HOM-130,Programmable Drip Coffee Maker,Home & Kitchen,Appliances,8,75.0,600.0,0.0,199.0,West,California,Los Angeles,UPI / Net Banking
ORD-2024-13618,2022-01-25,CUST-1177,Jessica Taylor,PROD-HOM-134,Insulated Stainless Steel Tumbler 30oz,Home & Kitchen,Cookware & Dining,2,25.0,50.0,0.0,20.0,South,North Carolina,Charlotte,Cash on Delivery
ORD-2024-13619,2023-04-21,CUST-1069,Kenneth Jones,PROD-OFF-125,3-Drawer Mobile File Cabinet,Office Supplies,Storage & Organization,1,145.0,116.0,0.2,7.6,West,Oregon,Portland,Debit Card
ORD-2024-13620,2023-09-07,CUST-1206,James Perez,PROD-FUR-120,Modern Modular Bookshelf,Furniture,Bookcases,5,210.0,735.0,0.3,-92.0,West,Washington,Seattle,Credit Card
ORD-2023-13621,2023-12-14,CUST-1409,Jessica Robinson,PROD-TEC-108,HD Pro Webcam 1080p,Technology,Accessories,1,65.0,61.75,0.05,17.45,East,New York,Buffalo,Debit Card
ORD-2023-13622,2023-02-15,CUST-1123,William Torres,PROD-HOM-130,Programmable Drip Coffee Maker,Home & Kitchen,Appliances,1,75.0,71.25,0.05,18.5,East,Pennsylvania,Philadelphia,UPI / Net Banking
ORD-2023-13623,2022-04-19,CUST-1218,John Martin,PROD-HOM-130,Programmable Drip Coffee Maker,Home & Kitchen,Appliances,1,75.0,75.0,0.0,22.25,South,Georgia,Atlanta,PayPal
ORD-2022-13624,2023-07-19,CUST-1067,Joshua Hernandez,PROD-TEC-108,HD Pro Webcam 1080p,Technology,Accessories,1,65.0,65.0,0.0,20.7,Central,Texas,Dallas,Credit Card
ORD-2024-13625,2022-09-02,CUST-1192,Michelle King,PROD-OFF-122,Executive Hardcover Notebook 3-Pack,Office Supplies,Paper & Stationary,3,24.0,68.4,0.05,26.4,West,Oregon,Portland,Debit Card
ORD-2022-13626,2022-07-01,CUST-1180,Sandra Lee,PROD-TEC-110,True Wireless Earbuds,Technology,Phones & Audio,3,89.0,213.6,0.2,34.05,East,New York,New York City,Debit Card
ORD-2024-13627,2023-08-15,CUST-1064,Paul Young,PROD-TEC-110,True Wireless Earbuds,Technology,Phones & Audio,1,89.0,84.55,0.05,22.7,South,North Carolina,Charlotte,Credit Card
ORD-2022-13628,2022-08-04,CUST-1190,David Lewis,PROD-FUR-116,Electric Dual-Motor Standing Desk,Furniture,Desks & Tables,6,450.0,2430.0,0.1,207.0,North,Wisconsin,Milwaukee,PayPal
ORD-2022-13629,2022-11-25,CUST-1329,Anthony Perez,PROD-OFF-126,Desktop Document Organizer,Office Supplies,Storage & Organization,1,28.0,28.0,0.0,8.6,West,Oregon,Portland,Credit Card
ORD-2023-13630,2024-05-13,CUST-1170,Donna Hill,PROD-TEC-112,Smart Fitness Watch,Technology,Phones & Audio,2,149.0,283.1,0.05,63.54,North,Minnesota,Minneapolis,Debit Card
ORD-2023-13631,2022-09-17,CUST-1246,Barbara Nguyen,PROD-HOM-133,Stainless Steel Chef Knife 8-Inch,Home & Kitchen,Cookware & Dining,4,45.0,135.0,0.25,29.0,South,Florida,Miami,Credit Card
ORD-2023-13632,2024-02-03,CUST-1189,Lisa Jackson,PROD-TEC-108,HD Pro Webcam 1080p,Technology,Accessories,2,65.0,130.0,0.0,44.4,West,Washington,Seattle,Credit Card
ORD-2023-13633,2023-10-23,CUST-1236,Daniel Martin,PROD-HOM-133,Stainless Steel Chef Knife 8-Inch,Home & Kitchen,Cookware & Dining,4,45.0,171.0,0.05,65.0,West,Washington,Seattle,Cash on Delivery
ORD-2024-13634,2024-04-10,CUST-1433,Emily King,PROD-HOM-129,Digital Touchscreen Air Fryer 5.8Qt,Home & Kitchen,Appliances,1,110.0,104.5,0.05,23.5,South,Georgia,Atlanta,Credit Card
ORD-2024-13635,2023-05-22,CUST-1372,Kevin Davis,PROD-HOM-131,Compact HEPA Air Purifier,Home & Kitchen,Appliances,3,130.0,390.0,0.0,103.2,South,Florida,Miami,Credit Card
ORD-2024-13636,2022-11-23,CUST-1106,Dorothy Martin,PROD-OFF-123,Gel Ink Pens Box of 24,Office Supplies,Paper & Stationary,1,15.0,14.25,0.05,3.5,East,New York,Buffalo,Credit Card
ORD-2024-13637,2022-05-25,CUST-1236,Daniel Martin,PROD-TEC-111,Bluetooth Conference Speaker,Technology,Phones & Audio,2,120.0,240.0,0.0,71.8,West,California,Los Angeles,Debit Card
ORD-2023-13638,2023-04-07,CUST-1330,Steven Robinson,PROD-OFF-123,Gel Ink Pens Box of 24,Office Supplies,Paper & Stationary,2,15.0,27.0,0.1,8.5,West,Washington,Seattle,Credit Card
ORD-2023-13639,2024-06-30,CUST-1424,Edward Thomas,PROD-HOM-130,Programmable Drip Coffee Maker,Home & Kitchen,Appliances,3,75.0,180.0,0.2,27.75,West,California,Los Angeles,Debit Card
ORD-2022-13640,2024-03-03,CUST-1297,Jessica Martinez,PROD-FUR-118,Solid Wood Conference Table,Furniture,Desks & Tables,2,850.0,1615.0,0.05,165.0,Central,Texas,Austin,Credit Card
ORD-2023-13641,2024-03-09,CUST-1384,Robert Nguyen,PROD-HOM-131,Compact HEPA Air Purifier,Home & Kitchen,Appliances,3,130.0,390.0,0.0,103.2,West,California,San Diego,PayPal
ORD-2022-13642,2022-04-20,CUST-1436,Nancy Thompson,PROD-HOM-134,Insulated Stainless Steel Tumbler 30oz,Home & Kitchen,Cookware & Dining,2,25.0,50.0,0.0,20.0,North,Michigan,Detroit,UPI / Net Banking
ORD-2024-13643,2022-04-27,CUST-1110,Jessica Anderson,PROD-TEC-110,True Wireless Earbuds,Technology,Phones & Audio,3,89.0,253.65,0.05,74.1,East,New York,Buffalo,UPI / Net Banking
ORD-2024-13644,2022-03-21,CUST-1052,Susan Torres,PROD-TEC-106,Mechanical RGB Keyboard,Technology,Accessories,2,75.0,120.0,0.2,17.5,West,California,San Diego,Credit Card
ORD-2024-13645,2022-04-05,CUST-1446,Sarah Nguyen,PROD-OFF-127,Professional Acrylic Paint Set,Office Supplies,Art & Craft,8,42.0,319.2,0.05,113.32,East,Pennsylvania,Philadelphia,Credit Card
ORD-2023-13646,2022-11-28,CUST-1146, David Clark ,PROD-OFF-127,Professional Acrylic Paint Set,Office Supplies,Art & Craft,2,42.0,84.0,0.0,30.28,West,California,San Francisco,Debit Card
ORD-2023-13647,2023/09/30,CUST-1364,Patricia Thompson,PROD-TEC-111,Bluetooth Conference Speaker,Technology,Phones & Audio,3,120.0,360.0,0.0,109.2,North,Michigan,Detroit,Credit Card
ORD-2023-13648,2022-09-10,CUST-1342,Ashley Anderson,PROD-FUR-119,5-Shelf Ladder Bookcase,Furniture,Bookcases,2,140.0,280.0,0.0,65.0,South,Florida,Orlando,Cash on Delivery
ORD-2023-13649,2024-05-03,CUST-1133,Patricia Sanchez,PROD-HOM-131,Compact HEPA Air Purifier,Home & Kitchen,Appliances,4,130.0,494.0,0.05,112.6,West,California,Los Angeles,UPI / Net Banking
ORD-2024-13650,2024-05-23,CUST-1040,Kevin Moore,PROD-TEC-104,24-Inch IPS FHD Monitor,Technology,Laptops & Monitors,6,180.0,648.0,0.4,-117.0,West,Washington,Seattle,Cash on Delivery
ORD-2023-13651,2023-10-10,CUST-1391, Kevin White ,PROD-TEC-106,Mechanical RGB Keyboard,Technology,Accessories,1,75.0,75.0,0.0,22.25,East,New York,Buffalo,Credit Card
ORD-2022-13652,2023-01-28,CUST-1264,Kevin Clark,PROD-TEC-103,27-Inch 4K UHD Monitor,Technology,Laptops & Monitors,3,350.0,840.0,0.2,78.0,South,Georgia,Atlanta,Debit Card
ORD-2023-13653,2022-05-05,CUST-1099,Deborah Rodriguez,PROD-FUR-114,High-Back Leather Gaming Chair,Furniture,Chairs & Stools,2,290.0,522.0,0.1,41.4,West,California,San Francisco,UPI / Net Banking
ORD-2024-13654,2024-03-30,CUST-1035,Michael Harris,PROD-OFF-122,Executive Hardcover Notebook 3-Pack,Office Supplies,Paper & Stationary,3,24.0,64.8,0.1,22.8,Central,Texas,Dallas,UPI / Net Banking
ORD-2024-13655,2023-01-18,CUST-1373,Andrew Wilson,PROD-HOM-131,Compact HEPA Air Purifier,Home & Kitchen,Appliances,1,130.0,130.0,0.0,32.4,South,Florida,Orlando,Debit Card
ORD-2022-13656,2022-03-29,CUST-1417,Sarah Hill,PROD-TEC-108,HD Pro Webcam 1080p,Technology,Accessories,5,65.0,325.0,0.0,115.5,West,California,Los Angeles,UPI / Net Banking
ORD-2023-13657,2022-04-23,CUST-1146,David Clark,PROD-TEC-101,ProBook 15.6 Inch Laptop,Technology,Laptops & Monitors,2,850.0,1615.0,0.05,284.0,West,California,Los Angeles,Credit Card
ORD-2024-13658,2022-07-14,CUST-1298,Carol Smith,PROD-TEC-108,HD Pro Webcam 1080p,Technology,Accessories,3,65.0,195.0,0.0,68.1,South,Georgia,Atlanta,PayPal
ORD-2024-13659,2022-02-01,CUST-1056,Elizabeth Taylor,PROD-HOM-129,Digital Touchscreen Air Fryer 5.8Qt,Home & Kitchen,Appliances,1,110.0,99.0,0.1,18.0,Central,Texas,Austin,Credit Card
ORD-2023-13660,2023-03-23,CUST-1317,Deborah King,PROD-HOM-133,Stainless Steel Chef Knife 8-Inch,Home & Kitchen,Cookware & Dining,1,45.0,42.75,0.05,14.0,Central,Ohio,Columbus,Debit Card
ORD-2024-13661,2022-05-31,CUST-1238,Mary Gonzalez,PROD-TEC-112,Smart Fitness Watch,Technology,Phones & Audio,2,149.0,253.3,0.15,33.74,South,Florida,Miami,Debit Card
ORD-2022-13662,2023-03-03,CUST-1160,Patricia Brown,PROD-FUR-118,Solid Wood Conference Table,Furniture,Desks & Tables,4,850.0,3400.0,0.0,503.0,South,Florida,Miami,Debit Card
ORD-2024-13663,2022-01-27,CUST-1049,Joseph Williams,PROD-TEC-107,USB-C Multi-Port Hub,Technology,Accessories,4,45.0,171.0,0.05,65.0,East,New York,Buffalo,Debit Card
ORD-2024-13664,2024-02-25,CUST-1088,Edward Hernandez,PROD-FUR-116,Electric Dual-Motor Standing Desk,Furniture,Desks & Tables,2,450.0,810.0,0.1,67.0,West,California,San Diego,UPI / Net Banking
ORD-2024-13665,2024-06-16,CUST-1377,Kenneth Davis,PROD-FUR-117,Compact Computer Desk,Furniture,Desks & Tables,3,130.0,351.0,0.1,40.8,East,Massachusetts,Boston,Cash on Delivery
ORD-2022-13666,2022-01-11,CUST-1072,Kimberly Taylor,PROD-OFF-121,Premium Multipurpose Copy Paper 5 Reams,Office Supplies,Paper & Stationary,4,38.0,129.2,0.15,38.6,West,California,San Francisco,Debit Card
ORD-2023-13667,2024-03-30,CUST-1021,Michael Garcia,PROD-HOM-129,Digital Touchscreen Air Fryer 5.8Qt,Home & Kitchen,Appliances,1,110.0,104.5,0.05,23.5,East,Massachusetts,Boston,Debit Card
ORD-2024-13668,2023-11-08,CUST-1339,Anthony Wright,PROD-HOM-135,100% Organic Cotton Sheet Set Queen,Home & Kitchen,Bedding & Decor,3,85.0,255.0,0.0,90.9,West,Washington,Seattle,UPI / Net Banking
ORD-2022-13669,2023-07-07,CUST-1359,Nancy Harris,PROD-HOM-132,Non-Stick Ceramic Cookware 10-Piece,Home & Kitchen,Cookware & Dining,1,180.0,153.0,0.15,26.6,East,Massachusetts,Boston,Credit Card
ORD-2024-13670,2022-02-23,CUST-1011,Mary Scott,PROD-FUR-116,Electric Dual-Motor Standing Desk,Furniture,Desks & Tables,1,450.0,382.5,0.15,9.5,West,California,San Francisco,UPI / Net Banking
ORD-2024-13671,2024-01-02,CUST-1442,Melissa Wright,PROD-HOM-132,Non-Stick Ceramic Cookware 10-Piece,Home & Kitchen,Cookware & Dining,2,180.0,360.0,0.0,110.2,Central,Texas,Houston,Credit Card
ORD-2023-13672,2022-10-24,CUST-1034,Jennifer Anderson,PROD-OFF-128,Precision Cutting Mat & Knife Set,Office Supplies,Art & Craft,4,22.0,88.0,0.0,35.24,West,Oregon,Portland,PayPal
ORD-2024-13673,2024-02-11,CUST-1364,Patricia Thompson,PROD-FUR-115,Adjustable Drafting Stool,Furniture,Chairs & Stools,6,110.0,660.0,0.0,156.0,South,Georgia,Atlanta,Credit Card
ORD-2024-13674,2023-08-14,CUST-1098,Robert Wright,PROD-OFF-125,3-Drawer Mobile File Cabinet,Office Supplies,Storage & Organization,4,145.0,522.0,0.1,97.4,East,New York,Buffalo,Credit Card
ORD-2024-13675,2022-01-22,CUST-1245,Linda Taylor,PROD-TEC-103,27-Inch 4K UHD Monitor,Technology,Laptops & Monitors,1,350.0,350.0,0.0,94.0,East,Pennsylvania,Philadelphia,Debit Card
ORD-2022-13676,2022-03-22,CUST-1267,Emily Rodriguez,PROD-OFF-124,Heavy-Duty Plastic Storage Bins 4-Pack,Office Supplies,Storage & Organization,10,55.0,550.0,0.0,207.0,Central,Ohio,Columbus,Debit Card
ORD-2024-13677,2022-03-24,CUST-1334,Brian Johnson,PROD-FUR-113,Ergonomic Executive Mesh Chair,Furniture,Chairs & Stools,5,240.0,1140.0,0.05,172.0,Central,Texas,Austin,Debit Card
ORD-2024-13678,2022-01-04,CUST-1254, Richard Taylor ,PROD-HOM-131,Compact HEPA Air Purifier,Home & Kitchen,Appliances,1,130.0,130.0,0.0,32.4,West,California,San Diego,Credit Card
ORD-2024-13679,2023-08-15,CUST-1313,Melissa Walker,PROD-OFF-126,Desktop Document Organizer,Office Supplies,Storage & Organization,2,28.0,56.0,0.0,20.2,Central,Texas,Houston,Credit Card
ORD-2022-13680,2022-09-01,CUST-1280,Paul Walker,PROD-TEC-101,ProBook 15.6 Inch Laptop,Technology,Laptops & Monitors,6,850.0,4080.0,0.2,93.0,East,Pennsylvania,Philadelphia,Credit Card
ORD-2024-13681,2023-01-03,CUST-1143,Patricia Wright,PROD-TEC-111,Bluetooth Conference Speaker,Technology,Phones & Audio,3,120.0,360.0,0.0,109.2,West,California,San Francisco,Credit Card
ORD-2022-13682,2023-12-26,CUST-1018,Nancy Moore,PROD-OFF-121,Premium Multipurpose Copy Paper 5 Reams,Office Supplies,Paper & Stationary,5,38.0,152.0,0.2,39.5,Central,Ohio,Columbus,Debit Card
ORD-2022-13683,2024-02-05,CUST-1361,Thomas Garcia,PROD-TEC-107,USB-C Multi-Port Hub,Technology,Accessories,6,45.0,202.5,0.25,45.0,North,Michigan,Detroit,Credit Card
ORD-2023-13684,2022-08-23,CUST-1206, James Perez ,PROD-OFF-123,Gel Ink Pens Box of 24,Office Supplies,Paper & Stationary,1,15.0,13.5,0.1,2.75,Central,Ohio,Columbus,Credit Card
ORD-2023-13685,2024-06-23,CUST-1073,Emily Smith,PROD-TEC-110,True Wireless Earbuds,Technology,Phones & Audio,1,89.0,71.2,0.2,9.35,South,Florida,Orlando,Credit Card
ORD-2023-13686,2024-06-08,CUST-1021,Michael Garcia,PROD-FUR-113,Ergonomic Executive Mesh Chair,Furniture,Chairs & Stools,5,240.0,1140.0,0.05,172.0,South,Florida,Orlando,Debit Card
ORD-2024-13687,2024-04-15,CUST-1319,Sarah Lewis,PROD-FUR-115,Adjustable Drafting Stool,Furniture,Chairs & Stools,1,110.0,104.5,0.05,18.0,West,California,San Diego,Debit Card
ORD-2022-13688,2024-04-20,CUST-1062,Betty White,PROD-TEC-105,Wireless Ergonomic Mouse,Technology,Accessories,1,35.0,17.5,0.5,-7.5,East,New York,Buffalo,Credit Card
ORD-2022-13689,2022-03-14,CUST-1045,Matthew Moore,PROD-FUR-120,Modern Modular Bookshelf,Furniture,Bookcases,2,210.0,399.0,0.05,66.4,West,Oregon,Portland,PayPal
ORD-2024-13690,2023-05-31,CUST-1207,Deborah Rodriguez,PROD-TEC-111,Bluetooth Conference Speaker,Technology,Phones & Audio,2,120.0,216.0,0.1,47.8,Central,Texas,Houston,Credit Card
ORD-2023-13691,2023-11-21,CUST-1426,Carol Young,PROD-TEC-102,UltraSlim 14 Inch Notebook,Technology,Laptops & Monitors,2,1100.0,1760.0,0.2,105.0,East,New York,New York City,Debit Card
ORD-2023-13692,2022-11-01,CUST-1281,Melissa Hernandez,PROD-OFF-124,Heavy-Duty Plastic Storage Bins 4-Pack,Office Supplies,Storage & Organization,5,55.0,275.0,0.0,102.0,West,California,Los Angeles,Cash on Delivery
ORD-2024-13693,2022-09-16,CUST-1013,Anthony Anderson,PROD-HOM-135,100% Organic Cotton Sheet Set Queen,Home & Kitchen,Bedding & Decor,1,85.0,85.0,0.0,28.3,South,Florida,Miami,UPI / Net Banking
ORD-2024-13694,2023-04-27,CUST-1273,Emily Smith,PROD-HOM-129,Digital Touchscreen Air Fryer 5.8Qt,Home & Kitchen,Appliances,2,110.0,209.0,0.05,50.0,South,Florida,Orlando,PayPal
ORD-2022-13695,2022-08-03,CUST-1341,Kenneth Anderson,PROD-TEC-109,Noise Canceling Headphones,Technology,Phones & Audio,1,199.0,199.0,0.0,55.7,West,California,Los Angeles,UPI / Net Banking
ORD-2023-13696,2022-11-09,CUST-1067,Joshua Hernandez,PROD-TEC-107,USB-C Multi-Port Hub,Technology,Accessories,5,45.0,157.5,0.3,25.75,South,Florida,Miami,Debit Card
ORD-2022-13697,2022-03-09,CUST-1007,Margaret Williams,PROD-FUR-119,5-Shelf Ladder Bookcase,Furniture,Bookcases,2,140.0,238.0,0.15,23.0,South,Florida,Miami,Debit Card
ORD-2023-13698,2022-05-17,CUST-1025,John Robinson,PROD-HOM-131,Compact HEPA Air Purifier,Home & Kitchen,Appliances,1,130.0,97.5,0.25,-0.1,West,California,San Francisco,Credit Card
ORD-2024-13699,2023-04-21,CUST-1067,Joshua Hernandez,PROD-TEC-106,Mechanical RGB Keyboard,Technology,Accessories,3,75.0,202.5,0.1,50.25,East,Massachusetts,Boston,UPI / Net Banking
ORD-2024-13700,2023-08-20,CUST-1284,Kevin Flores,PROD-HOM-132,Non-Stick Ceramic Cookware 10-Piece,Home & Kitchen,Cookware & Dining,1,180.0,180.0,0.0,53.6,West,Oregon,Portland,PayPal
ORD-2023-13701,2024-06-04,CUST-1033,Deborah Jackson,PROD-FUR-114,High-Back Leather Gaming Chair,Furniture,Chairs & Stools,6,290.0,1479.0,0.15,43.2,North,Wisconsin,Milwaukee,Credit Card
ORD-2024-13702,2023-08-11,CUST-1115,James Jones,PROD-HOM-130,Programmable Drip Coffee Maker,Home & Kitchen,Appliances,1,75.0,71.25,0.05,18.5,West,California,San Francisco,PayPal
ORD-2023-13703,2022-11-23,CUST-1175,Christopher Taylor,PROD-HOM-133,Stainless Steel Chef Knife 8-Inch,Home & Kitchen,Cookware & Dining,3,45.0,94.5,0.3,14.25,West,Washington,Seattle,Debit Card
ORD-2024-13704,2022-08-17,CUST-1144,James Garcia,PROD-TEC-108,HD Pro Webcam 1080p,Technology,Accessories,2,65.0,130.0,0.0,44.4,Central,Ohio,Columbus,Debit Card
ORD-2023-13705,2024-01-16,CUST-1347,George Hernandez,PROD-TEC-103,27-Inch 4K UHD Monitor,Technology,Laptops & Monitors,2,350.0,700.0,0.0,191.0,East,New York,Buffalo,Debit Card
ORD-2023-13706,2023-09-27,CUST-1099,Deborah Rodriguez,PROD-TEC-107,USB-C Multi-Port Hub,Technology,Accessories,1,45.0,45.0,0.0,16.25,West,Oregon,Portland,Credit Card
ORD-2023-13707,2024-04-27,CUST-1157,Patricia Nguyen,PROD-FUR-113,Ergonomic Executive Mesh Chair,Furniture,Chairs & Stools,2,240.0,480.0,0.0,91.0,West,California,San Francisco,PayPal
ORD-2023-13708,2022-08-22,CUST-1265,Christopher Sanchez,PROD-OFF-121,Premium Multipurpose Copy Paper 5 Reams,Office Supplies,Paper & Stationary,3,38.0,96.9,0.15,28.2,West,Washington,Seattle  ,Debit Card
ORD-2022-13709,2024-02-26,CUST-1182,James Robinson,PROD-FUR-113,Ergonomic Executive Mesh Chair,Furniture,Chairs & Stools,4,240.0,912.0,0.05,137.0,Central,Texas,Dallas,Debit Card
ORD-2024-13710,2022-12-23,CUST-1369,Mary Flores,PROD-OFF-122,Executive Hardcover Notebook 3-Pack,Office Supplies,Paper & Stationary,2,24.0,40.8,0.15,11.8,East,New York,Buffalo,Credit Card
ORD-2024-13711,2023-12-27,CUST-1304,Emily Thomas,PROD-OFF-127,Professional Acrylic Paint Set,Office Supplies,Art & Craft,1,42.0,42.0,0.0,13.64,East,Massachusetts,Boston,Debit Card
ORD-2022-13712,2023-10-22,CUST-1367,Edward Johnson,PROD-TEC-109,Noise Canceling Headphones,Technology,Phones & Audio,4,199.0,676.6,0.15,112.4,West,California,Los Angeles,Cash on Delivery
ORD-2022-13713,2022-10-11,CUST-1012,Richard Wright,PROD-FUR-120,Modern Modular Bookshelf,Furniture,Bookcases,2,210.0,420.0,0.0,87.4,South,North Carolina,Charlotte,PayPal
ORD-2024-13714,2023-03-31,CUST-1188,Robert Thomas,PROD-HOM-132,Non-Stick Ceramic Cookware 10-Piece,Home & Kitchen,Cookware & Dining,3,180.0,540.0,0.0,166.8,West,Oregon,Portland,UPI / Net Banking
ORD-2024-13715,2022-11-15,CUST-1283,Charles Allen,PROD-OFF-128,Precision Cutting Mat & Knife Set,Office Supplies,Art & Craft,2,22.0,39.6,0.1,11.72,Central,Texas,Dallas,UPI / Net Banking
ORD-2022-13716,2024-02-28,CUST-1150,Matthew Smith,PROD-FUR-120,Modern Modular Bookshelf,Furniture,Bookcases,1,210.0,199.5,0.05,31.7,East,Massachusetts,Boston,PayPal
ORD-2022-13717,2022-05-01,CUST-1258,Lisa Ramirez,PROD-HOM-130,Programmable Drip Coffee Maker,Home & Kitchen,Appliances,3,75.0,225.0,0.0,72.75,Central,Texas,Dallas,Debit Card
ORD-2023-13718,2023-11-07,CUST-1151,Matthew Taylor,PROD-FUR-115,Adjustable Drafting Stool,Furniture,Chairs & Stools,1,110.0,104.5,0.05,18.0,East,New York,New York City,Debit Card
ORD-2024-13719,2023-09-21,CUST-1448,Kenneth Jackson,PROD-HOM-131,Compact HEPA Air Purifier,Home & Kitchen,Appliances,2,130.0,234.0,0.1,41.8,South,Georgia,Atlanta,Debit Card
ORD-2023-13720,2024-03-28,CUST-1117,Joseph Jones,PROD-HOM-133,Stainless Steel Chef Knife 8-Inch,Home & Kitchen,Cookware & Dining,1,45.0,33.75,0.25,5.0,Central,Illinois,Chicago,Credit Card
ORD-2024-13721,2022-05-27,CUST-1134,George Perez,PROD-OFF-126,Desktop Document Organizer,Office Supplies,Storage & Organization,4,28.0,112.0,0.0,43.4,Central,Ohio,Columbus,Debit Card
ORD-2024-13722,2022-07-16,CUST-1031,Richard Jones,PROD-TEC-106,Mechanical RGB Keyboard,Technology,Accessories,2,75.0,120.0,0.2,17.5,West,Oregon,Portland,Credit Card
ORD-2023-13723,2023-12-07,CUST-1195,William Taylor,PROD-OFF-124,Heavy-Duty Plastic Storage Bins 4-Pack,Office Supplies,Storage & Organization,6,55.0,247.5,0.25,40.5,Central,Illinois,Chicago,Debit Card
ORD-2023-13724,2022-02-28,CUST-1012,Richard Wright,PROD-FUR-116,Electric Dual-Motor Standing Desk,Furniture,Desks & Tables,1,450.0,382.5,0.15,9.5,East,Pennsylvania,Philadelphia,Credit Card
ORD-2023-13725,2024-04-05,CUST-1350,Mary Sanchez,PROD-HOM-131,Compact HEPA Air Purifier,Home & Kitchen,Appliances,2,130.0,260.0,0.0,67.8,East,Pennsylvania,Philadelphia,Debit Card
ORD-2022-13726,2022-11-19,CUST-1047,Joseph Lee,PROD-TEC-110,True Wireless Earbuds,Technology,Phones & Audio,1,89.0,89.0,0.0,27.15,East,New York,Buffalo,Credit Card
ORD-2022-13727,2023-10-18,CUST-1071, Kenneth Robinson ,PROD-TEC-102,UltraSlim 14 Inch Notebook,Technology,Laptops & Monitors,3,1100.0,2805.0,0.15,324.0,West,Washington,Seattle,Debit Card
ORD-2022-13728,2023-01-05,CUST-1447,Edward King,PROD-TEC-109,Noise Canceling Headphones,Technology,Phones & Audio,1,199.0,199.0,0.0,55.7,West,California,San Francisco,Debit Card
ORD-2023-13729,2023-11-01,CUST-1126,Anthony Gonzalez,PROD-OFF-124,Heavy-Duty Plastic Storage Bins 4-Pack,Office Supplies,Storage & Organization,3,55.0,148.5,0.1,43.5,West,California,San Francisco,Credit Card
ORD-2023-13730,2022-04-22,CUST-1351,Donna Torres,PROD-OFF-121,Premium Multipurpose Copy Paper 5 Reams,Office Supplies,Paper & Stationary,4,38.0,152.0,0.0,61.4,South,Georgia,Atlanta,Debit Card
ORD-2023-13731,2022-11-19,CUST-1108,Donald King,PROD-HOM-129,Digital Touchscreen Air Fryer 5.8Qt,Home & Kitchen,Appliances,3,110.0,264.0,0.2,27.0,North,Minnesota,Minneapolis,Debit Card
ORD-2022-13732,2023-07-01,CUST-1055,Betty Robinson,PROD-FUR-118,Solid Wood Conference Table,Furniture,Desks & Tables,2,850.0,1700.0,0.0,250.0,North,Wisconsin,Milwaukee,Debit Card
ORD-2022-13733,2022-07-19,CUST-1178,Betty Rodriguez,PROD-HOM-136,Weighted Cooling Blanket 15lbs,Home & Kitchen,Bedding & Decor,1,95.0,90.25,0.05,24.5,East,Pennsylvania,Philadelphia,Debit Card
ORD-2024-13734,2023-10-06,CUST-1171,John Flores,PROD-TEC-111,Bluetooth Conference Speaker,Technology,Phones & Audio,2,120.0,240.0,0.0,71.8,East,New York,New York City,UPI / Net Banking
ORD-2024-13735,2023-06-05,CUST-1046,Joshua Scott,PROD-HOM-129,Digital Touchscreen Air Fryer 5.8Qt,Home & Kitchen,Appliances,3,110.0,280.5,0.15,43.5,West,California,San Francisco,PayPal
ORD-2023-13736,2023-12-22,CUST-1360,Sarah Clark,PROD-HOM-131,Compact HEPA Air Purifier,Home & Kitchen,Appliances,2,130.0,260.0,0.0,67.8,East,Massachusetts,Boston,Credit Card
ORD-2024-13737,2022-09-09,CUST-1018,Nancy Moore,PROD-FUR-120,Modern Modular Bookshelf,Furniture,Bookcases,1,210.0,105.0,0.5,-62.8,East,Massachusetts,Boston,Debit Card
ORD-2024-13738,2022-05-19,CUST-1200,Susan Perez,PROD-FUR-120,Modern Modular Bookshelf,Furniture,Bookcases,2,210.0,420.0,0.0,87.4,Central,Ohio,Columbus,Credit Card
ORD-2022-13739,2023-05-24,CUST-1237,Joseph Anderson,PROD-FUR-115,Adjustable Drafting Stool,Furniture,Chairs & Stools,4,110.0,440.0,0.0,103.0,Central,Ohio,Columbus,PayPal
ORD-2022-13740,2022-05-24,CUST-1063,Joseph Rodriguez,PROD-TEC-102,UltraSlim 14 Inch Notebook,Technology,Laptops & Monitors,5,1100.0,4675.0,0.15,542.0,Central,Texas,Austin,Credit Card
ORD-2022-13741,2023-09-10,CUST-1223,Daniel Scott,PROD-TEC-103,27-Inch 4K UHD Monitor,Technology,Laptops & Monitors,2,350.0,595.0,0.15,86.0,South,Florida,Miami,Credit Card
ORD-2022-13742,2022-05-25,CUST-1432,Lisa Walker,PROD-FUR-117,Compact Computer Desk,Furniture,Desks & Tables,2,130.0,221.0,0.15,13.2,West,Washington,Seattle,Credit Card
ORD-2022-13743,2023-12-25,CUST-1245,Linda Taylor,PROD-FUR-119,5-Shelf Ladder Bookcase,Furniture,Bookcases,2,140.0,252.0,0.1,37.0,North,Michigan,Detroit,Debit Card
ORD-2022-13744,2024-02-07,CUST-1349,Michelle Wright,PROD-FUR-120,Modern Modular Bookshelf,Furniture,Bookcases,1,210.0,210.0,0.0,42.2,East,New York,Buffalo,Debit Card
ORD-2022-13745,2023-04-16,CUST-1286,Edward Thomas,PROD-OFF-123,Gel Ink Pens Box of 24,Office Supplies,Paper & Stationary,2,15.0,30.0,0.0,11.5,Central,Texas,Houston,PayPal
ORD-2023-13746,2023-08-07,CUST-1213,Brian Martinez,PROD-FUR-117,Compact Computer Desk,Furniture,Desks & Tables,1,130.0,130.0,0.0,24.6,North,Minnesota,Minneapolis,Credit Card
ORD-2023-13747,2024-05-12,CUST-1234,Mark Anderson,PROD-HOM-133,Stainless Steel Chef Knife 8-Inch,Home & Kitchen,Cookware & Dining,3,45.0,128.25,0.05,48.0,South,Florida,Miami,PayPal
ORD-2024-13748,2024-01-16,CUST-1442,Melissa Wright,PROD-TEC-110,True Wireless Earbuds,Technology,Phones & Audio,3,89.0,213.6,0.2,34.05,North,Minnesota,Minneapolis,Debit Card
ORD-2022-13749,2022-06-15,CUST-1110,Jessica Anderson,PROD-FUR-114,High-Back Leather Gaming Chair,Furniture,Chairs & Stools,1,290.0,290.0,0.0,48.2,South,North Carolina,Charlotte,PayPal
ORD-2023-13750,2023-12-29,CUST-1016,Edward Hernandez,PROD-FUR-118,Solid Wood Conference Table,Furniture,Desks & Tables,1,850.0,850.0,0.0,123.5,Central,Illinois,Chicago,Credit Card
ORD-2024-13751,2023-01-22,CUST-1119,Robert Allen,PROD-HOM-133,Stainless Steel Chef Knife 8-Inch,Home & Kitchen,Cookware & Dining,2,45.0,81.0,0.1,26.5,Central,Illinois,Chicago,Credit Card
ORD-2022-13752,2023-06-29,CUST-1368,Jessica Gonzalez,PROD-TEC-111,Bluetooth Conference Speaker,Technology,Phones & Audio,1,120.0,120.0,0.0,34.4,West,California,Los Angeles,Debit Card
ORD-2024-13753,2024-01-06,CUST-1070,Matthew Harris,PROD-HOM-129,Digital Touchscreen Air Fryer 5.8Qt,Home & Kitchen,Appliances,2,110.0,220.0,0.0,61.0,East,Massachusetts,Boston,Credit Card
ORD-2023-13754,2022-08-11,CUST-1386,Michael Martin,PROD-FUR-115,Adjustable Drafting Stool,Furniture,Chairs & Stools,8,110.0,836.0,0.05,165.0,South,North Carolina,Charlotte,UPI / Net Banking
ORD-2023-13755,2024-02-28,CUST-1383,,PROD-TEC-112,Smart Fitness Watch,Technology,Phones & Audio,2,149.0,268.2,0.1,48.64,East,New York,New York City,PayPal
ORD-2023-13756,2024-02-14,CUST-1085,Joshua Allen,PROD-TEC-105,Wireless Ergonomic Mouse,Technology,Accessories,1,35.0,29.75,0.15,4.75,East,Pennsylvania,Philadelphia,PayPal
ORD-2024-13757,2023-11-14,CUST-1404,Sandra Ramirez,PROD-OFF-125,3-Drawer Mobile File Cabinet,Office Supplies,Storage & Organization,1,145.0,116.0,0.2,7.6,West,California,San Diego,PayPal
ORD-2022-13758,2022-12-31,CUST-1093,Lisa Martin,PROD-TEC-101,ProBook 15.6 Inch Laptop,Technology,Laptops & Monitors,2,850.0,1700.0,0.0,369.0,Central,Ohio,Columbus,UPI / Net Banking
ORD-2024-13759,2023-01-06,CUST-1027,Matthew Garcia,PROD-HOM-131,Compact HEPA Air Purifier,Home & Kitchen,Appliances,1,130.0,97.5,0.25,-0.1,Central,Ohio,Columbus,PayPal
ORD-2022-13760,2023-09-19,CUST-1244,Nancy Johnson,PROD-FUR-113,Ergonomic Executive Mesh Chair,Furniture,Chairs & Stools,2,240.0,456.0,0.05,67.0,South,Georgia,Atlanta,Debit Card
ORD-2022-13761,2023-12-02,CUST-1354,William Robinson,PROD-HOM-130,Programmable Drip Coffee Maker,Home & Kitchen,Appliances,2,75.0,150.0,0.0,47.5,East,Pennsylvania,Philadelphia,Debit Card
ORD-2024-13762,2022-01-19,CUST-1001,Joshua Davis,PROD-TEC-104,24-Inch IPS FHD Monitor,Technology,Laptops & Monitors,3,180.0,513.0,0.05,129.0,East,Massachusetts,Boston,Debit Card
ORD-2022-13763,2023-06-19,CUST-1300,Deborah Ramirez,PROD-FUR-118,Solid Wood Conference Table,Furniture,Desks & Tables,2,850.0,1615.0,0.05,165.0,South,Georgia,Atlanta,PayPal
ORD-2022-13764,2022-05-15,CUST-1121,Kevin Young,PROD-FUR-114,High-Back Leather Gaming Chair,Furniture,Chairs & Stools,1,290.0,232.0,0.2,-9.8,West,California,Los Angeles,PayPal
ORD-2023-13765,2022-12-26,CUST-1059,Steven Taylor,PROD-HOM-130,Programmable Drip Coffee Maker,Home & Kitchen,Appliances,1,75.0,67.5,0.1,14.75,East,Pennsylvania,Philadelphia,Debit Card
ORD-2024-13766,2023-06-23,CUST-1276,Donna Hill,PROD-TEC-104,24-Inch IPS FHD Monitor,Technology,Laptops & Monitors,1,180.0,180.0,0.0,50.0,East,Massachusetts,Boston,Credit Card
ORD-2022-13767,2024-03-25,CUST-1376,David Hill,PROD-FUR-118,Solid Wood Conference Table,Furniture,Desks & Tables,1,850.0,765.0,0.1,38.5,East,New York,New York City,Debit Card
ORD-2023-13768,2023-10-28,CUST-1179,Kevin Martin,PROD-HOM-134,Insulated Stainless Steel Tumbler 30oz,Home & Kitchen,Cookware & Dining,1,25.0,18.75,0.25,2.25,North,Wisconsin,Milwaukee,Credit Card
ORD-2024-13769,2022-12-13,CUST-1295,Richard Harris,PROD-TEC-107,USB-C Multi-Port Hub,Technology,Accessories,3,45.0,135.0,0.0,54.75,North,Minnesota,Minneapolis,Debit Card
ORD-2023-13770,2023-02-27,CUST-1319,Sarah Lewis,PROD-FUR-119,5-Shelf Ladder Bookcase,Furniture,Bookcases,1,140.0,140.0,0.0,31.0,East,Massachusetts,Boston,Credit Card
ORD-2022-13771,2022-10-22,CUST-1393,Carol Perez,PROD-TEC-109,Noise Canceling Headphones,Technology,Phones & Audio,3,199.0,567.15,0.05,143.25,West,California,Los Angeles,Credit Card
ORD-2023-13772,2022-02-17,CUST-1350,Mary Sanchez,PROD-FUR-117,Compact Computer Desk,Furniture,Desks & Tables,1,130.0,130.0,0.0,24.6,South,North Carolina,Charlotte,Credit Card
ORD-2024-13773,2024-06-09,CUST-1104,Susan Wright,PROD-FUR-119,5-Shelf Ladder Bookcase,Furniture,Bookcases,2,140.0,280.0,0.0,65.0,East,New York,New York City,Debit Card
ORD-2023-13774,2022-02-04,CUST-1227,Barbara Clark,PROD-HOM-136,Weighted Cooling Blanket 15lbs,Home & Kitchen,Bedding & Decor,2,95.0,180.5,0.05,52.0,Central,Ohio,Columbus,Debit Card
ORD-2024-13775,2024-05-05,CUST-1185,Steven Wilson,PROD-HOM-135,100% Organic Cotton Sheet Set Queen,Home & Kitchen,Bedding & Decor,1,85.0,80.75,0.05,24.05,Central,Texas,Austin,Credit Card
ORD-2023-13776,2023-04-14,CUST-1329,Anthony Perez,PROD-TEC-110,True Wireless Earbuds,Technology,Phones & Audio,2,89.0,178.0,0.0,57.3,East,Massachusetts,Boston,Debit Card
ORD-2024-13777,2023-09-18,CUST-1163,David Brown,PROD-FUR-114,High-Back Leather Gaming Chair,Furniture,Chairs & Stools,4,290.0,928.0,0.2,-30.2,East,Massachusetts,Boston,Debit Card
ORD-2022-13778,2023-03-18,CUST-1380,Donna Johnson,PROD-FUR-118,Solid Wood Conference Table,Furniture,Desks & Tables,2,850.0,1700.0,0.0,250.0,South,Georgia,Atlanta,PayPal
ORD-2022-13779,2023-03-26,CUST-1280,Paul Walker,PROD-TEC-101,ProBook 15.6 Inch Laptop,Technology,Laptops & Monitors,5,850.0,4250.0,0.0,927.0,East,Pennsylvania,Philadelphia,PayPal
ORD-2022-13780,2024-04-01,CUST-1261,Kevin Davis,PROD-HOM-129,Digital Touchscreen Air Fryer 5.8Qt,Home & Kitchen,Appliances,3,110.0,264.0,0.2,27.0,East,Pennsylvania,Philadelphia,Debit Card
ORD-2022-13781,2024-02-15,CUST-1026,Steven Davis,PROD-FUR-115,Adjustable Drafting Stool,Furniture,Chairs & Stools,2,110.0,220.0,0.0,50.0,West,California,San Francisco,Debit Card
ORD-2023-13782,2023-05-11,CUST-1095,Jessica Torres,PROD-TEC-105,Wireless Ergonomic Mouse,Technology,Accessories,1,35.0,35.0,0.0,10.0,Central,Texas,Houston  ,Debit Card
ORD-2024-13783,2022-12-24,CUST-1404,Sandra Ramirez,PROD-TEC-108,HD Pro Webcam 1080p,Technology,Accessories,4,65.0,260.0,0.0,91.8,West,California,San Diego,Cash on Delivery
ORD-2022-13784,2023-08-18,CUST-1277,Carol Lee,PROD-TEC-101,ProBook 15.6 Inch Laptop,Technology,Laptops & Monitors,5,850.0,4250.0,0.0,927.0,South,Georgia,Atlanta,Credit Card
ORD-2022-13785,2022-02-01,CUST-1104,Susan Wright,PROD-FUR-118,Solid Wood Conference Table,Furniture,Desks & Tables,1,850.0,850.0,0.0,123.5,West,California,Los Angeles,PayPal
ORD-2022-13786,2023-08-26,CUST-1264,Kevin Clark,PROD-OFF-121,Premium Multipurpose Copy Paper 5 Reams,Office Supplies,Paper & Stationary,3,38.0,68.4,0.4,-0.3,Central,Texas,Dallas,Debit Card
ORD-2023-13787,2024-06-05,CUST-1369,Mary Flores,PROD-HOM-129,Digital Touchscreen Air Fryer 5.8Qt,Home & Kitchen,Appliances,3,110.0,165.0,0.5,-72.0,Central,Illinois,Chicago,PayPal
ORD-2023-13788,2022-04-12,CUST-1426,Carol Young,PROD-FUR-118,Solid Wood Conference Table,Furniture,Desks & Tables,6,850.0,5100.0,0.0,756.0,Central,Texas,Houston,UPI / Net Banking
ORD-2022-13789,2024-01-18,CUST-1445,Melissa Walker,PROD-HOM-132,Non-Stick Ceramic Cookware 10-Piece,Home & Kitchen,Cookware & Dining,6,180.0,1080.0,0.0,336.6,West,California,San Diego,PayPal
ORD-2024-13790,2024-04-25,CUST-1434,Daniel Ramirez,PROD-OFF-125,3-Drawer Mobile File Cabinet,Office Supplies,Storage & Organization,1,145.0,130.5,0.1,22.1,West,California,San Francisco,Credit Card
ORD-2023-13791,2023-12-26,CUST-1251,Margaret Hill,PROD-FUR-120,Modern Modular Bookshelf,Furniture,Bookcases,2,210.0,399.0,0.05,66.4,West,California,Los Angeles,Debit Card
ORD-2024-13792,2022-06-02,CUST-1149,Patricia Hernandez,PROD-HOM-135,100% Organic Cotton Sheet Set Queen,Home & Kitchen,Bedding & Decor,1,85.0,85.0,0.0,28.3,East,Massachusetts,Boston,Credit Card
ORD-2022-13793,2022-09-14,CUST-1056,Elizabeth Taylor,PROD-HOM-133,Stainless Steel Chef Knife 8-Inch,Home & Kitchen,Cookware & Dining,2,45.0,76.5,0.15,22.0,East,Massachusetts,Boston,Credit Card
ORD-2022-13794,2022-05-20,CUST-1105,Edward Gonzalez,PROD-FUR-115,Adjustable Drafting Stool,Furniture,Chairs & Stools,3,110.0,330.0,0.0,76.5,North,Wisconsin,Milwaukee,PayPal
ORD-2022-13795,2022-11-18,CUST-1289,Elizabeth Johnson,PROD-TEC-102,UltraSlim 14 Inch Notebook,Technology,Laptops & Monitors,1,1100.0,1100.0,0.0,271.0,West,California,Los Angeles,Credit Card
ORD-2022-13796,2022-10-24,CUST-1368,Jessica Gonzalez,PROD-FUR-118,Solid Wood Conference Table,Furniture,Desks & Tables,1,850.0,850.0,0.0,123.5,South,Georgia,Atlanta,Debit Card
ORD-2024-13797,2022-09-30,CUST-1057,William Thomas,PROD-HOM-130,Programmable Drip Coffee Maker,Home & Kitchen,Appliances,1,75.0,67.5,0.1,14.75,West,Washington,Seattle,Debit Card
ORD-2022-13798,2022-04-12,CUST-1206,James Perez,PROD-FUR-120,Modern Modular Bookshelf,Furniture,Bookcases,1,210.0,199.5,0.05,31.7,North,Minnesota,Minneapolis,Credit Card
ORD-2023-13799,2023-01-17,CUST-1419,Emily Smith,PROD-HOM-131,Compact HEPA Air Purifier,Home & Kitchen,Appliances,1,130.0,130.0,0.0,32.4,East,Massachusetts,Boston,Credit Card
ORD-2022-13800,2022-01-09,CUST-1257,Steven Gonzalez,PROD-OFF-122,Executive Hardcover Notebook 3-Pack,Office Supplies,Paper & Stationary,4,24.0,72.0,0.25,17.0,East,New York,Buffalo,Debit Card
ORD-2023-13801,2022-03-05,CUST-1148,Susan Sanchez,PROD-HOM-135,100% Organic Cotton Sheet Set Queen,Home & Kitchen,Bedding & Decor,3,85.0,242.25,0.05,78.15,West,Oregon,Portland,Credit Card
ORD-2023-13802,2022-11-03,CUST-1380,Donna Johnson,PROD-FUR-118,Solid Wood Conference Table,Furniture,Desks & Tables,2,850.0,1615.0,0.05,165.0,South,Florida,Orlando,PayPal
ORD-2023-13803,2024-06-30,CUST-1311,Margaret Scott,PROD-TEC-111,Bluetooth Conference Speaker,Technology,Phones & Audio,1,120.0,120.0,0.0,34.4,North,Wisconsin,Milwaukee,Debit Card
ORD-2024-13804,2022-10-10,CUST-1018,Nancy Moore,PROD-TEC-104,24-Inch IPS FHD Monitor,Technology,Laptops & Monitors,4,180.0,720.0,0.0,209.0,West,Washington,Seattle,Debit Card
ORD-2022-13805,2022-09-09,CUST-1084,Joshua Martin,PROD-TEC-106,Mechanical RGB Keyboard,Technology,Accessories,4,75.0,300.0,0.0,98.0,East,Pennsylvania,Philadelphia,Debit Card
ORD-2022-13806,2022-09-05,CUST-1421,Jennifer Thomas,PROD-TEC-102,UltraSlim 14 Inch Notebook,Technology,Laptops & Monitors,4,1100.0,3300.0,0.25,-7.0,North,Michigan,Detroit,Cash on Delivery
ORD-2023-13807,2022-09-15,CUST-1257,Steven Gonzalez,PROD-HOM-135,100% Organic Cotton Sheet Set Queen,Home & Kitchen,Bedding & Decor,1,85.0,85.0,0.0,28.3,East,Pennsylvania,Philadelphia,Credit Card
ORD-2024-13808,2023-02-07,CUST-1054,Susan Young,PROD-OFF-122,Executive Hardcover Notebook 3-Pack,Office Supplies,Paper & Stationary,4,24.0,76.8,0.2,21.8,East,New York,New York City,Debit Card
ORD-2024-13809,2022-08-05,CUST-1163,David Brown,PROD-TEC-105,Wireless Ergonomic Mouse,Technology,Accessories,5,35.0,166.25,0.05,53.25,East,Massachusetts,Boston,Debit Card
ORD-2022-13810,2023-11-04,CUST-1124,Andrew Walker,PROD-OFF-122,Executive Hardcover Notebook 3-Pack,Office Supplies,Paper & Stationary,2,24.0,45.6,0.05,16.6,West,California,San Diego,Credit Card
ORD-2024-13811,2022-07-28,CUST-1414,Barbara Young,PROD-HOM-135,100% Organic Cotton Sheet Set Queen,Home & Kitchen,Bedding & Decor,10,85.0,807.5,0.05,267.5,West,Oregon,Portland,Cash on Delivery
ORD-2024-13812,2023-07-01,CUST-1073,Emily Smith,PROD-OFF-121,Premium Multipurpose Copy Paper 5 Reams,Office Supplies,Paper & Stationary,1,38.0,38.0,0.0,13.1,South,North Carolina,Charlotte,Credit Card
ORD-2024-13813,2023-03-19,CUST-1067,Joshua Hernandez,PROD-FUR-117,Compact Computer Desk,Furniture,Desks & Tables,4,130.0,520.0,0.0,107.4,East,Massachusetts,Boston,Debit Card
ORD-2022-13814,2023-02-07,CUST-1411,Kevin Harris,PROD-HOM-135,100% Organic Cotton Sheet Set Queen,Home & Kitchen,Bedding & Decor,1,85.0,72.25,0.15,15.55,Central,Texas,Austin,UPI / Net Banking
ORD-2023-13815,2022-07-15,CUST-1223,Daniel Scott,PROD-HOM-131,Compact HEPA Air Purifier,Home & Kitchen,Appliances,4,130.0,520.0,0.0,138.6,South,Florida,Miami,Debit Card
ORD-2023-13816,2024-04-12,CUST-1040,Kevin Moore,PROD-TEC-104,24-Inch IPS FHD Monitor,Technology,Laptops & Monitors,3,180.0,459.0,0.15,75.0,Central,Ohio,Columbus,Debit Card
ORD-2024-13817,2023-11-08,CUST-1233,Matthew Williams,PROD-TEC-111,Bluetooth Conference Speaker,Technology,Phones & Audio,3,120.0,360.0,0.0,109.2,East,New York,New York City,Debit Card
ORD-2022-13818,2023-10-12,CUST-1141,Robert Lewis,PROD-OFF-123,Gel Ink Pens Box of 24,Office Supplies,Paper & Stationary,1,15.0,15.0,0.0,4.25,East,Massachusetts,Boston,Debit Card
ORD-2022-13819,2022-02-06,CUST-1049,Joseph Williams,PROD-OFF-126,Desktop Document Organizer,Office Supplies,Storage & Organization,2,28.0,47.6,0.15,11.8,West,California,San Diego,Debit Card
ORD-2023-13820,2022-02-07,CUST-1268,Richard Clark,PROD-TEC-110,True Wireless Earbuds,Technology,Phones & Audio,2,89.0,160.2,0.1,39.5,West,California,San Diego,Cash on Delivery
ORD-2023-13821,2022-01-15,CUST-1121,Kevin Young,PROD-TEC-104,24-Inch IPS FHD Monitor,Technology,Laptops & Monitors,6,180.0,918.0,0.15,153.0,North,Wisconsin,Milwaukee,Debit Card
ORD-2022-13822,2023-11-20,CUST-1141,Robert Lewis,PROD-TEC-111,Bluetooth Conference Speaker,Technology,Phones & Audio,2,120.0,216.0,0.1,47.8,Central,Illinois,Chicago,UPI / Net Banking
ORD-2023-13823,2022-10-14,CUST-1189,Lisa Jackson,PROD-TEC-101,ProBook 15.6 Inch Laptop,Technology,Laptops & Monitors,3,850.0,1275.0,0.5,-720.0,West,Oregon,Portland,UPI / Net Banking
ORD-2024-13824,2024-06-22,CUST-1290,John Thomas,PROD-HOM-130,Programmable Drip Coffee Maker,Home & Kitchen,Appliances,3,75.0,202.5,0.1,50.25,West,California,Los Angeles,PayPal
ORD-2024-13825,2022-01-13,CUST-1240,Sarah Jones,PROD-HOM-131,Compact HEPA Air Purifier,Home & Kitchen,Appliances,5,130.0,650.0,0.0,174.0,Central,Illinois,Chicago,Credit Card
ORD-2022-13826,2024-02-14,CUST-1446,Sarah Nguyen,PROD-HOM-132,Non-Stick Ceramic Cookware 10-Piece,Home & Kitchen,Cookware & Dining,8,180.0,1368.0,0.05,377.8,East,Massachusetts,Boston,Credit Card
ORD-2022-13827,2023-03-25,CUST-1066,Linda Martinez,PROD-HOM-129,Digital Touchscreen Air Fryer 5.8Qt,Home & Kitchen,Appliances,3,110.0,330.0,0.0,93.0,Central,Texas,Austin,UPI / Net Banking
ORD-2023-13828,2022-04-10,CUST-1093,Lisa Martin,PROD-OFF-125,3-Drawer Mobile File Cabinet,Office Supplies,Storage & Organization,4,145.0,580.0,0.0,155.4,North,Minnesota,Minneapolis,PayPal
ORD-2024-13829,2024-02-02,CUST-1446,Sarah Nguyen,PROD-TEC-109,Noise Canceling Headphones,Technology,Phones & Audio,1,199.0,199.0,0.0,55.7,East,Pennsylvania,Philadelphia,UPI / Net Banking
ORD-2024-13830,2022-04-11,CUST-1107,Betty White,PROD-FUR-117,Compact Computer Desk,Furniture,Desks & Tables,1,130.0,130.0,0.0,24.6,South,Florida,Orlando,Debit Card
ORD-2024-13831,2023-09-20,CUST-1330,Steven Robinson,PROD-OFF-122,Executive Hardcover Notebook 3-Pack,Office Supplies,Paper & Stationary,4,24.0,86.4,0.1,31.4,East,New York,Buffalo,UPI / Net Banking
ORD-2024-13832,2022-03-13,CUST-1426,Carol Young,PROD-TEC-109,Noise Canceling Headphones,Technology,Phones & Audio,1,199.0,189.05,0.05,45.75,Central,Ohio,Columbus,Credit Card
ORD-2022-13833,2022-06-01,CUST-1227,Barbara Clark,PROD-OFF-123,Gel Ink Pens Box of 24,Office Supplies,Paper & Stationary,8,15.0,114.0,0.05,49.0,East,New York,Buffalo,UPI / Net Banking
ORD-2023-13834,2024-04-01,CUST-1093,Lisa Martin,PROD-TEC-106,Mechanical RGB Keyboard,Technology,Accessories,2,75.0,135.0,0.1,32.5,West,California,Los Angeles,UPI / Net Banking
ORD-2023-13835,2024-05-26,CUST-1335,Edward Torres,PROD-OFF-121,Premium Multipurpose Copy Paper 5 Reams,Office Supplies,Paper & Stationary,1,38.0,38.0,0.0,13.1,West,Oregon,Portland  ,Credit Card
ORD-2022-13836,2023-02-06,CUST-1137,Steven Lewis,PROD-FUR-119,5-Shelf Ladder Bookcase,Furniture,Bookcases,3,140.0,420.0,0.0,99.0,West,California,San Diego,Credit Card
ORD-2022-13837,2022-09-16,CUST-1076,Edward Moore,PROD-TEC-111,Bluetooth Conference Speaker,Technology,Phones & Audio,3,120.0,306.0,0.15,55.2,West,California,Los Angeles,Debit Card
ORD-2023-13838,2024-01-06,CUST-1257,Steven Gonzalez,PROD-FUR-116,Electric Dual-Motor Standing Desk,Furniture,Desks & Tables,1,450.0,405.0,0.1,32.0,East,Pennsylvania,Philadelphia,Debit Card
ORD-2023-13839,2023-07-13,CUST-1164,Paul Garcia,PROD-HOM-131,Compact HEPA Air Purifier,Home & Kitchen,Appliances,3,130.0,292.5,0.25,5.7,West,California,Los Angeles,PayPal
ORD-2022-13840,2022-02-14,CUST-1302,Brian King,PROD-TEC-103,27-Inch 4K UHD Monitor,Technology,Laptops & Monitors,2,350.0,525.0,0.25,16.0,West,California,Los Angeles,Credit Card
ORD-2023-13841,2023-10-23,CUST-1244,Nancy Johnson,PROD-HOM-129,Digital Touchscreen Air Fryer 5.8Qt,Home & Kitchen,Appliances,5,110.0,550.0,0.0,157.0,East,Pennsylvania,Philadelphia,Credit Card
ORD-2023-13842,2023-04-19,CUST-1335,Edward Torres,PROD-TEC-102,UltraSlim 14 Inch Notebook,Technology,Laptops & Monitors,4,1100.0,4400.0,0.0,1093.0,South,Florida,Orlando,Debit Card
ORD-2023-13843,2022-12-29,CUST-1333,Matthew Nguyen,PROD-OFF-127,Professional Acrylic Paint Set,Office Supplies,Art & Craft,1,42.0,39.9,0.05,11.54,East,Pennsylvania,Philadelphia,Debit Card
ORD-2023-13844,2022-05-04,CUST-1239,Betty Perez,PROD-OFF-121,Premium Multipurpose Copy Paper 5 Reams,Office Supplies,Paper & Stationary,3,38.0,108.3,0.05,39.6,East,Massachusetts,Boston,PayPal
ORD-2022-13845,2024-03-17,CUST-1374,Sandra Taylor,PROD-HOM-132,Non-Stick Ceramic Cookware 10-Piece,Home & Kitchen,Cookware & Dining,4,180.0,648.0,0.1,151.4,South,North Carolina,Charlotte,Credit Card
ORD-2023-13846,2022-12-02,CUST-1405,George Nguyen,PROD-OFF-127,Professional Acrylic Paint Set,Office Supplies,Art & Craft,5,42.0,210.0,0.0,80.2,East,New York,New York City,UPI / Net Banking
ORD-2022-13847,2023-04-04,CUST-1381,Karen Torres,PROD-OFF-121,Premium Multipurpose Copy Paper 5 Reams,Office Supplies,Paper & Stationary,6,38.0,205.2,0.1,70.8,East,New York,Buffalo,Credit Card
ORD-2022-13848,2022-01-09,CUST-1289,Elizabeth Johnson,PROD-TEC-111,Bluetooth Conference Speaker,Technology,Phones & Audio,2,120.0,192.0,0.2,23.8,East,New York,Buffalo,PayPal
ORD-2024-13849,2023-10-12,CUST-1189,Lisa Jackson,PROD-FUR-113,Ergonomic Executive Mesh Chair,Furniture,Chairs & Stools,1,240.0,204.0,0.15,8.0,North,Minnesota,Minneapolis,Debit Card
ORD-2022-13850,2023-03-16,CUST-1158,Melissa Wright,PROD-FUR-114,High-Back Leather Gaming Chair,Furniture,Chairs & Stools,2,290.0,493.0,0.15,12.4,West,California,Los Angeles,PayPal
ORD-2022-13851,2022-07-03,CUST-1303,Sandra Brown,PROD-HOM-136,Weighted Cooling Blanket 15lbs,Home & Kitchen,Bedding & Decor,3,95.0,285.0,0.0,93.75,South,Florida,Orlando,Credit Card
ORD-2024-13852,2022-07-14,CUST-1311,Margaret Scott,PROD-TEC-110,True Wireless Earbuds,Technology,Phones & Audio,6,89.0,534.0,0.0,177.9,South,Florida,Orlando,Credit Card
ORD-2023-13853,2023-08-05,CUST-1202,Paul Young,PROD-TEC-109,Noise Canceling Headphones,Technology,Phones & Audio,1,199.0,199.0,0.0,55.7,South,Georgia,Atlanta,Debit Card
ORD-2022-13854,2023-09-10,CUST-1028,Emily Jackson,PROD-HOM-135,100% Organic Cotton Sheet Set Queen,Home & Kitchen,Bedding & Decor,5,85.0,425.0,0.0,153.5,Central,Texas,Dallas,PayPal
ORD-2023-13855,2023-12-05,CUST-1320,Robert Jackson,PROD-TEC-102,UltraSlim 14 Inch Notebook,Technology,Laptops & Monitors,1,1100.0,1045.0,0.05,216.0,West,California,Los Angeles,Credit Card
ORD-2023-13856,2023/01/22,CUST-1312,Donald Hernandez,PROD-FUR-120,Modern Modular Bookshelf,Furniture,Bookcases,1,210.0,189.0,0.1,21.2,East,New York,Buffalo,PayPal
ORD-2022-13857,2023-06-15,CUST-1210,Emily Ramirez,PROD-HOM-133,Stainless Steel Chef Knife 8-Inch,Home & Kitchen,Cookware & Dining,6,45.0,256.5,0.05,99.0,Central,Texas,Houston,Credit Card
ORD-2024-13858,2022-07-05,CUST-1172,Jennifer Clark,PROD-OFF-128,Precision Cutting Mat & Knife Set,Office Supplies,Art & Craft,4,22.0,88.0,0.0,35.24,Central,Texas,Houston,Cash on Delivery
ORD-2022-13859,2024-04-06,CUST-1399,Margaret Lopez,PROD-TEC-110,True Wireless Earbuds,Technology,Phones & Audio,2,89.0,160.2,0.1,39.5,West,California,San Diego,Credit Card
ORD-2023-13860,2023-07-08,CUST-1420,Kimberly Gonzalez,PROD-TEC-111,Bluetooth Conference Speaker,Technology,Phones & Audio,4,120.0,480.0,0.0,146.6,Central,Texas,Dallas,Credit Card
ORD-2024-13861,2022-09-04,CUST-1130,Anthony Robinson,PROD-FUR-117,Compact Computer Desk,Furniture,Desks & Tables,4,130.0,520.0,0.0,107.4,West,Washington,Seattle,Debit Card
ORD-2024-13862,2024-02-01,CUST-1198,Elizabeth Moore,PROD-TEC-106,Mechanical RGB Keyboard,Technology,Accessories,2,75.0,150.0,0.0,47.5,West,Oregon,Portland,Credit Card
ORD-2023-13863,2024-02-15,CUST-1379,Karen Miller,PROD-HOM-134,Insulated Stainless Steel Tumbler 30oz,Home & Kitchen,Cookware & Dining,2,25.0,50.0,0.0,20.0,Central,Ohio,Columbus,Credit Card
ORD-2024-13864,2022-09-18,CUST-1010,Paul Hill,PROD-FUR-116,Electric Dual-Motor Standing Desk,Furniture,Desks & Tables,8,450.0,3420.0,0.05,457.0,East,Pennsylvania,Philadelphia,Debit Card
ORD-2022-13865,2023-11-15,CUST-1154,Kevin Young,PROD-FUR-118,Solid Wood Conference Table,Furniture,Desks & Tables,4,850.0,3400.0,0.0,503.0,Central,Illinois,Chicago,Debit Card
ORD-2024-13866,2022-09-11,CUST-1279,Donald Wilson,PROD-TEC-102,UltraSlim 14 Inch Notebook,Technology,Laptops & Monitors,1,1100.0,935.0,0.15,106.0,West,California,Los Angeles,Credit Card
ORD-2022-13867,2023-10-23,CUST-1427,Donald Johnson,PROD-FUR-114,High-Back Leather Gaming Chair,Furniture,Chairs & Stools,4,290.0,1044.0,0.1,85.8,South,North Carolina,Charlotte,Debit Card
ORD-2022-13868,2022-04-04,CUST-1398,Dorothy Martinez,PROD-TEC-111,Bluetooth Conference Speaker,Technology,Phones & Audio,3,120.0,306.0,0.15,55.2,East,New York,Buffalo,PayPal
ORD-2022-13869,2022-02-01,CUST-1004,William Miller,PROD-TEC-110,True Wireless Earbuds,Technology,Phones & Audio,3,89.0,267.0,0.0,87.45,West,California,San Francisco,Credit Card
ORD-2023-13870,2023-10-15,CUST-1390,Steven Ramirez,PROD-FUR-114,High-Back Leather Gaming Chair,Furniture,Chairs & Stools,3,290.0,826.5,0.05,107.1,North,Wisconsin,Milwaukee,Credit Card
ORD-2022-13871,2022-07-07,CUST-1126,Anthony Gonzalez,PROD-TEC-108,HD Pro Webcam 1080p,Technology,Accessories,3,65.0,195.0,0.0,68.1,Central,Ohio,Columbus,PayPal
ORD-2023-13872,2023-09-11,CUST-1010,Paul Hill,PROD-FUR-116,Electric Dual-Motor Standing Desk,Furniture,Desks & Tables,3,450.0,1147.5,0.15,34.5,South,Florida,Miami,Credit Card
ORD-2024-13873,2022-01-15,CUST-1004,William Miller,PROD-TEC-101,ProBook 15.6 Inch Laptop,Technology,Laptops & Monitors,1,850.0,765.0,0.1,98.0,West,California,Los Angeles,Credit Card
ORD-2023-13874,2024-05-13,CUST-1109,Donald Davis,PROD-TEC-112,Smart Fitness Watch,Technology,Phones & Audio,2,149.0,283.1,0.05,63.54,West,California,San Diego,PayPal
ORD-2023-13875,2022-04-27,CUST-1191,Steven Martin,PROD-TEC-105,Wireless Ergonomic Mouse,Technology,Accessories,2,35.0,70.0,0.0,23.0,East,Pennsylvania,Philadelphia,UPI / Net Banking
ORD-2024-13876,2022-03-01,CUST-1367, Edward Johnson ,PROD-HOM-136,Weighted Cooling Blanket 15lbs,Home & Kitchen,Bedding & Decor,6,95.0,513.0,0.1,133.5,West,Washington,Seattle,UPI / Net Banking
ORD-2023-13877,2022-02-24,CUST-1024,Kenneth Taylor,PROD-FUR-116,Electric Dual-Motor Standing Desk,Furniture,Desks & Tables,3,450.0,1147.5,0.15,34.5,South,Florida,Miami,Credit Card
ORD-2024-13878,2022-04-27,CUST-1092,Mary Davis,PROD-FUR-114,High-Back Leather Gaming Chair,Furniture,Chairs & Stools,2,290.0,580.0,0.0,99.4,West,California,San Francisco,PayPal
ORD-2024-13879,2022-08-08,CUST-1092,Mary Davis,PROD-FUR-117,Compact Computer Desk,Furniture,Desks & Tables,5,130.0,585.0,0.1,70.0,West,California,Los Angeles,Credit Card
ORD-2023-13880,2022-06-14,CUST-1185,Steven Wilson,PROD-TEC-110,True Wireless Earbuds,Technology,Phones & Audio,1,89.0,89.0,0.0,27.15,West,California,Los Angeles,Debit Card
ORD-2024-13881,2022-10-25,CUST-1085,Joshua Allen,PROD-HOM-134,Insulated Stainless Steel Tumbler 30oz,Home & Kitchen,Cookware & Dining,1,25.0,15.0,0.4,-1.5,West,California,San Francisco,UPI / Net Banking
ORD-2023-13882,2023-04-02,CUST-1259,Robert Perez,PROD-TEC-108,HD Pro Webcam 1080p,Technology,Accessories,2,65.0,130.0,0.0,44.4,South,Florida,Miami,PayPal
ORD-2024-13883,2022-05-19,CUST-1307,Kevin King,PROD-TEC-101,ProBook 15.6 Inch Laptop,Technology,Laptops & Monitors,2,850.0,1615.0,0.05,284.0,East,New York,Buffalo,PayPal
ORD-2023-13884,2023-03-30,CUST-1120,Jessica Moore,PROD-TEC-102,UltraSlim 14 Inch Notebook,Technology,Laptops & Monitors,5,1100.0,5500.0,0.0,1367.0,West,California,San Francisco,UPI / Net Banking
ORD-2023-13885,2022-08-02,CUST-1329,Anthony Perez,PROD-TEC-102,UltraSlim 14 Inch Notebook,Technology,Laptops & Monitors,1,1100.0,990.0,0.1,161.0,Central,Texas,Austin,Debit Card
ORD-2022-13886,2022/03/04,CUST-1341,Kenneth Anderson,PROD-OFF-122,Executive Hardcover Notebook 3-Pack,Office Supplies,Paper & Stationary,2,24.0,48.0,0.0,19.0,East,New York,New York City,PayPal
ORD-2024-13887,2022-10-26,CUST-1212,Linda Jones,PROD-HOM-132,Non-Stick Ceramic Cookware 10-Piece,Home & Kitchen,Cookware & Dining,3,180.0,486.0,0.1,112.8,Central,Texas,Dallas,Credit Card
ORD-2022-13888,2024-01-22,CUST-1004,William Miller,PROD-HOM-136,Weighted Cooling Blanket 15lbs,Home & Kitchen,Bedding & Decor,1,95.0,80.75,0.15,15.0,West,California,San Francisco,Credit Card
ORD-2023-13889,2023-06-07,CUST-1119,Robert Allen,PROD-OFF-121,Premium Multipurpose Copy Paper 5 Reams,Office Supplies,Paper & Stationary,1,38.0,38.0,0.0,13.1,West,California,San Diego  ,PayPal
ORD-2024-13890,2023-09-02,CUST-1227,Barbara Clark,PROD-FUR-116,Electric Dual-Motor Standing Desk,Furniture,Desks & Tables,5,450.0,1800.0,0.2,-53.0,North,Wisconsin,Milwaukee,UPI / Net Banking
ORD-2022-13891,2022-05-14,CUST-1006,Jennifer Nguyen,PROD-OFF-124,Heavy-Duty Plastic Storage Bins 4-Pack,Office Supplies,Storage & Organization,2,55.0,110.0,0.0,39.0,South,Florida,Miami,Credit Card
ORD-2022-13892,2024-05-20,CUST-1197,Melissa Scott,PROD-HOM-135,100% Organic Cotton Sheet Set Queen,Home & Kitchen,Bedding & Decor,1,85.0,85.0,0.0,28.3,West,California,Los Angeles,Credit Card
ORD-2023-13893,2022-11-19,CUST-1033,Deborah Jackson,PROD-TEC-105,Wireless Ergonomic Mouse,Technology,Accessories,1,35.0,33.25,0.05,8.25,South,North Carolina,Charlotte,Debit Card
ORD-2022-13894,2023-04-17,CUST-1026,Steven Davis,PROD-OFF-126,Desktop Document Organizer,Office Supplies,Storage & Organization,4,28.0,112.0,0.0,43.4,East,Pennsylvania,Philadelphia,Debit Card
ORD-2024-13895,2023-02-20,CUST-1100,William Walker,PROD-TEC-106,Mechanical RGB Keyboard,Technology,Accessories,2,75.0,135.0,0.1,32.5,South,Florida,Orlando,PayPal
ORD-2024-13896,2022-01-26,CUST-1158,Melissa Wright,PROD-FUR-120,Modern Modular Bookshelf,Furniture,Bookcases,6,210.0,1260.0,0.0,268.2,East,New York,New York City,Debit Card
ORD-2022-13897,2022-04-13,CUST-1386,Michael Martin,PROD-FUR-118,Solid Wood Conference Table,Furniture,Desks & Tables,1,850.0,850.0,0.0,123.5,East,Pennsylvania,Philadelphia,Credit Card
ORD-2022-13898,2023-08-22,CUST-1441,Christopher Davis,PROD-OFF-122,Executive Hardcover Notebook 3-Pack,Office Supplies,Paper & Stationary,1,24.0,24.0,0.0,8.0,Central,Texas,Houston,Debit Card
ORD-2022-13899,2023-04-06,CUST-1217,Margaret Rodriguez,PROD-FUR-120,Modern Modular Bookshelf,Furniture,Bookcases,3,210.0,567.0,0.1,69.6,East,Pennsylvania,Philadelphia,Credit Card
ORD-2022-13900,2024-06-24,CUST-1079,Margaret Hernandez,PROD-FUR-114,High-Back Leather Gaming Chair,Furniture,Chairs & Stools,1,290.0,246.5,0.15,4.7,South,Florida,Miami,Credit Card
ORD-2022-13901,2023-03-27,CUST-1236,Daniel Martin,PROD-TEC-109,Noise Canceling Headphones,Technology,Phones & Audio,1,199.0,139.3,0.3,-4.0,Central,Texas,Austin,PayPal
ORD-2024-13902,2023-12-08,CUST-1094,Jessica Brown,PROD-HOM-135,100% Organic Cotton Sheet Set Queen,Home & Kitchen,Bedding & Decor,1,85.0,85.0,0.0,28.3,South,Georgia,Atlanta,PayPal
ORD-2022-13903,2023-04-15,CUST-1088,Edward Hernandez,PROD-FUR-113,Ergonomic Executive Mesh Chair,Furniture,Chairs & Stools,3,240.0,684.0,0.05,102.0,Central,Texas,Houston,PayPal
ORD-2024-13904,2022-09-19,CUST-1016,Edward Hernandez,PROD-FUR-116,Electric Dual-Motor Standing Desk,Furniture,Desks & Tables,1,450.0,450.0,0.0,77.0,South,North Carolina,Charlotte,Credit Card
ORD-2023-13905,2023-07-01,CUST-1147,Ashley Walker,PROD-FUR-118,Solid Wood Conference Table,Furniture,Desks & Tables,2,850.0,1530.0,0.1,80.0,North,Michigan,Detroit,Debit Card
ORD-2024-13906,2022-12-22,CUST-1068,Amanda Ramirez,PROD-FUR-116,Electric Dual-Motor Standing Desk,Furniture,Desks & Tables,2,450.0,765.0,0.15,22.0,South,Florida,Miami,PayPal
ORD-2022-13907,2023-04-30,CUST-1128,Kevin Ramirez,PROD-OFF-122,Executive Hardcover Notebook 3-Pack,Office Supplies,Paper & Stationary,2,24.0,48.0,0.0,19.0,Central,Texas,Houston,UPI / Net Banking
ORD-2022-13908,2024-05-22,CUST-1054,Susan Young,PROD-OFF-127,Professional Acrylic Paint Set,Office Supplies,Art & Craft,5,42.0,210.0,0.0,80.2,West,Washington,Seattle,Debit Card
ORD-2022-13909,2023-01-19,CUST-1204,Jennifer Ramirez,PROD-FUR-113,Ergonomic Executive Mesh Chair,Furniture,Chairs & Stools,8,240.0,1728.0,0.1,181.0,West,California,San Diego,Credit Card
ORD-2022-13910,2024-03-29,CUST-1445,Melissa Walker,PROD-HOM-134,Insulated Stainless Steel Tumbler 30oz,Home & Kitchen,Cookware & Dining,2,25.0,50.0,0.0,20.0,South,North Carolina,Charlotte,PayPal
ORD-2023-13911,2023-01-07,CUST-1410,Andrew Flores,PROD-TEC-108,HD Pro Webcam 1080p,Technology,Accessories,2,65.0,123.5,0.05,37.9,South,Georgia,Atlanta,Credit Card
ORD-2023-13912,2022-09-29,CUST-1295,Richard Harris,PROD-FUR-117,Compact Computer Desk,Furniture,Desks & Tables,1,130.0,97.5,0.25,-7.9,South,Georgia,Atlanta,PayPal
ORD-2024-13913,2023-07-22,CUST-1273,Emily Smith,PROD-FUR-120,Modern Modular Bookshelf,Furniture,Bookcases,1,210.0,210.0,0.0,42.2,East,New York,Buffalo,Credit Card
ORD-2022-13914,2022-06-15,CUST-1320,Robert Jackson,PROD-TEC-108,HD Pro Webcam 1080p,Technology,Accessories,3,65.0,195.0,0.0,68.1,Central,Illinois,Chicago,Credit Card
ORD-2023-13915,2023-11-08,CUST-1199,Charles Hill,PROD-FUR-119,5-Shelf Ladder Bookcase,Furniture,Bookcases,2,140.0,168.0,0.4,-47.0,East,New York,Buffalo,Credit Card
ORD-2022-13916,2022-11-27,CUST-1110,Jessica Anderson,PROD-HOM-134,Insulated Stainless Steel Tumbler 30oz,Home & Kitchen,Cookware & Dining,1,25.0,25.0,0.0,8.5,West,Washington,Seattle,Credit Card
ORD-2022-13917,2023-04-21,CUST-1162,Paul King,PROD-TEC-108,HD Pro Webcam 1080p,Technology,Accessories,3,65.0,165.75,0.15,38.85,Central,Texas,Austin,Credit Card
ORD-2023-13918,2024-06-23,CUST-1292,Deborah Jones,PROD-TEC-112,Smart Fitness Watch,Technology,Phones & Audio,3,149.0,447.0,0.0,119.16,Central,Texas,Houston,PayPal
ORD-2024-13919,2022-07-21,CUST-1040,Kevin Moore,PROD-TEC-102,UltraSlim 14 Inch Notebook,Technology,Laptops & Monitors,1,1100.0,935.0,0.15,106.0,North,Wisconsin,Milwaukee,PayPal
ORD-2024-13920,2023-05-05,CUST-1274,Karen Jackson,PROD-OFF-125,3-Drawer Mobile File Cabinet,Office Supplies,Storage & Organization,1,145.0,137.75,0.05,29.35,North,Michigan,Detroit,Credit Card
ORD-2024-13921,2023-03-02,CUST-1007,Margaret Williams,PROD-OFF-128,Precision Cutting Mat & Knife Set,Office Supplies,Art & Craft,4,22.0,88.0,0.0,35.24,East,Massachusetts,Boston,PayPal
ORD-2024-13922,2023-10-04,CUST-1212,Linda Jones,PROD-FUR-116,Electric Dual-Motor Standing Desk,Furniture,Desks & Tables,3,450.0,1147.5,0.15,34.5,North,Wisconsin,Milwaukee,Credit Card
ORD-2022-13923,2023-06-16,CUST-1252,Paul Davis,PROD-TEC-103,27-Inch 4K UHD Monitor,Technology,Laptops & Monitors,1,350.0,280.0,0.2,24.0,East,Massachusetts,Boston,PayPal
ORD-2024-13924,2022-01-10,CUST-1053,Dorothy Lee,PROD-TEC-107,USB-C Multi-Port Hub,Technology,Accessories,2,45.0,90.0,0.0,35.5,West,California,San Francisco,Debit Card
ORD-2023-13925,2024-02-19,CUST-1027,Matthew Garcia,PROD-TEC-112,Smart Fitness Watch,Technology,Phones & Audio,4,149.0,536.4,0.1,100.28,Central,Texas,Dallas,Debit Card
ORD-2024-13926,2022-08-21,CUST-1328,Robert Clark,PROD-TEC-109,Noise Canceling Headphones,Technology,Phones & Audio,1,199.0,199.0,0.0,55.7,West,California,Los Angeles,Credit Card
ORD-2024-13927,2023-07-16,CUST-1152,Sandra Jackson,PROD-TEC-110,True Wireless Earbuds,Technology,Phones & Audio,1,89.0,84.55,0.05,22.7,West,California,San Diego,Credit Card
ORD-2024-13928,2024-02-10,CUST-1232,Brian Miller,PROD-HOM-133,Stainless Steel Chef Knife 8-Inch,Home & Kitchen,Cookware & Dining,2,45.0,85.5,0.05,31.0,East,Pennsylvania,Philadelphia,UPI / Net Banking
ORD-2023-13929,2022-05-20,CUST-1132,Amanda Miller,PROD-OFF-126,Desktop Document Organizer,Office Supplies,Storage & Organization,1,28.0,22.4,0.2,3.0,East,New York,New York City,UPI / Net Banking
ORD-2023-13930,2022-03-11,CUST-1368,Jessica Gonzalez,PROD-OFF-123,Gel Ink Pens Box of 24,Office Supplies,Paper & Stationary,1,15.0,12.75,0.15,2.0,West,Oregon,Portland,PayPal
ORD-2024-13931,2022-10-07,CUST-1234,Mark Anderson,PROD-OFF-121,Premium Multipurpose Copy Paper 5 Reams,Office Supplies,Paper & Stationary,2,38.0,76.0,0.0,29.2,South,North Carolina,Charlotte,Credit Card
ORD-2024-13932,2022-06-24,CUST-1304,Emily Thomas,PROD-FUR-115,Adjustable Drafting Stool,Furniture,Chairs & Stools,5,110.0,550.0,0.0,129.5,West,California,Los Angeles,PayPal
ORD-2024-13933,2024-05-18,CUST-1426,Carol Young,PROD-FUR-114,High-Back Leather Gaming Chair,Furniture,Chairs & Stools,2,290.0,580.0,0.0,99.4,South,North Carolina,Charlotte,PayPal
ORD-2024-13934,2022-08-12,CUST-1310,Michelle Allen,PROD-FUR-118,Solid Wood Conference Table,Furniture,Desks & Tables,5,850.0,4250.0,0.0,629.5,West,Oregon,Portland  ,Credit Card
ORD-2022-13935,2022-12-16,CUST-1414,Barbara Young,PROD-OFF-128,Precision Cutting Mat & Knife Set,Office Supplies,Art & Craft,1,22.0,18.7,0.15,3.26,West,California,Los Angeles,Debit Card
ORD-2023-13936,2023-03-12,CUST-1367,Edward Johnson,PROD-TEC-101,ProBook 15.6 Inch Laptop,Technology,Laptops & Monitors,2,850.0,1530.0,0.1,199.0,North,Wisconsin,Milwaukee,PayPal
ORD-2023-13937,2022-12-01,CUST-1433,Emily King,PROD-TEC-106,Mechanical RGB Keyboard,Technology,Accessories,2,75.0,127.5,0.15,25.0,Central,Texas,Houston,Credit Card
ORD-2023-13938,2022-11-15,CUST-1430,Brian Thomas,PROD-FUR-119,5-Shelf Ladder Bookcase,Furniture,Bookcases,1,140.0,140.0,0.0,31.0,West,California,Los Angeles,PayPal
ORD-2022-13939,2023-05-29,CUST-1179,Kevin Martin,PROD-FUR-115,Adjustable Drafting Stool,Furniture,Chairs & Stools,1,110.0,110.0,0.0,23.5,North,Minnesota,Minneapolis,UPI / Net Banking
ORD-2023-13940,2024-02-22,CUST-1374,Sandra Taylor,PROD-OFF-122,Executive Hardcover Notebook 3-Pack,Office Supplies,Paper & Stationary,3,24.0,72.0,0.0,30.0,East,New York,New York City,Credit Card
ORD-2023-13941,2023-04-15,CUST-1115,James Jones,PROD-HOM-132,Non-Stick Ceramic Cookware 10-Piece,Home & Kitchen,Cookware & Dining,1,180.0,180.0,0.0,53.6,Central,Texas,Austin,Credit Card
ORD-2023-13942,2022-03-19,CUST-1088,Edward Hernandez,PROD-TEC-111,Bluetooth Conference Speaker,Technology,Phones & Audio,1,120.0,120.0,0.0,34.4,Central,Texas,Austin,Debit Card
ORD-2024-13943,2022-02-22,CUST-1043,Steven Thomas,PROD-HOM-132,Non-Stick Ceramic Cookware 10-Piece,Home & Kitchen,Cookware & Dining,2,180.0,360.0,0.0,110.2,West,California,San Diego,Credit Card
ORD-2022-13944,2023-09-29,CUST-1141,Robert Lewis,PROD-OFF-128,Precision Cutting Mat & Knife Set,Office Supplies,Art & Craft,1,22.0,17.6,0.2,2.16,North,Minnesota,Minneapolis,Debit Card
ORD-2024-13945,2023-08-01,CUST-1316,Joshua Moore,PROD-TEC-104,24-Inch IPS FHD Monitor,Technology,Laptops & Monitors,5,180.0,810.0,0.1,172.0,East,New York,Buffalo,Cash on Delivery
ORD-2022-13946,2023-07-28,CUST-1135,Michael Thomas,PROD-TEC-106,Mechanical RGB Keyboard,Technology,Accessories,1,75.0,67.5,0.1,14.75,West,California,San Diego,Credit Card
ORD-2023-13947,2023-04-27,CUST-1164,Paul Garcia,PROD-FUR-115,Adjustable Drafting Stool,Furniture,Chairs & Stools,3,110.0,313.5,0.05,60.0,West,Oregon,Portland,Credit Card
ORD-2023-13948,2023-12-24,CUST-1127,Michael Miller,PROD-OFF-122,Executive Hardcover Notebook 3-Pack,Office Supplies,Paper & Stationary,1,24.0,16.8,0.3,0.8,South,Florida,Orlando,Debit Card
ORD-2022-13949,2022-10-05,CUST-1031,Richard Jones,PROD-HOM-133,Stainless Steel Chef Knife 8-Inch,Home & Kitchen,Cookware & Dining,1,45.0,38.25,0.15,9.5,East,Pennsylvania,Philadelphia,Credit Card
ORD-2022-13950,2023-06-24,CUST-1307,Kevin King,PROD-HOM-132,Non-Stick Ceramic Cookware 10-Piece,Home & Kitchen,Cookware & Dining,2,180.0,288.0,0.2,38.2,East,Massachusetts,Boston,Credit Card
ORD-2024-13951,2024-04-30,CUST-1097,George Young,PROD-FUR-114,High-Back Leather Gaming Chair,Furniture,Chairs & Stools,2,290.0,580.0,0.0,99.4,Central,Ohio,Columbus,Debit Card
ORD-2023-13952,2022-02-19,CUST-1126,Anthony Gonzalez,PROD-FUR-113,Ergonomic Executive Mesh Chair,Furniture,Chairs & Stools,2,240.0,480.0,0.0,91.0,East,New York,Buffalo,PayPal
ORD-2022-13953,2023-03-06,CUST-1335,Edward Torres,PROD-OFF-128,Precision Cutting Mat & Knife Set,Office Supplies,Art & Craft,5,22.0,110.0,0.0,44.8,East,New York,New York City,Credit Card
ORD-2023-13954,2023-07-21,CUST-1277,Carol Lee,PROD-TEC-104,24-Inch IPS FHD Monitor,Technology,Laptops & Monitors,3,180.0,486.0,0.1,102.0,West,California,San Francisco,PayPal
ORD-2024-13955,2023-02-28,CUST-1256,James King,PROD-HOM-130,Programmable Drip Coffee Maker,Home & Kitchen,Appliances,3,75.0,168.75,0.25,16.5,East,Massachusetts,Boston,Credit Card
ORD-2023-13956,2022-12-23,CUST-1153,Margaret Scott,PROD-OFF-122,Executive Hardcover Notebook 3-Pack,Office Supplies,Paper & Stationary,1,24.0,19.2,0.2,3.2,South,Florida,Miami,Debit Card
ORD-2024-13957,2022-09-14,CUST-1104,Susan Wright,PROD-OFF-123,Gel Ink Pens Box of 24,Office Supplies,Paper & Stationary,1,15.0,15.0,0.0,4.25,West,California,Los Angeles,Debit Card
ORD-2022-13958,2022-08-29,CUST-1422,George Clark,PROD-TEC-104,24-Inch IPS FHD Monitor,Technology,Laptops & Monitors,1,180.0,180.0,0.0,50.0,South,Florida,Orlando,Credit Card
ORD-2024-13959,2024-02-03,CUST-1036,Sarah Robinson,PROD-FUR-120,Modern Modular Bookshelf,Furniture,Bookcases,2,210.0,420.0,0.0,87.4,South,Georgia,Atlanta,Debit Card
ORD-2023-13960,2022-05-22,CUST-1410,Andrew Flores,PROD-OFF-128,Precision Cutting Mat & Knife Set,Office Supplies,Art & Craft,5,22.0,104.5,0.05,39.3,North,Michigan,Detroit,UPI / Net Banking
ORD-2023-13961,2022-11-10,CUST-1418,Brian Moore,PROD-HOM-133,Stainless Steel Chef Knife 8-Inch,Home & Kitchen,Cookware & Dining,2,45.0,67.5,0.25,13.0,West,Washington,Seattle,Credit Card
ORD-2024-13962,2022-09-08,CUST-1377,Kenneth Davis,PROD-FUR-117,Compact Computer Desk,Furniture,Desks & Tables,1,130.0,123.5,0.05,18.1,Central,Texas,Houston,PayPal
ORD-2024-13963,2022-10-16,CUST-1028,Emily Jackson,PROD-OFF-128,Precision Cutting Mat & Knife Set,Office Supplies,Art & Craft,1,22.0,20.9,0.05,5.46,East,Pennsylvania,Philadelphia,PayPal
ORD-2024-13964,2024-03-27,CUST-1397,Joshua Robinson,PROD-OFF-124,Heavy-Duty Plastic Storage Bins 4-Pack,Office Supplies,Storage & Organization,1,55.0,44.0,0.2,7.0,East,New York,Buffalo,Credit Card
ORD-2024-13965,2024-02-24,CUST-1287,Amanda Martin,PROD-TEC-106,Mechanical RGB Keyboard,Technology,Accessories,4,75.0,285.0,0.05,83.0,East,Pennsylvania,Philadelphia,Debit Card
ORD-2024-13966,2022-03-10,CUST-1384,Robert Nguyen,PROD-FUR-118,Solid Wood Conference Table,Furniture,Desks & Tables,1,850.0,510.0,0.4,-216.5,Central,Texas,Austin,Credit Card
ORD-2023-13967,2022-05-28,CUST-1122,Susan Wright,PROD-TEC-101,ProBook 15.6 Inch Laptop,Technology,Laptops & Monitors,2,850.0,1700.0,0.0,369.0,South,Florida,Miami,UPI / Net Banking
ORD-2024-13968,2023-06-23,CUST-1193,James Scott,PROD-HOM-132,Non-Stick Ceramic Cookware 10-Piece,Home & Kitchen,Cookware & Dining,4,180.0,720.0,0.0,223.4,West,Oregon,Portland,Credit Card
ORD-2023-13969,2024-02-20,CUST-1250,George Lee,PROD-OFF-123,Gel Ink Pens Box of 24,Office Supplies,Paper & Stationary,3,15.0,42.75,0.05,16.5,West,California,Los Angeles,UPI / Net Banking
ORD-2024-13970,2023-11-27,CUST-1386,Michael Martin,PROD-FUR-115,Adjustable Drafting Stool,Furniture,Chairs & Stools,1,110.0,110.0,0.0,23.5,East,Massachusetts,Boston,Credit Card
ORD-2024-13971,2023-12-16,CUST-1015,Sarah Smith,PROD-TEC-104,24-Inch IPS FHD Monitor,Technology,Laptops & Monitors,1,180.0,171.0,0.05,41.0,West,California,San Diego,Credit Card
ORD-2022-13972,2022-10-04,CUST-1359,Nancy Harris,PROD-OFF-128,Precision Cutting Mat & Knife Set,Office Supplies,Art & Craft,3,22.0,66.0,0.0,25.68,Central,Illinois,Chicago,Credit Card
ORD-2023-13973,2023-08-25,CUST-1317,Deborah King,PROD-TEC-109,Noise Canceling Headphones,Technology,Phones & Audio,2,199.0,298.5,0.25,14.9,East,New York,New York City,Debit Card
ORD-2023-13974,2023-10-26,CUST-1092,Mary Davis,PROD-HOM-133,Stainless Steel Chef Knife 8-Inch,Home & Kitchen,Cookware & Dining,4,45.0,171.0,0.05,65.0,West,California,San Francisco,Credit Card
ORD-2023-13975,2022-04-03,CUST-1182,James Robinson,PROD-TEC-104,24-Inch IPS FHD Monitor,Technology,Laptops & Monitors,3,180.0,432.0,0.2,48.0,East,Massachusetts,Boston,Credit Card
ORD-2023-13976,2022-04-23,CUST-1355,Barbara Brown,PROD-OFF-121,Premium Multipurpose Copy Paper 5 Reams,Office Supplies,Paper & Stationary,1,38.0,38.0,0.0,13.1,West,California,San Diego,Credit Card
ORD-2024-13977,2022-11-05,CUST-1023,Daniel Thompson,PROD-FUR-116,Electric Dual-Motor Standing Desk,Furniture,Desks & Tables,1,450.0,450.0,0.0,77.0,North,Minnesota,Minneapolis,Credit Card
ORD-2023-13978,2022-11-18,CUST-1062,Betty White,PROD-OFF-127,Professional Acrylic Paint Set,Office Supplies,Art & Craft,1,42.0,42.0,0.0,13.64,North,Michigan,Detroit,PayPal
ORD-2022-13979,2022-05-15,CUST-1134,George Perez,PROD-OFF-124,Heavy-Duty Plastic Storage Bins 4-Pack,Office Supplies,Storage & Organization,4,55.0,220.0,0.0,81.0,South,Florida,Miami,Debit Card
ORD-2022-13980,2023-10-19,CUST-1364,Patricia Thompson,PROD-OFF-128,Precision Cutting Mat & Knife Set,Office Supplies,Art & Craft,1,22.0,20.9,0.05,5.46,South,North Carolina,Charlotte,PayPal
ORD-2024-13981,2023-05-13,CUST-1284,Kevin Flores,PROD-FUR-120,Modern Modular Bookshelf,Furniture,Bookcases,5,210.0,787.5,0.25,-39.5,East,Massachusetts,Boston,Debit Card
ORD-2022-13982,2023-08-09,CUST-1218,John Martin,PROD-FUR-115,Adjustable Drafting Stool,Furniture,Chairs & Stools,1,110.0,88.0,0.2,1.5,East,New York,New York City,UPI / Net Banking
ORD-2022-13983,2022/07/04,CUST-1391,Kevin White,PROD-OFF-123,Gel Ink Pens Box of 24,Office Supplies,Paper & Stationary,1,15.0,15.0,0.0,4.25,East,New York,New York City,Credit Card
ORD-2023-13984,2023-08-24,CUST-1368,Jessica Gonzalez,PROD-TEC-101,ProBook 15.6 Inch Laptop,Technology,Laptops & Monitors,5,850.0,4250.0,0.0,927.0,West,California,Los Angeles,Credit Card
ORD-2024-13985,2024-06-01,CUST-1218,John Martin,PROD-FUR-116,Electric Dual-Motor Standing Desk,Furniture,Desks & Tables,2,450.0,900.0,0.0,157.0,West,Washington,Seattle,UPI / Net Banking
ORD-2023-13986,2022-01-05,CUST-1216,Emily Martinez,PROD-TEC-110,True Wireless Earbuds,Technology,Phones & Audio,2,89.0,178.0,0.0,57.3,Central,Texas,Houston,Credit Card
ORD-2023-13987,2023-05-18,CUST-1233,Matthew Williams,PROD-OFF-124,Heavy-Duty Plastic Storage Bins 4-Pack,Office Supplies,Storage & Organization,1,55.0,52.25,0.05,15.25,East,Massachusetts,Boston,PayPal
ORD-2022-13988,2024-03-29,CUST-1153,Margaret Scott,PROD-TEC-101,ProBook 15.6 Inch Laptop,Technology,Laptops & Monitors,2,850.0,1445.0,0.15,114.0,North,Wisconsin,Milwaukee,Credit Card
ORD-2022-13989,2022-11-12,CUST-1393,Carol Perez,PROD-HOM-134,Insulated Stainless Steel Tumbler 30oz,Home & Kitchen,Cookware & Dining,1,25.0,25.0,0.0,8.5,East,New York,Buffalo,PayPal
ORD-2023-13990,2022-05-11,CUST-1350,Mary Sanchez,PROD-FUR-115,Adjustable Drafting Stool,Furniture,Chairs & Stools,3,110.0,313.5,0.05,60.0,Central,Texas,Austin,Credit Card
ORD-2022-13991,2024-05-04,CUST-1277,Carol Lee,PROD-TEC-101,ProBook 15.6 Inch Laptop,Technology,Laptops & Monitors,2,850.0,1445.0,0.15,114.0,Central,Texas,Dallas,Credit Card
ORD-2023-13992,2022-05-23,CUST-1339,Anthony Wright,PROD-TEC-105,Wireless Ergonomic Mouse,Technology,Accessories,3,35.0,105.0,0.0,36.0,Central,Ohio,Columbus,Debit Card
ORD-2022-13993,2023-11-03,CUST-1084,Joshua Martin,PROD-HOM-133,Stainless Steel Chef Knife 8-Inch,Home & Kitchen,Cookware & Dining,2,45.0,81.0,0.1,26.5,South,Florida,Miami,Credit Card
ORD-2023-13994,2023-01-30,CUST-1202,Paul Young,PROD-FUR-115,Adjustable Drafting Stool,Furniture,Chairs & Stools,6,110.0,627.0,0.05,123.0,Central,Texas,Dallas,UPI / Net Banking
ORD-2022-13995,2022-06-12,CUST-1213,Brian Martinez,PROD-OFF-121,Premium Multipurpose Copy Paper 5 Reams,Office Supplies,Paper & Stationary,2,38.0,64.6,0.15,17.8,East,Pennsylvania,Philadelphia,Credit Card
ORD-2022-13996,2023-11-15,CUST-1340,Melissa Wright,PROD-FUR-118,Solid Wood Conference Table,Furniture,Desks & Tables,3,850.0,2040.0,0.2,-133.5,South,Florida,Miami,Debit Card
ORD-2024-13997,2022-04-21,CUST-1338,Karen Harris,PROD-FUR-113,Ergonomic Executive Mesh Chair,Furniture,Chairs & Stools,2,240.0,480.0,0.0,91.0,North,Michigan,Detroit,Credit Card
ORD-2023-13998,2023-03-01,CUST-1232,Brian Miller,PROD-TEC-107,USB-C Multi-Port Hub,Technology,Accessories,3,45.0,128.25,0.05,48.0,Central,Ohio,Columbus,Credit Card
ORD-2023-13999,2023-02-17,CUST-1257,Steven Gonzalez,PROD-HOM-130,Programmable Drip Coffee Maker,Home & Kitchen,Appliances,6,75.0,427.5,0.05,126.0,North,Wisconsin,Milwaukee,Credit Card
ORD-2022-14000,2022-10-18,CUST-1435,Melissa Scott,PROD-FUR-119,5-Shelf Ladder Bookcase,Furniture,Bookcases,2,140.0,252.0,0.1,37.0,South,Florida,Miami,UPI / Net Banking
ORD-2024-14001,2022-06-23,CUST-1003,Jessica Anderson,PROD-TEC-105,Wireless Ergonomic Mouse,Technology,Accessories,1,35.0,35.0,0.0,10.0,West,California,San Diego,Credit Card
ORD-2022-14002,2023-02-14,CUST-1372,Kevin Davis,PROD-TEC-106,Mechanical RGB Keyboard,Technology,Accessories,8,75.0,600.0,0.0,199.0,West,Washington,Seattle,Credit Card
ORD-2022-14003,2022-05-18,CUST-1361,Thomas Garcia,PROD-OFF-125,3-Drawer Mobile File Cabinet,Office Supplies,Storage & Organization,2,145.0,290.0,0.0,76.2,East,New York,New York City,Credit Card
ORD-2022-14004,2024-06-29,CUST-1439,Thomas Anderson,PROD-TEC-109,Noise Canceling Headphones,Technology,Phones & Audio,2,199.0,238.8,0.4,-44.8,East,Pennsylvania,Philadelphia,Debit Card
ORD-2023-14005,2024-01-29,CUST-1440,Linda Gonzalez,PROD-OFF-121,Premium Multipurpose Copy Paper 5 Reams,Office Supplies,Paper & Stationary,8,38.0,258.4,0.15,80.2,North,Minnesota,Minneapolis,Cash on Delivery
ORD-2022-14006,2023-07-10,CUST-1275,Susan Ramirez,PROD-OFF-128,Precision Cutting Mat & Knife Set,Office Supplies,Art & Craft,2,22.0,39.6,0.1,11.72,East,Pennsylvania,Philadelphia,Debit Card
ORD-2024-14007,2024-05-21,CUST-1047,Joseph Lee,PROD-OFF-124,Heavy-Duty Plastic Storage Bins 4-Pack,Office Supplies,Storage & Organization,4,55.0,209.0,0.05,70.0,Central,Ohio,Columbus,PayPal
ORD-2024-14008,2023-12-15,CUST-1334,Brian Johnson,PROD-OFF-124,Heavy-Duty Plastic Storage Bins 4-Pack,Office Supplies,Storage & Organization,1,55.0,44.0,0.2,7.0,West,Oregon,Portland,Credit Card
ORD-2022-14009,2022-06-07,CUST-1327,Dorothy Wilson,PROD-HOM-130,Programmable Drip Coffee Maker,Home & Kitchen,Appliances,4,75.0,285.0,0.05,83.0,South,Florida,Miami,Debit Card
ORD-2024-14010,2023/06/28,CUST-1253,Matthew Torres,PROD-HOM-135,100% Organic Cotton Sheet Set Queen,Home & Kitchen,Bedding & Decor,2,85.0,144.5,0.15,34.1,Central,Illinois,Chicago,Credit Card
ORD-2022-14011,2023-10-12,CUST-1365,Joseph Jones,PROD-FUR-114,High-Back Leather Gaming Chair,Furniture,Chairs & Stools,1,290.0,232.0,0.2,-9.8,East,New York,New York City,UPI / Net Banking
ORD-2023-14012,2023-03-15,CUST-1113,Emily Anderson,PROD-HOM-129,Digital Touchscreen Air Fryer 5.8Qt,Home & Kitchen,Appliances,2,110.0,198.0,0.1,39.0,North,Michigan,Detroit,Credit Card
ORD-2022-14013,2023-01-20,CUST-1186, Paul Taylor ,PROD-OFF-127,Professional Acrylic Paint Set,Office Supplies,Art & Craft,2,42.0,71.4,0.15,17.68,South,North Carolina,Charlotte,Debit Card
ORD-2024-14014,2024-05-27,CUST-1167,Amanda Thomas,PROD-HOM-132,Non-Stick Ceramic Cookware 10-Piece,Home & Kitchen,Cookware & Dining,3,180.0,459.0,0.15,85.8,South,Georgia,Atlanta,PayPal
ORD-2023-14015,2023-02-05,CUST-1420,Kimberly Gonzalez,PROD-HOM-129,Digital Touchscreen Air Fryer 5.8Qt,Home & Kitchen,Appliances,2,110.0,110.0,0.5,-49.0,West,California,San Francisco,Credit Card
ORD-2024-14016,2022-12-16,CUST-1139,Barbara Moore,PROD-OFF-128,Precision Cutting Mat & Knife Set,Office Supplies,Art & Craft,2,22.0,44.0,0.0,16.12,East,Massachusetts,Boston,Credit Card
ORD-2024-14017,2023-03-16,CUST-1274,Karen Jackson,PROD-TEC-108,HD Pro Webcam 1080p,Technology,Accessories,1,65.0,58.5,0.1,14.2,East,New York,New York City,Credit Card
ORD-2022-14018,2023-03-09,CUST-1430,Brian Thomas,PROD-OFF-127,Professional Acrylic Paint Set,Office Supplies,Art & Craft,1,42.0,42.0,0.0,13.64,West,California,San Francisco,Debit Card
ORD-2024-14019,2022-12-02,CUST-1265, Christopher Sanchez ,PROD-TEC-104,24-Inch IPS FHD Monitor,Technology,Laptops & Monitors,6,180.0,864.0,0.2,99.0,South,Georgia,Atlanta,Credit Card
ORD-2023-14020,2024-02-27,CUST-1376,David Hill,PROD-TEC-101,ProBook 15.6 Inch Laptop,Technology,Laptops & Monitors,1,850.0,850.0,0.0,183.0,South,Florida,Miami,Credit Card
ORD-2023-14021,2022-08-03,CUST-1266,Brian Jackson,PROD-HOM-133,Stainless Steel Chef Knife 8-Inch,Home & Kitchen,Cookware & Dining,2,45.0,90.0,0.0,35.5,East,Pennsylvania,Philadelphia,Cash on Delivery
ORD-2023-14022,2022-10-17,CUST-1125,Jessica Walker,PROD-OFF-126,Desktop Document Organizer,Office Supplies,Storage & Organization,3,28.0,71.4,0.15,19.2,Central,Ohio,Columbus,UPI / Net Banking
ORD-2022-14023,2022-04-20,CUST-1295,Richard Harris,PROD-HOM-134,Insulated Stainless Steel Tumbler 30oz,Home & Kitchen,Cookware & Dining,3,25.0,56.25,0.25,12.75,West,California,San Diego,Debit Card
ORD-2022-14024,2022-12-25,CUST-1151,Matthew Taylor,PROD-TEC-109,Noise Canceling Headphones,Technology,Phones & Audio,3,199.0,597.0,0.0,173.1,South,Georgia,Atlanta,Cash on Delivery
ORD-2024-14025,2023-11-03,CUST-1022,Matthew Miller,PROD-FUR-113,Ergonomic Executive Mesh Chair,Furniture,Chairs & Stools,2,240.0,480.0,0.0,91.0,West,California,San Diego,UPI / Net Banking
ORD-2023-14026,2022-03-06,CUST-1423,Ashley Scott,PROD-TEC-112,Smart Fitness Watch,Technology,Phones & Audio,3,149.0,447.0,0.0,119.16,Central,Texas,Austin,Credit Card
ORD-2022-14027,2024-02-18,CUST-1396,Margaret White,PROD-TEC-109,Noise Canceling Headphones,Technology,Phones & Audio,3,199.0,597.0,0.0,173.1,West,California,San Francisco,PayPal
ORD-2023-14028,2022-02-07,CUST-1324,William Martinez,PROD-OFF-125,3-Drawer Mobile File Cabinet,Office Supplies,Storage & Organization,1,145.0,145.0,0.0,36.6,West,California,San Francisco,Credit Card
ORD-2022-14029,2024-03-10,CUST-1426,Carol Young,PROD-FUR-120,Modern Modular Bookshelf,Furniture,Bookcases,1,210.0,105.0,0.5,-62.8,South,Florida,Miami,UPI / Net Banking
ORD-2023-14030,2022-10-21,CUST-1149,Patricia Hernandez,PROD-FUR-113,Ergonomic Executive Mesh Chair,Furniture,Chairs & Stools,6,240.0,1440.0,0.0,279.0,West,California,Los Angeles,Credit Card
ORD-2024-14031,2022-07-29,CUST-1325,Joseph Harris,PROD-HOM-129,Digital Touchscreen Air Fryer 5.8Qt,Home & Kitchen,Appliances,4,110.0,396.0,0.1,81.0,East,New York,New York City,Credit Card
ORD-2022-14032,2022-12-23,CUST-1159,Patricia Lee,PROD-HOM-136,Weighted Cooling Blanket 15lbs,Home & Kitchen,Bedding & Decor,2,95.0,180.5,0.05,52.0,South,Florida,Miami,Credit Card
ORD-2023-14033,2023-06-06,CUST-1213,Brian Martinez,PROD-TEC-104,24-Inch IPS FHD Monitor,Technology,Laptops & Monitors,5,180.0,855.0,0.05,217.0,South,Georgia,Atlanta,UPI / Net Banking
ORD-2024-14034,2024-03-12,CUST-1448,Kenneth Jackson,PROD-HOM-136,Weighted Cooling Blanket 15lbs,Home & Kitchen,Bedding & Decor,5,95.0,475.0,0.0,158.25,East,New York,Buffalo,Debit Card
ORD-2023-14035,2022-11-24,CUST-1412,Nancy Johnson,PROD-HOM-129,Digital Touchscreen Air Fryer 5.8Qt,Home & Kitchen,Appliances,2,110.0,198.0,0.1,39.0,North,Minnesota,Minneapolis,Credit Card
ORD-2022-14036,2022-08-03,CUST-1214,Steven Williams,PROD-TEC-101,ProBook 15.6 Inch Laptop,Technology,Laptops & Monitors,2,850.0,1700.0,0.0,369.0,South,North Carolina,Charlotte,Cash on Delivery
ORD-2024-14037,2023-04-29,CUST-1340,Melissa Wright,PROD-TEC-112,Smart Fitness Watch,Technology,Phones & Audio,2,149.0,298.0,0.0,78.44,South,North Carolina,Charlotte,PayPal
ORD-2024-14038,2024-05-11,CUST-1213,Brian Martinez,PROD-HOM-131,Compact HEPA Air Purifier,Home & Kitchen,Appliances,2,130.0,208.0,0.2,15.8,North,Minnesota,Minneapolis,Debit Card
ORD-2022-14039,2022-12-30,CUST-1228,Mary Lopez,PROD-FUR-120,Modern Modular Bookshelf,Furniture,Bookcases,2,210.0,420.0,0.0,87.4,Central,Texas,Austin,Debit Card
ORD-2022-14040,2024-01-08,CUST-1215,Lisa Nguyen,PROD-TEC-104,24-Inch IPS FHD Monitor,Technology,Laptops & Monitors,1,180.0,180.0,0.0,50.0,West,California,Los Angeles,Credit Card
ORD-2023-14041,2024-01-24,CUST-1222,Kevin Miller,PROD-HOM-131,Compact HEPA Air Purifier,Home & Kitchen,Appliances,2,130.0,234.0,0.1,41.8,Central,Texas,Houston,Credit Card
ORD-2024-14042,2023-03-07,CUST-1254,Richard Taylor,PROD-TEC-103,27-Inch 4K UHD Monitor,Technology,Laptops & Monitors,2,350.0,595.0,0.15,86.0,West,California,San Diego,Cash on Delivery
ORD-2024-14043,2023-07-12,CUST-1104,Susan Wright,PROD-HOM-133,Stainless Steel Chef Knife 8-Inch,Home & Kitchen,Cookware & Dining,2,45.0,81.0,0.1,26.5,East,New York,Buffalo,PayPal
ORD-2022-14044,2024-02-17,CUST-1249,Margaret Thompson,PROD-OFF-121,Premium Multipurpose Copy Paper 5 Reams,Office Supplies,Paper & Stationary,4,38.0,114.0,0.25,23.4,North,Wisconsin,Milwaukee,Credit Card
ORD-2023-14045,2023-01-21,CUST-1104,Susan Wright,PROD-FUR-116,Electric Dual-Motor Standing Desk,Furniture,Desks & Tables,2,450.0,855.0,0.05,112.0,Central,Texas,Houston,Credit Card
ORD-2022-14046,2022-10-13,CUST-1394,James Clark,PROD-OFF-121,Premium Multipurpose Copy Paper 5 Reams,Office Supplies,Paper & Stationary,4,38.0,121.6,0.2,31.0,West,Washington,Seattle,Credit Card
ORD-2024-14047,2023-10-16,CUST-1069,Kenneth Jones,PROD-OFF-126,Desktop Document Organizer,Office Supplies,Storage & Organization,1,28.0,25.2,0.1,5.8,West,California,San Francisco  ,UPI / Net Banking
ORD-2024-14048,2024-01-27,CUST-1448,Kenneth Jackson,PROD-TEC-110,True Wireless Earbuds,Technology,Phones & Audio,3,89.0,240.3,0.1,60.75,Central,Texas,Dallas,Credit Card
ORD-2024-14049,2023-12-06,CUST-1262,George Martin,PROD-OFF-125,3-Drawer Mobile File Cabinet,Office Supplies,Storage & Organization,6,145.0,783.0,0.1,147.6,North,Wisconsin,Milwaukee,Debit Card
ORD-2022-14050,2023-10-10,CUST-1241,Deborah Moore,PROD-TEC-102,UltraSlim 14 Inch Notebook,Technology,Laptops & Monitors,3,1100.0,3300.0,0.0,819.0,Central,Texas,Houston,PayPal
ORD-2024-14051,2022-07-09,CUST-1212,Linda Jones,PROD-HOM-134,Insulated Stainless Steel Tumbler 30oz,Home & Kitchen,Cookware & Dining,3,25.0,63.75,0.15,20.25,East,New York,New York City,Cash on Delivery
ORD-2024-14052,2023-08-09,CUST-1144,James Garcia,PROD-TEC-106,Mechanical RGB Keyboard,Technology,Accessories,10,75.0,750.0,0.0,249.5,North,Wisconsin,Milwaukee,Credit Card
ORD-2022-14053,2024-06-06,CUST-1392,Robert Allen,PROD-OFF-126,Desktop Document Organizer,Office Supplies,Storage & Organization,3,28.0,84.0,0.0,31.8,North,Michigan,Detroit,Credit Card
ORD-2023-14054,2022-10-09,CUST-1175,Christopher Taylor,PROD-OFF-124,Heavy-Duty Plastic Storage Bins 4-Pack,Office Supplies,Storage & Organization,2,55.0,104.5,0.05,33.5,West,California,San Diego,Debit Card
ORD-2022-14055,2022-03-29,CUST-1134,George Perez,PROD-TEC-101,ProBook 15.6 Inch Laptop,Technology,Laptops & Monitors,1,850.0,765.0,0.1,98.0,North,Michigan,Detroit,PayPal
ORD-2024-14056,2022-06-04,CUST-1221,Amanda Thomas,PROD-HOM-131,Compact HEPA Air Purifier,Home & Kitchen,Appliances,4,130.0,520.0,0.0,138.6,West,California,San Francisco,Debit Card
ORD-2024-14057,2023-01-25,CUST-1185,Steven Wilson,PROD-HOM-129,Digital Touchscreen Air Fryer 5.8Qt,Home & Kitchen,Appliances,1,110.0,82.5,0.25,1.5,East,New York,New York City,UPI / Net Banking
ORD-2022-14058,2022-06-01,CUST-1400,George King,PROD-OFF-124,Heavy-Duty Plastic Storage Bins 4-Pack,Office Supplies,Storage & Organization,1,55.0,46.75,0.15,9.75,East,New York,New York City,Credit Card
ORD-2023-14059,2023-10-03,CUST-1108,Donald King,PROD-FUR-120,Modern Modular Bookshelf,Furniture,Bookcases,3,210.0,630.0,0.0,132.6,Central,Texas,Dallas,Debit Card
ORD-2022-14060,2022-01-21,CUST-1296,Ashley Sanchez,PROD-TEC-111,Bluetooth Conference Speaker,Technology,Phones & Audio,1,120.0,90.0,0.25,4.4,West,California,San Diego,PayPal
ORD-2023-14061,2024-06-15,CUST-1341,Kenneth Anderson,PROD-FUR-114,High-Back Leather Gaming Chair,Furniture,Chairs & Stools,2,290.0,522.0,0.1,41.4,West,Washington,Seattle,Credit Card
ORD-2022-14062,2022-04-16,CUST-1241,Deborah Moore,PROD-TEC-111,Bluetooth Conference Speaker,Technology,Phones & Audio,2,120.0,228.0,0.05,59.8,West,Washington,Seattle,PayPal
ORD-2023-14063,2022-11-16,CUST-1312,Donald Hernandez,PROD-TEC-104,24-Inch IPS FHD Monitor,Technology,Laptops & Monitors,3,180.0,540.0,0.0,156.0,West,Oregon,Portland,Debit Card
ORD-2024-14064,2022-04-03,CUST-1222,Kevin Miller,PROD-FUR-116,Electric Dual-Motor Standing Desk,Furniture,Desks & Tables,1,450.0,450.0,0.0,77.0,East,Pennsylvania,Philadelphia,Cash on Delivery
ORD-2022-14065,2022-03-04,CUST-1366,Deborah Williams,PROD-TEC-107,USB-C Multi-Port Hub,Technology,Accessories,3,45.0,135.0,0.0,54.75,East,Massachusetts,Boston,PayPal
ORD-2024-14066,2022-10-08,CUST-1186,Paul Taylor,PROD-OFF-121,Premium Multipurpose Copy Paper 5 Reams,Office Supplies,Paper & Stationary,2,38.0,64.6,0.15,17.8,North,Minnesota,Minneapolis,Debit Card
ORD-2023-14067,2022/06/05,CUST-1084,Joshua Martin,PROD-OFF-123,Gel Ink Pens Box of 24,Office Supplies,Paper & Stationary,1,15.0,12.75,0.15,2.0,North,Michigan,Detroit,Debit Card
ORD-2022-14068,2023-01-27,CUST-1375,Deborah White,PROD-OFF-127,Professional Acrylic Paint Set,Office Supplies,Art & Craft,3,42.0,126.0,0.0,46.92,West,California,Los Angeles,PayPal
ORD-2023-14069,2023-08-29,CUST-1010,Paul Hill,PROD-TEC-107,USB-C Multi-Port Hub,Technology,Accessories,5,45.0,202.5,0.1,70.75,South,North Carolina,Charlotte,Credit Card
ORD-2024-14070,2023-01-24,CUST-1421,Jennifer Thomas,PROD-TEC-109,Noise Canceling Headphones,Technology,Phones & Audio,1,199.0,189.05,0.05,45.75,East,Pennsylvania,Philadelphia,Debit Card
ORD-2023-14071,2022-11-24,CUST-1241,Deborah Moore,PROD-FUR-115,Adjustable Drafting Stool,Furniture,Chairs & Stools,1,110.0,93.5,0.15,7.0,South,Florida,Orlando,Debit Card
ORD-2022-14072,2022-08-05,CUST-1397,Joshua Robinson,PROD-HOM-134,Insulated Stainless Steel Tumbler 30oz,Home & Kitchen,Cookware & Dining,1,25.0,22.5,0.1,6.0,North,Wisconsin,Milwaukee,Debit Card
ORD-2022-14073,2023-10-20,CUST-1008,Mary Garcia,PROD-HOM-130,Programmable Drip Coffee Maker,Home & Kitchen,Appliances,1,75.0,75.0,0.0,22.25,West,California,San Francisco,Credit Card
ORD-2023-14074,2023-10-17,CUST-1384,Robert Nguyen,PROD-TEC-102,UltraSlim 14 Inch Notebook,Technology,Laptops & Monitors,4,1100.0,3740.0,0.15,433.0,West,Washington,Seattle,Credit Card
ORD-2022-14075,2024-03-05,CUST-1063,Joseph Rodriguez,PROD-HOM-132,Non-Stick Ceramic Cookware 10-Piece,Home & Kitchen,Cookware & Dining,1,180.0,144.0,0.2,17.6,West,California,Los Angeles,PayPal
ORD-2022-14076,2023-07-31,CUST-1410,Andrew Flores,PROD-HOM-136,Weighted Cooling Blanket 15lbs,Home & Kitchen,Bedding & Decor,2,95.0,171.0,0.1,42.5,West,California,San Francisco,Credit Card
ORD-2024-14077,2023-11-19,CUST-1282,Kevin Garcia,PROD-TEC-105,Wireless Ergonomic Mouse,Technology,Accessories,3,35.0,99.75,0.05,30.75,West,California,San Diego,Credit Card
ORD-2022-14078,2022-04-24,CUST-1433,Emily King,PROD-HOM-129,Digital Touchscreen Air Fryer 5.8Qt,Home & Kitchen,Appliances,2,110.0,209.0,0.05,50.0,Central,Texas,Dallas,UPI / Net Banking
ORD-2023-14079,2022-02-16,CUST-1436,Nancy Thompson,PROD-OFF-121,Premium Multipurpose Copy Paper 5 Reams,Office Supplies,Paper & Stationary,1,38.0,38.0,0.0,13.1,East,New York,New York City,Debit Card
ORD-2022-14080,2022-08-26,CUST-1308,Emily Hill,PROD-FUR-119,5-Shelf Ladder Bookcase,Furniture,Bookcases,2,140.0,252.0,0.1,37.0,East,New York,Buffalo,Debit Card
ORD-2022-14081,2023-05-14,CUST-1129,Daniel Ramirez,PROD-OFF-126,Desktop Document Organizer,Office Supplies,Storage & Organization,5,28.0,105.0,0.25,20.0,North,Michigan,Detroit,PayPal
ORD-2024-14082,2024-05-09,CUST-1119,Robert Allen,PROD-HOM-131,Compact HEPA Air Purifier,Home & Kitchen,Appliances,5,130.0,650.0,0.0,174.0,East,Massachusetts,Boston,Credit Card
ORD-2024-14083,2024-02-15,CUST-1183,Michelle Torres,PROD-HOM-134,Insulated Stainless Steel Tumbler 30oz,Home & Kitchen,Cookware & Dining,3,25.0,56.25,0.25,12.75,East,New York,New York City,Debit Card
ORD-2023-14084,2023-07-24,CUST-1211,Emily Smith,PROD-FUR-116,Electric Dual-Motor Standing Desk,Furniture,Desks & Tables,3,450.0,1012.5,0.25,-100.5,Central,Texas,Houston,Cash on Delivery
ORD-2023-14085,2023-11-19,CUST-1262,George Martin,PROD-HOM-132,Non-Stick Ceramic Cookware 10-Piece,Home & Kitchen,Cookware & Dining,1,180.0,180.0,0.0,53.6,Central,Illinois,Chicago,Credit Card
ORD-2023-14086,2023-05-15,CUST-1088,Edward Hernandez,PROD-TEC-107,USB-C Multi-Port Hub,Technology,Accessories,1,45.0,40.5,0.1,11.75,South,Florida,Miami,PayPal
ORD-2024-14087,2022-04-20,CUST-1355,Barbara Brown,PROD-TEC-105,Wireless Ergonomic Mouse,Technology,Accessories,1,35.0,33.25,0.05,8.25,West,Washington,Seattle,Credit Card
ORD-2023-14088,2023-01-01,CUST-1202,Paul Young,PROD-HOM-134,Insulated Stainless Steel Tumbler 30oz,Home & Kitchen,Cookware & Dining,2,25.0,50.0,0.0,20.0,East,Pennsylvania,Philadelphia,PayPal
ORD-2023-14089,2022/10/28,CUST-1400,George King,PROD-FUR-118,Solid Wood Conference Table,Furniture,Desks & Tables,1,850.0,595.0,0.3,-131.5,West,Oregon,Portland,Cash on Delivery
ORD-2024-14090,2022-03-01,CUST-1393,Carol Perez,PROD-FUR-119,5-Shelf Ladder Bookcase,Furniture,Bookcases,1,140.0,133.0,0.05,24.0,West,Washington,Seattle,UPI / Net Banking
ORD-2024-14091,2023-09-01,CUST-1108,Donald King,PROD-HOM-133,Stainless Steel Chef Knife 8-Inch,Home & Kitchen,Cookware & Dining,2,45.0,90.0,0.0,35.5,South,Florida,Orlando,Credit Card
ORD-2023-14092,2022-01-05,CUST-1157,Patricia Nguyen,PROD-FUR-114,High-Back Leather Gaming Chair,Furniture,Chairs & Stools,1,290.0,290.0,0.0,48.2,Central,Ohio,Columbus,Credit Card
ORD-2024-14093,2022-12-03,CUST-1248,Michael Hill,PROD-HOM-129,Digital Touchscreen Air Fryer 5.8Qt,Home & Kitchen,Appliances,2,110.0,220.0,0.0,61.0,Central,Texas,Austin,PayPal
ORD-2022-14094,2022-08-11,CUST-1342,Ashley Anderson,PROD-TEC-107,USB-C Multi-Port Hub,Technology,Accessories,2,45.0,85.5,0.05,31.0,East,Massachusetts,Boston,Credit Card
ORD-2024-14095,2023-07-21,CUST-1035,Michael Harris,PROD-FUR-116,Electric Dual-Motor Standing Desk,Furniture,Desks & Tables,1,450.0,427.5,0.05,54.5,West,California,San Diego,UPI / Net Banking
ORD-2024-14096,2022-08-24,CUST-1388,Linda Torres,PROD-FUR-115,Adjustable Drafting Stool,Furniture,Chairs & Stools,1,110.0,104.5,0.05,18.0,West,California,Los Angeles,Debit Card
ORD-2024-14097,2023-12-16,CUST-1435,Melissa Scott,PROD-OFF-126,Desktop Document Organizer,Office Supplies,Storage & Organization,4,28.0,112.0,0.0,43.4,East,New York,New York City,PayPal
ORD-2023-14098,2024-06-19,CUST-1122,Susan Wright,PROD-FUR-119,5-Shelf Ladder Bookcase,Furniture,Bookcases,1,140.0,140.0,0.0,31.0,West,California,Los Angeles,Credit Card
ORD-2023-14099,2022-12-03,CUST-1140,Sandra Thomas,PROD-HOM-132,Non-Stick Ceramic Cookware 10-Piece,Home & Kitchen,Cookware & Dining,3,180.0,540.0,0.0,166.8,West,California,San Francisco,Debit Card
ORD-2024-14100,2022-02-10,CUST-1295,Richard Harris,PROD-OFF-127,Professional Acrylic Paint Set,Office Supplies,Art & Craft,2,42.0,58.8,0.3,5.08,East,Massachusetts,Boston,Cash on Delivery
ORD-2023-14101,2023-08-12,CUST-1246,Barbara Nguyen,PROD-HOM-129,Digital Touchscreen Air Fryer 5.8Qt,Home & Kitchen,Appliances,2,110.0,187.0,0.15,28.0,West,California,San Francisco,Debit Card
ORD-2023-14102,2022-01-22,CUST-1176,Susan Lee,PROD-HOM-131,Compact HEPA Air Purifier,Home & Kitchen,Appliances,4,130.0,416.0,0.2,34.6,East,New York,Buffalo,Credit Card
ORD-2022-14103,2023-06-16,CUST-1444,Richard Wilson,PROD-TEC-102,UltraSlim 14 Inch Notebook,Technology,Laptops & Monitors,2,1100.0,1760.0,0.2,105.0,West,California,San Diego,PayPal
ORD-2024-14104,2022-10-12,CUST-1110,Jessica Anderson,PROD-TEC-103,27-Inch 4K UHD Monitor,Technology,Laptops & Monitors,3,350.0,892.5,0.15,130.5,Central,Texas,Dallas,Debit Card
ORD-2024-14105,2023-04-13,CUST-1339,Anthony Wright,PROD-HOM-130,Programmable Drip Coffee Maker,Home & Kitchen,Appliances,6,75.0,405.0,0.1,103.5,Central,Illinois,Chicago,Credit Card
ORD-2024-14106,2023-04-19,CUST-1093,Lisa Martin,PROD-FUR-115,Adjustable Drafting Stool,Furniture,Chairs & Stools,3,110.0,330.0,0.0,76.5,East,Massachusetts,Boston,PayPal
ORD-2023-14107,2023-07-24,CUST-1366,Deborah Williams,PROD-OFF-127,Professional Acrylic Paint Set,Office Supplies,Art & Craft,2,42.0,75.6,0.1,21.88,West,Washington,Seattle,Debit Card
ORD-2022-14108,2023-07-17,CUST-1426,Carol Young,PROD-TEC-105,Wireless Ergonomic Mouse,Technology,Accessories,2,35.0,66.5,0.05,19.5,West,Oregon,Portland,PayPal
ORD-2024-14109,2023-10-01,CUST-1329,Anthony Perez,PROD-HOM-135,100% Organic Cotton Sheet Set Queen,Home & Kitchen,Bedding & Decor,4,85.0,340.0,0.0,122.2,West,Oregon,Portland,PayPal
ORD-2024-14110,2024-06-19,CUST-1208,Joshua Taylor,PROD-TEC-102,UltraSlim 14 Inch Notebook,Technology,Laptops & Monitors,3,1100.0,2970.0,0.1,489.0,Central,Ohio,Columbus,Credit Card
ORD-2023-14111,2022-07-17,CUST-1239,Betty Perez,PROD-FUR-115,Adjustable Drafting Stool,Furniture,Chairs & Stools,2,110.0,220.0,0.0,50.0,East,New York,New York City,PayPal
ORD-2023-14112,2023-01-13,CUST-1290,John Thomas,PROD-OFF-126,Desktop Document Organizer,Office Supplies,Storage & Organization,1,28.0,21.0,0.25,1.6,South,North Carolina,Charlotte,UPI / Net Banking
ORD-2024-14113,2023-12-29,CUST-1434,Daniel Ramirez,PROD-TEC-107,USB-C Multi-Port Hub,Technology,Accessories,5,45.0,213.75,0.05,82.0,South,Georgia,Atlanta  ,Credit Card
ORD-2023-14114,2023-01-14,CUST-1211,Emily Smith,PROD-TEC-103,27-Inch 4K UHD Monitor,Technology,Laptops & Monitors,1,350.0,297.5,0.15,41.5,East,New York,Buffalo,Cash on Delivery
ORD-2022-14115,2023-04-01,CUST-1394,James Clark,PROD-HOM-132,Non-Stick Ceramic Cookware 10-Piece,Home & Kitchen,Cookware & Dining,3,180.0,459.0,0.15,85.8,East,New York,Buffalo,PayPal
ORD-2023-14116,2024-02-07,CUST-1406,Sarah Lee,PROD-FUR-120,Modern Modular Bookshelf,Furniture,Bookcases,1,210.0,178.5,0.15,10.7,East,New York,Buffalo,PayPal
ORD-2024-14117,2024-04-22,CUST-1380,Donna Johnson,PROD-TEC-110,True Wireless Earbuds,Technology,Phones & Audio,1,89.0,89.0,0.0,27.15,West,California,San Diego,Credit Card
ORD-2023-14118,2023-02-22,CUST-1324,William Martinez,PROD-OFF-121,Premium Multipurpose Copy Paper 5 Reams,Office Supplies,Paper & Stationary,3,38.0,114.0,0.0,45.3,West,California,San Diego,Debit Card
ORD-2024-14119,2023-11-15,CUST-1373,Andrew Wilson,PROD-FUR-116,Electric Dual-Motor Standing Desk,Furniture,Desks & Tables,1,450.0,450.0,0.0,77.0,South,North Carolina,Charlotte,Credit Card
ORD-2024-14120,2023-12-14,CUST-1074,Amanda Davis,PROD-OFF-123,Gel Ink Pens Box of 24,Office Supplies,Paper & Stationary,1,15.0,15.0,0.0,4.25,West,Oregon,Portland,Debit Card
ORD-2022-14121,2024-01-02,CUST-1206,James Perez,PROD-TEC-101,ProBook 15.6 Inch Laptop,Technology,Laptops & Monitors,2,850.0,1445.0,0.15,114.0,East,New York,New York City,Debit Card
ORD-2022-14122,2022-12-25,CUST-1194,Karen Miller,PROD-TEC-104,24-Inch IPS FHD Monitor,Technology,Laptops & Monitors,2,180.0,324.0,0.1,67.0,North,Michigan,Detroit,Debit Card
ORD-2023-14123,2022-12-27,CUST-1076,Edward Moore,PROD-HOM-131,Compact HEPA Air Purifier,Home & Kitchen,Appliances,8,130.0,1040.0,0.0,280.2,East,New York,New York City,Credit Card
ORD-2024-14124,2023-04-25,CUST-1053,Dorothy Lee,PROD-HOM-129,Digital Touchscreen Air Fryer 5.8Qt,Home & Kitchen,Appliances,2,110.0,220.0,0.0,61.0,East,Massachusetts,Boston,Debit Card
ORD-2022-14125,2023-12-15,CUST-1235,Richard Robinson,PROD-TEC-111,Bluetooth Conference Speaker,Technology,Phones & Audio,1,120.0,120.0,0.0,34.4,West,Oregon,Portland,UPI / Net Banking
ORD-2022-14126,2023-05-14,CUST-1369,Mary Flores,PROD-OFF-127,Professional Acrylic Paint Set,Office Supplies,Art & Craft,1,42.0,37.8,0.1,9.44,Central,Texas,Dallas,Debit Card
ORD-2024-14127,2022-12-23,CUST-1160,Patricia Brown,PROD-FUR-116,Electric Dual-Motor Standing Desk,Furniture,Desks & Tables,1,450.0,450.0,0.0,77.0,Central,Illinois,Chicago,Credit Card
ORD-2023-14128,2022-10-07,CUST-1248,Michael Hill,PROD-TEC-109,Noise Canceling Headphones,Technology,Phones & Audio,1,199.0,199.0,0.0,55.7,South,Georgia,Atlanta,Debit Card
ORD-2022-14129,2023-11-01,CUST-1023,Daniel Thompson,PROD-FUR-114,High-Back Leather Gaming Chair,Furniture,Chairs & Stools,3,290.0,826.5,0.05,107.1,South,North Carolina,Charlotte,Debit Card
ORD-2023-14130,2022-02-03,CUST-1340,Melissa Wright,PROD-TEC-112,Smart Fitness Watch,Technology,Phones & Audio,2,149.0,223.5,0.25,3.94,Central,Texas,Dallas,Credit Card
ORD-2022-14131,2022-04-06,CUST-1443,Edward Lopez,PROD-TEC-109,Noise Canceling Headphones,Technology,Phones & Audio,1,199.0,169.15,0.15,25.85,South,Florida,Orlando,Debit Card
ORD-2023-14132,2023-02-20,CUST-1166,Kenneth Jones,PROD-FUR-119,5-Shelf Ladder Bookcase,Furniture,Bookcases,2,140.0,252.0,0.1,37.0,West,California,Los Angeles,PayPal
ORD-2022-14133,2023-12-10,CUST-1442,Melissa Wright,PROD-OFF-127,Professional Acrylic Paint Set,Office Supplies,Art & Craft,1,42.0,29.4,0.3,1.04,South,Georgia,Atlanta,Debit Card
ORD-2022-14134,2023-04-23,CUST-1282,Kevin Garcia,PROD-TEC-101,ProBook 15.6 Inch Laptop,Technology,Laptops & Monitors,1,850.0,850.0,0.0,183.0,West,California,San Diego,PayPal
ORD-2023-14135,2022-08-18,CUST-1096,Jennifer Garcia,PROD-TEC-108,HD Pro Webcam 1080p,Technology,Accessories,3,65.0,195.0,0.0,68.1,Central,Texas,Houston,PayPal
ORD-2024-14136,2023-01-30,CUST-1152,Sandra Jackson,PROD-OFF-123,Gel Ink Pens Box of 24,Office Supplies,Paper & Stationary,1,15.0,14.25,0.05,3.5,South,Georgia,Atlanta,Debit Card
ORD-2024-14137,2022-12-23,CUST-1341, Kenneth Anderson ,PROD-OFF-124,Heavy-Duty Plastic Storage Bins 4-Pack,Office Supplies,Storage & Organization,3,55.0,156.75,0.05,51.75,North,Minnesota,Minneapolis,Credit Card
ORD-2023-14138,2023-06-29,CUST-1253,Matthew Torres,PROD-FUR-118,Solid Wood Conference Table,Furniture,Desks & Tables,2,850.0,1700.0,0.0,250.0,East,Pennsylvania,Philadelphia,Credit Card
ORD-2024-14139,2023-07-14,CUST-1302,Brian King,PROD-OFF-128,Precision Cutting Mat & Knife Set,Office Supplies,Art & Craft,1,22.0,15.4,0.3,-0.04,North,Wisconsin,Milwaukee,Credit Card
ORD-2022-14140,2022-11-18,CUST-1221,Amanda Thomas,PROD-TEC-102,UltraSlim 14 Inch Notebook,Technology,Laptops & Monitors,3,1100.0,3135.0,0.05,654.0,South,Florida,Miami,Debit Card
ORD-2024-14141,2024-06-12,CUST-1387,Amanda Hill,PROD-HOM-129,Digital Touchscreen Air Fryer 5.8Qt,Home & Kitchen,Appliances,1,110.0,93.5,0.15,12.5,South,Georgia,Atlanta,Debit Card
ORD-2022-14142,2022-03-10,CUST-1428,Jennifer Jackson,PROD-TEC-112,Smart Fitness Watch,Technology,Phones & Audio,5,149.0,596.0,0.2,51.6,West,Washington,Seattle,Debit Card
ORD-2024-14143,2022-01-21,CUST-1343,Sarah Ramirez,PROD-TEC-105,Wireless Ergonomic Mouse,Technology,Accessories,10,35.0,350.0,0.0,127.0,West,Oregon,Portland,Credit Card
ORD-2022-14144,2023-02-11,CUST-1142,Emily Miller,PROD-OFF-125,3-Drawer Mobile File Cabinet,Office Supplies,Storage & Organization,5,145.0,652.5,0.1,122.5,East,New York,New York City,Cash on Delivery
ORD-2022-14145,2024-04-11,CUST-1073,Emily Smith,PROD-TEC-109,Noise Canceling Headphones,Technology,Phones & Audio,3,199.0,477.6,0.2,53.7,East,Pennsylvania,Philadelphia,Debit Card
ORD-2022-14146,2022-04-20,CUST-1139,Barbara Moore,PROD-HOM-134,Insulated Stainless Steel Tumbler 30oz,Home & Kitchen,Cookware & Dining,3,25.0,71.25,0.05,27.75,Central,Illinois,Chicago,PayPal
ORD-2024-14147,2023-09-08,CUST-1338,Karen Harris,PROD-FUR-117,Compact Computer Desk,Furniture,Desks & Tables,2,130.0,221.0,0.15,13.2,East,New York,Buffalo,Credit Card
ORD-2024-14148,2024-01-15,CUST-1420,Kimberly Gonzalez,PROD-TEC-108,HD Pro Webcam 1080p,Technology,Accessories,1,65.0,65.0,0.0,20.7,West,California,San Francisco,PayPal
ORD-2024-14149,2022-01-15,CUST-1267,Emily Rodriguez,PROD-TEC-102,UltraSlim 14 Inch Notebook,Technology,Laptops & Monitors,3,1100.0,3135.0,0.05,654.0,Central,Texas,Austin,Credit Card
ORD-2024-14150,2022-02-12,CUST-1280,Paul Walker,PROD-TEC-108,HD Pro Webcam 1080p,Technology,Accessories,1,65.0,58.5,0.1,14.2,Central,Texas,Austin,PayPal
ORD-2024-14151,2024-05-08,CUST-1380,Donna Johnson,PROD-TEC-108,HD Pro Webcam 1080p,Technology,Accessories,2,65.0,117.0,0.1,31.4,Central,Illinois,Chicago,Cash on Delivery
ORD-2024-14152,2024-04-23,CUST-1337,James Thompson,PROD-OFF-128,Precision Cutting Mat & Knife Set,Office Supplies,Art & Craft,1,22.0,20.9,0.05,5.46,Central,Ohio,Columbus,Cash on Delivery
ORD-2022-14153,2023-02-25,CUST-1360,Sarah Clark,PROD-OFF-127,Professional Acrylic Paint Set,Office Supplies,Art & Craft,1,42.0,39.9,0.05,11.54,West,Oregon,Portland,Debit Card
ORD-2023-14154,2023-03-17,CUST-1230,Anthony Thomas,PROD-OFF-128,Precision Cutting Mat & Knife Set,Office Supplies,Art & Craft,1,22.0,22.0,0.0,6.56,Central,Texas,Austin,Credit Card
ORD-2024-14155,2024-06-03,CUST-1098,Robert Wright,PROD-OFF-126,Desktop Document Organizer,Office Supplies,Storage & Organization,1,28.0,28.0,0.0,8.6,East,New York,Buffalo,Cash on Delivery
ORD-2023-14156,2023/08/22,CUST-1354,,PROD-OFF-121,Premium Multipurpose Copy Paper 5 Reams,Office Supplies,Paper & Stationary,2,38.0,64.6,0.15,17.8,West,Oregon,Portland,UPI / Net Banking
ORD-2022-14157,2022-03-22,CUST-1371,William Walker,PROD-FUR-117,Compact Computer Desk,Furniture,Desks & Tables,2,130.0,247.0,0.05,39.2,West,Washington,Seattle,PayPal
ORD-2023-14158,2023-02-05,CUST-1182,James Robinson,PROD-HOM-132,Non-Stick Ceramic Cookware 10-Piece,Home & Kitchen,Cookware & Dining,2,180.0,360.0,0.0,110.2,East,New York,New York City,Debit Card
ORD-2022-14159,2023-05-29,CUST-1292,Deborah Jones,PROD-OFF-126,Desktop Document Organizer,Office Supplies,Storage & Organization,2,28.0,56.0,0.0,20.2,West,California,San Diego,Debit Card
ORD-2024-14160,2023-12-25,CUST-1289,Elizabeth Johnson,PROD-OFF-121,Premium Multipurpose Copy Paper 5 Reams,Office Supplies,Paper & Stationary,4,38.0,152.0,0.0,61.4,West,California,San Francisco,PayPal
ORD-2022-14161,2022-10-05,CUST-1373,Andrew Wilson,PROD-HOM-136,Weighted Cooling Blanket 15lbs,Home & Kitchen,Bedding & Decor,3,95.0,285.0,0.0,93.75,South,North Carolina,Charlotte,Debit Card
ORD-2024-14162,2023-01-08,CUST-1418,Brian Moore,PROD-OFF-124,Heavy-Duty Plastic Storage Bins 4-Pack,Office Supplies,Storage & Organization,2,55.0,66.0,0.4,-5.0,North,Minnesota,Minneapolis,Credit Card
ORD-2024-14163,2022-07-24,CUST-1296,Ashley Sanchez,PROD-FUR-116,Electric Dual-Motor Standing Desk,Furniture,Desks & Tables,1,450.0,450.0,0.0,77.0,East,Pennsylvania,Philadelphia,Credit Card
ORD-2023-14164,2024-05-10,CUST-1073,Emily Smith,PROD-HOM-131,Compact HEPA Air Purifier,Home & Kitchen,Appliances,2,130.0,195.0,0.25,2.8,South,Georgia,Atlanta,Debit Card
ORD-2023-14165,2023-01-17,CUST-1196,Linda Miller,PROD-FUR-113,Ergonomic Executive Mesh Chair,Furniture,Chairs & Stools,2,240.0,480.0,0.0,91.0,East,New York,Buffalo,Credit Card
ORD-2024-14166,2022-06-17,CUST-1072,Kimberly Taylor,PROD-FUR-116,Electric Dual-Motor Standing Desk,Furniture,Desks & Tables,3,450.0,1350.0,0.0,237.0,South,North Carolina,Charlotte,Debit Card
ORD-2022-14167,2023-06-30,CUST-1106,Dorothy Martin,PROD-OFF-123,Gel Ink Pens Box of 24,Office Supplies,Paper & Stationary,1,15.0,15.0,0.0,4.25,Central,Texas,Austin,UPI / Net Banking
ORD-2022-14168,2024-03-13,CUST-1421,Jennifer Thomas,PROD-TEC-109,Noise Canceling Headphones,Technology,Phones & Audio,3,199.0,597.0,0.0,173.1,Central,Ohio,Columbus,Credit Card
ORD-2022-14169,2023-08-01,CUST-1152,Sandra Jackson,PROD-OFF-124,Heavy-Duty Plastic Storage Bins 4-Pack,Office Supplies,Storage & Organization,10,55.0,495.0,0.1,152.0,Central,Illinois,Chicago,Debit Card
ORD-2023-14170,2023-11-14,CUST-1110,Jessica Anderson,PROD-FUR-118,Solid Wood Conference Table,Furniture,Desks & Tables,3,850.0,2550.0,0.0,376.5,East,New York,New York City,Credit Card
ORD-2024-14171,2022-08-11,CUST-1096,Jennifer Garcia,PROD-FUR-116,Electric Dual-Motor Standing Desk,Furniture,Desks & Tables,6,450.0,2430.0,0.1,207.0,East,New York,New York City,UPI / Net Banking
ORD-2024-14172,2023-10-15,CUST-1026,Steven Davis,PROD-OFF-128,Precision Cutting Mat & Knife Set,Office Supplies,Art & Craft,1,22.0,22.0,0.0,6.56,West,Washington,Seattle,Debit Card
ORD-2022-14173,2023-12-31,CUST-1050,Christopher Sanchez,PROD-TEC-106,Mechanical RGB Keyboard,Technology,Accessories,2,75.0,142.5,0.05,40.0,Central,Illinois,Chicago,Credit Card
ORD-2024-14174,2022-06-27,CUST-1202,Paul Young,PROD-TEC-102,UltraSlim 14 Inch Notebook,Technology,Laptops & Monitors,4,1100.0,4400.0,0.0,1093.0,South,Florida,Miami,PayPal
ORD-2024-14175,2022-08-16,CUST-1097,George Young,PROD-FUR-119,5-Shelf Ladder Bookcase,Furniture,Bookcases,3,140.0,399.0,0.05,78.0,Central,Texas,Houston,Credit Card
ORD-2022-14176,2023-01-04,CUST-1392,Robert Allen,PROD-HOM-132,Non-Stick Ceramic Cookware 10-Piece,Home & Kitchen,Cookware & Dining,4,180.0,720.0,0.0,223.4,East,Massachusetts,Boston,Debit Card
ORD-2022-14177,2022-06-18,CUST-1055,Betty Robinson,PROD-HOM-134,Insulated Stainless Steel Tumbler 30oz,Home & Kitchen,Cookware & Dining,3,25.0,75.0,0.0,31.5,North,Wisconsin,Milwaukee,Cash on Delivery
ORD-2023-14178,2022-02-05,CUST-1117,Joseph Jones,PROD-OFF-125,3-Drawer Mobile File Cabinet,Office Supplies,Storage & Organization,3,145.0,413.25,0.05,94.05,South,Florida,Orlando,Credit Card
ORD-2024-14179,2024-06-13,CUST-1153,Margaret Scott,PROD-TEC-112,Smart Fitness Watch,Technology,Phones & Audio,2,149.0,223.5,0.25,3.94,North,Michigan,Detroit,UPI / Net Banking
ORD-2024-14180,2024-06-24,CUST-1301,Joseph Lopez,PROD-HOM-136,Weighted Cooling Blanket 15lbs,Home & Kitchen,Bedding & Decor,1,95.0,95.0,0.0,29.25,West,California,San Francisco,Debit Card
ORD-2023-14181,2023-08-14,CUST-1360,Sarah Clark,PROD-FUR-116,Electric Dual-Motor Standing Desk,Furniture,Desks & Tables,1,450.0,450.0,0.0,77.0,Central,Ohio,Columbus,PayPal
ORD-2023-14182,2022-11-14,CUST-1209,David Lewis,PROD-TEC-106,Mechanical RGB Keyboard,Technology,Accessories,3,75.0,191.25,0.15,39.0,East,Massachusetts,Boston,Credit Card
ORD-2023-14183,2023-10-23,CUST-1232,Brian Miller,PROD-HOM-134,Insulated Stainless Steel Tumbler 30oz,Home & Kitchen,Cookware & Dining,4,25.0,95.0,0.05,38.0,Central,Illinois,Chicago,Credit Card
ORD-2024-14184,2022-03-22,CUST-1448,Kenneth Jackson,PROD-FUR-115,Adjustable Drafting Stool,Furniture,Chairs & Stools,1,110.0,99.0,0.1,12.5,South,Georgia,Atlanta,UPI / Net Banking
ORD-2024-14185,2022-03-08,CUST-1059,Steven Taylor,PROD-HOM-136,Weighted Cooling Blanket 15lbs,Home & Kitchen,Bedding & Decor,2,95.0,180.5,0.05,52.0,South,Georgia,Atlanta,Debit Card
ORD-2022-14186,2023-09-26,CUST-1144,James Garcia,PROD-HOM-130,Programmable Drip Coffee Maker,Home & Kitchen,Appliances,2,75.0,120.0,0.2,17.5,South,Florida,Orlando,UPI / Net Banking
ORD-2024-14187,2023-01-24,CUST-1426,Carol Young,PROD-OFF-123,Gel Ink Pens Box of 24,Office Supplies,Paper & Stationary,1,15.0,14.25,0.05,3.5,South,Georgia,Atlanta,Credit Card
ORD-2022-14188,2023-12-26,CUST-1246,Barbara Nguyen,PROD-HOM-136,Weighted Cooling Blanket 15lbs,Home & Kitchen,Bedding & Decor,4,95.0,380.0,0.0,126.0,South,Florida,Orlando,Debit Card
ORD-2022-14189,2024-03-18,CUST-1016,Edward Hernandez,PROD-TEC-107,USB-C Multi-Port Hub,Technology,Accessories,1,45.0,42.75,0.05,14.0,Central,Texas,Austin,Debit Card
ORD-2023-14190,2022-03-29,CUST-1165,Barbara Jones,PROD-HOM-132,Non-Stick Ceramic Cookware 10-Piece,Home & Kitchen,Cookware & Dining,2,180.0,288.0,0.2,38.2,West,California,San Diego,Debit Card
ORD-2024-14191,2023-12-18,CUST-1204,Jennifer Ramirez,PROD-HOM-129,Digital Touchscreen Air Fryer 5.8Qt,Home & Kitchen,Appliances,1,110.0,82.5,0.25,1.5,East,New York,New York City,Debit Card
ORD-2022-14192,2024-01-01,CUST-1136,Richard Gonzalez,PROD-OFF-123,Gel Ink Pens Box of 24,Office Supplies,Paper & Stationary,4,15.0,60.0,0.0,26.0,West,Oregon,Portland,Credit Card
ORD-2024-14193,2023-10-19,CUST-1151,Matthew Taylor,PROD-OFF-126,Desktop Document Organizer,Office Supplies,Storage & Organization,3,28.0,79.8,0.05,27.6,South,North Carolina,Charlotte,UPI / Net Banking
ORD-2022-14194,2022-12-20,CUST-1059,Steven Taylor,PROD-HOM-130,Programmable Drip Coffee Maker,Home & Kitchen,Appliances,3,75.0,202.5,0.1,50.25,Central,Illinois,Chicago,Credit Card
ORD-2023-14195,2022-07-30,CUST-1389,John Thompson,PROD-FUR-116,Electric Dual-Motor Standing Desk,Furniture,Desks & Tables,3,450.0,1080.0,0.2,-33.0,West,California,San Diego,Credit Card
ORD-2023-14196,2022-08-06,CUST-1129,Daniel Ramirez,PROD-TEC-109,Noise Canceling Headphones,Technology,Phones & Audio,2,199.0,378.1,0.05,94.5,East,Massachusetts,Boston,Debit Card
ORD-2024-14197,2022/03/13,CUST-1005,Amanda Wright,PROD-FUR-120,Modern Modular Bookshelf,Furniture,Bookcases,2,210.0,399.0,0.05,66.4,West,Oregon,Portland,Debit Card
ORD-2024-14198,2023-10-05,CUST-1094,Jessica Brown,PROD-HOM-133,Stainless Steel Chef Knife 8-Inch,Home & Kitchen,Cookware & Dining,4,45.0,126.0,0.3,20.0,Central,Illinois,Chicago,Credit Card
ORD-2023-14199,2024-05-12,CUST-1136,Richard Gonzalez,PROD-OFF-126,Desktop Document Organizer,Office Supplies,Storage & Organization,6,28.0,151.2,0.1,49.8,West,Washington,Seattle,Credit Card
ORD-2023-14200,2022-06-05,CUST-1407,Jessica Garcia,PROD-TEC-106,Mechanical RGB Keyboard,Technology,Accessories,1,75.0,75.0,0.0,22.25,East,Massachusetts,Boston,UPI / Net Banking
ORD-2024-14201,2023-11-04,CUST-1415,Susan Thompson,PROD-FUR-116,Electric Dual-Motor Standing Desk,Furniture,Desks & Tables,2,450.0,810.0,0.1,67.0,South,Florida,Miami,PayPal
ORD-2024-14202,2023-01-16,CUST-1367,Edward Johnson,PROD-TEC-110,True Wireless Earbuds,Technology,Phones & Audio,5,89.0,311.5,0.3,14.25,West,California,San Diego,Cash on Delivery
ORD-2024-14203,2022-01-11,CUST-1243,Betty Wright,PROD-HOM-136,Weighted Cooling Blanket 15lbs,Home & Kitchen,Bedding & Decor,3,95.0,285.0,0.0,93.75,Central,Illinois,Chicago,PayPal
ORD-2023-14204,2024-04-11,CUST-1237,Joseph Anderson,PROD-OFF-125,3-Drawer Mobile File Cabinet,Office Supplies,Storage & Organization,5,145.0,725.0,0.0,195.0,Central,Texas,Austin,Credit Card
ORD-2023-14205,2022-04-01,CUST-1134,George Perez,PROD-FUR-114,High-Back Leather Gaming Chair,Furniture,Chairs & Stools,1,290.0,290.0,0.0,48.2,West,Washington,Seattle,PayPal
ORD-2023-14206,2022-12-08,CUST-1202,Paul Young,PROD-FUR-120,Modern Modular Bookshelf,Furniture,Bookcases,1,210.0,199.5,0.05,31.7,East,Pennsylvania,Philadelphia,Credit Card
ORD-2023-14207,2023-02-07,CUST-1206,James Perez,PROD-FUR-114,High-Back Leather Gaming Chair,Furniture,Chairs & Stools,2,290.0,580.0,0.0,99.4,Central,Illinois,Chicago,Credit Card
ORD-2022-14208,2023-01-03,CUST-1348,Sandra Rodriguez,PROD-TEC-105,Wireless Ergonomic Mouse,Technology,Accessories,1,35.0,33.25,0.05,8.25,Central,Texas,Dallas,Credit Card
ORD-2024-14209,2024-05-17,CUST-1332,Susan Clark,PROD-TEC-104,24-Inch IPS FHD Monitor,Technology,Laptops & Monitors,2,180.0,306.0,0.15,49.0,Central,Texas,Austin,Credit Card
ORD-2022-14210,2024-06-13,CUST-1353,Jennifer Ramirez,PROD-HOM-131,Compact HEPA Air Purifier,Home & Kitchen,Appliances,2,130.0,234.0,0.1,41.8,East,New York,Buffalo,UPI / Net Banking
ORD-2024-14211,2022-11-21,CUST-1298,Carol Smith,PROD-HOM-135,100% Organic Cotton Sheet Set Queen,Home & Kitchen,Bedding & Decor,5,85.0,340.0,0.2,68.5,South,North Carolina,Charlotte,PayPal
ORD-2024-14212,2024-01-02,CUST-1395,Ashley Miller,PROD-TEC-103,27-Inch 4K UHD Monitor,Technology,Laptops & Monitors,3,350.0,945.0,0.1,183.0,South,North Carolina,Charlotte,PayPal
ORD-2024-14213,2022-04-09,CUST-1167,Amanda Thomas,PROD-FUR-119,5-Shelf Ladder Bookcase,Furniture,Bookcases,1,140.0,140.0,0.0,31.0,South,Florida,Orlando,Credit Card
ORD-2022-14214,2024-03-05,CUST-1357,Christopher Wilson,PROD-TEC-107,USB-C Multi-Port Hub,Technology,Accessories,3,45.0,94.5,0.3,14.25,Central,Texas,Houston,Cash on Delivery
ORD-2022-14215,2022-06-10,CUST-1033,Deborah Jackson,PROD-FUR-116,Electric Dual-Motor Standing Desk,Furniture,Desks & Tables,3,450.0,1350.0,0.0,237.0,South,North Carolina,Charlotte,Credit Card
ORD-2024-14216,2022-05-19,CUST-1380,Donna Johnson,PROD-TEC-105,Wireless Ergonomic Mouse,Technology,Accessories,2,35.0,70.0,0.0,23.0,West,Oregon,Portland,Debit Card
ORD-2023-14217,2024-02-10,CUST-1044,David Robinson,PROD-HOM-131,Compact HEPA Air Purifier,Home & Kitchen,Appliances,2,130.0,234.0,0.1,41.8,South,North Carolina,Charlotte,Credit Card
ORD-2024-14218,2023-01-13,CUST-1186,Paul Taylor,PROD-TEC-109,Noise Canceling Headphones,Technology,Phones & Audio,1,199.0,179.1,0.1,35.8,Central,Ohio,Columbus,UPI / Net Banking
ORD-2022-14219,2024-03-13,CUST-1342,Ashley Anderson,PROD-TEC-110,True Wireless Earbuds,Technology,Phones & Audio,1,89.0,71.2,0.2,9.35,West,California,San Francisco,Debit Card
ORD-2023-14220,2022-05-28,CUST-1279,Donald Wilson,PROD-HOM-129,Digital Touchscreen Air Fryer 5.8Qt,Home & Kitchen,Appliances,1,110.0,104.5,0.05,23.5,East,Massachusetts,Boston,Credit Card
ORD-2023-14221,2022-11-04,CUST-1249,Margaret Thompson,PROD-TEC-111,Bluetooth Conference Speaker,Technology,Phones & Audio,2,120.0,204.0,0.15,35.8,South,North Carolina,Charlotte,Debit Card
ORD-2023-14222,2022-11-25,CUST-1018,Nancy Moore,PROD-HOM-130,Programmable Drip Coffee Maker,Home & Kitchen,Appliances,2,75.0,142.5,0.05,40.0,North,Wisconsin,Milwaukee,Debit Card
ORD-2024-14223,2022-12-28,CUST-1372,Kevin Davis,PROD-TEC-104,24-Inch IPS FHD Monitor,Technology,Laptops & Monitors,1,180.0,180.0,0.0,50.0,Central,Ohio,Columbus,Debit Card
ORD-2023-14224,2024-02-08,CUST-1014,Donald Nguyen,PROD-OFF-122,Executive Hardcover Notebook 3-Pack,Office Supplies,Paper & Stationary,1,24.0,20.4,0.15,4.4,Central,Ohio,Columbus,PayPal
ORD-2024-14225,2023-07-24,CUST-1349,Michelle Wright,PROD-OFF-127,Professional Acrylic Paint Set,Office Supplies,Art & Craft,1,42.0,42.0,0.0,13.64,North,Minnesota,Minneapolis,UPI / Net Banking
ORD-2022-14226,2023-04-03,CUST-1273,Emily Smith,PROD-HOM-136,Weighted Cooling Blanket 15lbs,Home & Kitchen,Bedding & Decor,1,95.0,95.0,0.0,29.25,West,Washington,Seattle,Credit Card
ORD-2022-14227,2022-08-13,CUST-1120,Jessica Moore,PROD-FUR-120,Modern Modular Bookshelf,Furniture,Bookcases,3,210.0,441.0,0.3,-56.4,West,Washington,Seattle,Credit Card
ORD-2024-14228,2024-05-31,CUST-1076,Edward Moore,PROD-TEC-110,True Wireless Earbuds,Technology,Phones & Audio,5,89.0,445.0,0.0,147.75,North,Wisconsin,Milwaukee,PayPal
ORD-2022-14229,2022-07-05,CUST-1112,Mary Nguyen,PROD-HOM-132,Non-Stick Ceramic Cookware 10-Piece,Home & Kitchen,Cookware & Dining,6,180.0,1080.0,0.0,336.6,East,Pennsylvania,Philadelphia,Debit Card
ORD-2023-14230,2022-06-18,CUST-1060,Melissa Nguyen,PROD-FUR-119,5-Shelf Ladder Bookcase,Furniture,Bookcases,2,140.0,280.0,0.0,65.0,North,Michigan,Detroit,PayPal
ORD-2024-14231,2023-05-05,CUST-1443,Edward Lopez,PROD-OFF-128,Precision Cutting Mat & Knife Set,Office Supplies,Art & Craft,3,22.0,66.0,0.0,25.68,South,Florida,Orlando,PayPal
ORD-2023-14232,2023-01-22,CUST-1009,Susan Anderson,PROD-HOM-135,100% Organic Cotton Sheet Set Queen,Home & Kitchen,Bedding & Decor,2,85.0,127.5,0.25,17.1,East,Pennsylvania,Philadelphia,Credit Card
ORD-2024-14233,2022-08-26,CUST-1200,Susan Perez,PROD-OFF-128,Precision Cutting Mat & Knife Set,Office Supplies,Art & Craft,1,22.0,18.7,0.15,3.26,Central,Texas,Austin,Credit Card
ORD-2023-14234,2023-06-03,CUST-1383,Betty Gonzalez,PROD-OFF-123,Gel Ink Pens Box of 24,Office Supplies,Paper & Stationary,1,15.0,15.0,0.0,4.25,East,Pennsylvania,Philadelphia,Debit Card
ORD-2023-14235,2022-09-28,CUST-1406,Sarah Lee,PROD-OFF-125,3-Drawer Mobile File Cabinet,Office Supplies,Storage & Organization,1,145.0,145.0,0.0,36.6,South,Florida,Miami,Debit Card
ORD-2023-14236,2023-05-04,CUST-1248,Michael Hill,PROD-FUR-118,Solid Wood Conference Table,Furniture,Desks & Tables,3,850.0,2550.0,0.0,376.5,West,California,San Francisco,Debit Card
ORD-2023-14237,2023-01-14,CUST-1197,Melissa Scott,PROD-TEC-105,Wireless Ergonomic Mouse,Technology,Accessories,1,35.0,35.0,0.0,10.0,South,Florida,Miami,UPI / Net Banking
ORD-2024-14238,2024-06-10,CUST-1343,Sarah Ramirez,PROD-HOM-135,100% Organic Cotton Sheet Set Queen,Home & Kitchen,Bedding & Decor,1,85.0,85.0,0.0,28.3,North,Michigan,Detroit,Credit Card
ORD-2022-14239,2022-11-28,CUST-1302,Brian King,PROD-TEC-101,ProBook 15.6 Inch Laptop,Technology,Laptops & Monitors,3,850.0,1785.0,0.3,-210.0,North,Minnesota,Minneapolis,Debit Card
ORD-2023-14240,2022-02-03,CUST-1166,Kenneth Jones,PROD-TEC-105,Wireless Ergonomic Mouse,Technology,Accessories,1,35.0,35.0,0.0,10.0,South,Florida,Orlando,UPI / Net Banking
ORD-2023-14241,2022-04-16,CUST-1069,Kenneth Jones,PROD-FUR-113,Ergonomic Executive Mesh Chair,Furniture,Chairs & Stools,3,240.0,612.0,0.15,30.0,South,Florida,Orlando,PayPal
ORD-2022-14242,2022-07-27,CUST-1191,Steven Martin,PROD-FUR-113,Ergonomic Executive Mesh Chair,Furniture,Chairs & Stools,4,240.0,864.0,0.1,89.0,Central,Texas,Austin,Credit Card
ORD-2022-14243,2023-08-08,CUST-1203,Thomas Brown,PROD-TEC-111,Bluetooth Conference Speaker,Technology,Phones & Audio,3,120.0,342.0,0.05,91.2,West,Oregon,Portland,PayPal
ORD-2024-14244,2023-05-16,CUST-1392,Robert Allen,PROD-OFF-121,Premium Multipurpose Copy Paper 5 Reams,Office Supplies,Paper & Stationary,3,38.0,85.5,0.25,16.8,East,Massachusetts,Boston,Debit Card
ORD-2022-14245,2023-04-22,CUST-1437,Brian Robinson,PROD-OFF-128,Precision Cutting Mat & Knife Set,Office Supplies,Art & Craft,1,22.0,17.6,0.2,2.16,East,New York,Buffalo,PayPal
ORD-2024-14246,2022-09-11,CUST-1445,Melissa Walker,PROD-OFF-128,Precision Cutting Mat & Knife Set,Office Supplies,Art & Craft,4,22.0,88.0,0.0,35.24,North,Minnesota,Minneapolis,UPI / Net Banking
ORD-2023-14247,2022-12-10,CUST-1006,Jennifer Nguyen,PROD-TEC-104,24-Inch IPS FHD Monitor,Technology,Laptops & Monitors,1,180.0,180.0,0.0,50.0,West,California,San Diego,Credit Card
ORD-2022-14248,2023-09-17,CUST-1374,Sandra Taylor,PROD-TEC-102,UltraSlim 14 Inch Notebook,Technology,Laptops & Monitors,5,1100.0,3850.0,0.3,-283.0,East,New York,New York City,Debit Card
ORD-2023-14249,2022-12-31,CUST-1076,Edward Moore,PROD-HOM-129,Digital Touchscreen Air Fryer 5.8Qt,Home & Kitchen,Appliances,2,110.0,220.0,0.0,61.0,West,Oregon,Portland,Credit Card
ORD-2022-14250,2024-01-26,CUST-1180,Sandra Lee,PROD-OFF-128,Precision Cutting Mat & Knife Set,Office Supplies,Art & Craft,2,22.0,39.6,0.1,11.72,Central,Texas,Dallas,Credit Card
ORD-2024-14251,2024-03-18,CUST-1227,Barbara Clark,PROD-TEC-111,Bluetooth Conference Speaker,Technology,Phones & Audio,4,120.0,432.0,0.1,98.6,South,Georgia,Atlanta,Debit Card
ORD-2024-14252,2023-04-17,CUST-1344,Ashley Johnson,PROD-TEC-103,27-Inch 4K UHD Monitor,Technology,Laptops & Monitors,5,350.0,1400.0,0.2,132.0,West,Oregon,Portland,Credit Card
ORD-2024-14253,2023-07-18,CUST-1413,Ashley Lee,PROD-TEC-101,ProBook 15.6 Inch Laptop,Technology,Laptops & Monitors,6,850.0,4590.0,0.1,603.0,North,Minnesota,Minneapolis,PayPal
ORD-2022-14254,2024-06-10,CUST-1318,Ashley Thomas,PROD-OFF-124,Heavy-Duty Plastic Storage Bins 4-Pack,Office Supplies,Storage & Organization,3,55.0,165.0,0.0,60.0,West,California,Los Angeles,Cash on Delivery
ORD-2022-14255,2023-02-23,CUST-1311,Margaret Scott,PROD-OFF-127,Professional Acrylic Paint Set,Office Supplies,Art & Craft,1,42.0,42.0,0.0,13.64,Central,Texas,Dallas,PayPal
ORD-2024-14256,2023-04-06,CUST-1401,Carol Moore,PROD-TEC-102,UltraSlim 14 Inch Notebook,Technology,Laptops & Monitors,1,1100.0,1100.0,0.0,271.0,West,California,San Francisco,Credit Card
ORD-2024-14257,2024-02-29,CUST-1080,Sandra Smith,PROD-TEC-108,HD Pro Webcam 1080p,Technology,Accessories,4,65.0,260.0,0.0,91.8,South,Georgia,Atlanta,PayPal
ORD-2023-14258,2022-09-05,CUST-1002,Mary Moore,PROD-OFF-128,Precision Cutting Mat & Knife Set,Office Supplies,Art & Craft,3,22.0,66.0,0.0,25.68,West,California,San Francisco,Debit Card
ORD-2024-14259,2022-09-25,CUST-1350,Mary Sanchez,PROD-HOM-133,Stainless Steel Chef Knife 8-Inch,Home & Kitchen,Cookware & Dining,1,45.0,38.25,0.15,9.5,West,California,San Francisco,UPI / Net Banking
ORD-2023-14260,2022-06-15,CUST-1102,Thomas King,PROD-HOM-135,100% Organic Cotton Sheet Set Queen,Home & Kitchen,Bedding & Decor,1,85.0,85.0,0.0,28.3,North,Minnesota,Minneapolis,Debit Card
ORD-2023-14261,2023-08-01,CUST-1183,,PROD-HOM-129,Digital Touchscreen Air Fryer 5.8Qt,Home & Kitchen,Appliances,2,110.0,209.0,0.05,50.0,East,New York,Buffalo,PayPal
ORD-2024-14262,2024-02-15,CUST-1328,Robert Clark,PROD-HOM-129,Digital Touchscreen Air Fryer 5.8Qt,Home & Kitchen,Appliances,1,110.0,104.5,0.05,23.5,Central,Texas,Dallas,UPI / Net Banking
ORD-2024-14263,2024-04-24,CUST-1412,Nancy Johnson,PROD-HOM-135,100% Organic Cotton Sheet Set Queen,Home & Kitchen,Bedding & Decor,2,85.0,170.0,0.0,59.6,Central,Ohio,Columbus,Credit Card
ORD-2023-14264,2023-06-26,CUST-1230,Anthony Thomas,PROD-TEC-110,True Wireless Earbuds,Technology,Phones & Audio,1,89.0,89.0,0.0,27.15,West,California,San Francisco,Credit Card
ORD-2022-14265,2023-06-24,CUST-1011,Mary Scott,PROD-TEC-110,True Wireless Earbuds,Technology,Phones & Audio,2,89.0,133.5,0.25,12.8,Central,Texas,Austin,Credit Card
ORD-2024-14266,2024-02-21,CUST-1156,Charles Wilson,PROD-FUR-116,Electric Dual-Motor Standing Desk,Furniture,Desks & Tables,1,450.0,405.0,0.1,32.0,South,Florida,Miami,Credit Card
ORD-2022-14267,2022-03-30,CUST-1176,Susan Lee,PROD-OFF-124,Heavy-Duty Plastic Storage Bins 4-Pack,Office Supplies,Storage & Organization,4,55.0,209.0,0.05,70.0,Central,Texas,Dallas,Cash on Delivery
ORD-2024-14268,2023-11-02,CUST-1183,Michelle Torres,PROD-TEC-103,27-Inch 4K UHD Monitor,Technology,Laptops & Monitors,3,350.0,840.0,0.2,78.0,West,California,Los Angeles,Debit Card
ORD-2024-14269,2023-08-25,CUST-1071,Kenneth Robinson,PROD-TEC-109,Noise Canceling Headphones,Technology,Phones & Audio,3,199.0,597.0,0.0,173.1,Central,Texas,Dallas,Credit Card
ORD-2023-14270,2022-11-14,CUST-1311,Margaret Scott,PROD-FUR-120,Modern Modular Bookshelf,Furniture,Bookcases,1,210.0,210.0,0.0,42.2,South,Florida,Orlando,UPI / Net Banking
ORD-2024-14271,2022-02-11,CUST-1348,Sandra Rodriguez,PROD-FUR-115,Adjustable Drafting Stool,Furniture,Chairs & Stools,2,110.0,198.0,0.1,28.0,East,Massachusetts,Boston,UPI / Net Banking
ORD-2023-14272,2022-11-30,CUST-1395,Ashley Miller,PROD-HOM-133,Stainless Steel Chef Knife 8-Inch,Home & Kitchen,Cookware & Dining,2,45.0,76.5,0.15,22.0,South,Florida,Miami,Credit Card
ORD-2023-14273,2024-06-11,CUST-1330,Steven Robinson,PROD-TEC-112,Smart Fitness Watch,Technology,Phones & Audio,2,149.0,208.6,0.3,-10.96,East,Pennsylvania,Philadelphia,PayPal
ORD-2023-14274,2023-12-21,CUST-1127,Michael Miller,PROD-TEC-103,27-Inch 4K UHD Monitor,Technology,Laptops & Monitors,6,350.0,2100.0,0.0,579.0,South,Florida,Miami,UPI / Net Banking
ORD-2022-14275,2022-10-07,CUST-1360,Sarah Clark,PROD-HOM-136,Weighted Cooling Blanket 15lbs,Home & Kitchen,Bedding & Decor,3,95.0,285.0,0.0,93.75,West,Oregon,Portland,Credit Card
ORD-2022-14276,2023-12-05,CUST-1295,Richard Harris,PROD-OFF-125,3-Drawer Mobile File Cabinet,Office Supplies,Storage & Organization,4,145.0,493.0,0.15,68.4,Central,Illinois,Chicago,Credit Card
ORD-2023-14277,2024-04-24,CUST-1008,Mary Garcia,PROD-HOM-133,Stainless Steel Chef Knife 8-Inch,Home & Kitchen,Cookware & Dining,1,45.0,38.25,0.15,9.5,Central,Illinois,Chicago,UPI / Net Banking
ORD-2022-14278,2022-08-24,CUST-1440,Linda Gonzalez,PROD-HOM-135,100% Organic Cotton Sheet Set Queen,Home & Kitchen,Bedding & Decor,3,85.0,216.75,0.15,52.65,South,Georgia,Atlanta,Debit Card
ORD-2023-14279,2022-09-16,CUST-1167,Amanda Thomas,PROD-FUR-117,Compact Computer Desk,Furniture,Desks & Tables,2,130.0,208.0,0.2,0.2,Central,Texas,Dallas,Credit Card
ORD-2022-14280,2023-03-08,CUST-1056,Elizabeth Taylor,PROD-TEC-109,Noise Canceling Headphones,Technology,Phones & Audio,1,199.0,199.0,0.0,55.7,Central,Texas,Dallas,Credit Card
ORD-2024-14281,2022-12-30,CUST-1256,James King,PROD-FUR-120,Modern Modular Bookshelf,Furniture,Bookcases,1,210.0,199.5,0.05,31.7,East,Massachusetts,Boston,PayPal
ORD-2023-14282,2022-05-03,CUST-1239,Betty Perez,PROD-FUR-115,Adjustable Drafting Stool,Furniture,Chairs & Stools,2,110.0,209.0,0.05,39.0,East,New York,Buffalo,Credit Card
ORD-2023-14283,2022-06-26,CUST-1196,Linda Miller,PROD-TEC-106,Mechanical RGB Keyboard,Technology,Accessories,2,75.0,127.5,0.15,25.0,South,Georgia,Atlanta,Credit Card
ORD-2023-14284,2022-09-26,CUST-1393,Carol Perez,PROD-TEC-107,USB-C Multi-Port Hub,Technology,Accessories,3,45.0,135.0,0.0,54.75,North,Minnesota,Minneapolis,Cash on Delivery
ORD-2024-14285,2022-05-27,CUST-1307,Kevin King,PROD-OFF-127,Professional Acrylic Paint Set,Office Supplies,Art & Craft,2,42.0,75.6,0.1,21.88,South,Georgia,Atlanta,PayPal
ORD-2022-14286,2024-05-05,CUST-1113,Emily Anderson,PROD-HOM-130,Programmable Drip Coffee Maker,Home & Kitchen,Appliances,3,75.0,157.5,0.3,5.25,Central,Ohio,Columbus,Debit Card
ORD-2022-14287,2024-04-10,CUST-1281,Melissa Hernandez,PROD-FUR-113,Ergonomic Executive Mesh Chair,Furniture,Chairs & Stools,4,240.0,864.0,0.1,89.0,South,North Carolina,Charlotte,Credit Card
ORD-2023-14288,2023-11-18,CUST-1214,Steven Williams,PROD-TEC-101,ProBook 15.6 Inch Laptop,Technology,Laptops & Monitors,2,850.0,1700.0,0.0,369.0,West,Washington,Seattle,Debit Card
ORD-2023-14289,2022-01-04,CUST-1408,Sarah Lewis,PROD-TEC-111,Bluetooth Conference Speaker,Technology,Phones & Audio,10,120.0,1080.0,0.1,251.0,South,North Carolina,Charlotte,Credit Card
ORD-2023-14290,2022-03-30,CUST-1286,Edward Thomas,PROD-FUR-113,Ergonomic Executive Mesh Chair,Furniture,Chairs & Stools,4,240.0,864.0,0.1,89.0,Central,Texas,Houston,Credit Card
ORD-2022-14291,2024-06-02,CUST-1353,Jennifer Ramirez,PROD-OFF-124,Heavy-Duty Plastic Storage Bins 4-Pack,Office Supplies,Storage & Organization,2,55.0,99.0,0.1,28.0,Central,Texas,Austin  ,UPI / Net Banking
ORD-2024-14292,2023-01-06,CUST-1396,Margaret White,PROD-TEC-110,True Wireless Earbuds,Technology,Phones & Audio,5,89.0,311.5,0.3,14.25,Central,Texas,Dallas,Cash on Delivery
ORD-2023-14293,2023-10-25,CUST-1449,Michael Gonzalez,PROD-HOM-134,Insulated Stainless Steel Tumbler 30oz,Home & Kitchen,Cookware & Dining,4,25.0,100.0,0.0,43.0,West,California,San Francisco,Credit Card
ORD-2023-14294,2022-02-03,CUST-1355,Barbara Brown,PROD-TEC-112,Smart Fitness Watch,Technology,Phones & Audio,1,149.0,149.0,0.0,37.72,East,New York,Buffalo,PayPal
ORD-2022-14295,2023-04-08,CUST-1127,Michael Miller,PROD-FUR-116,Electric Dual-Motor Standing Desk,Furniture,Desks & Tables,2,450.0,900.0,0.0,157.0,South,Florida,Orlando,UPI / Net Banking
ORD-2023-14296,2024-06-22,CUST-1315,Edward Thomas,PROD-OFF-122,Executive Hardcover Notebook 3-Pack,Office Supplies,Paper & Stationary,8,24.0,172.8,0.1,65.8,West,Oregon,Portland,Credit Card
ORD-2024-14297,2023-04-03,CUST-1328,Robert Clark,PROD-HOM-130,Programmable Drip Coffee Maker,Home & Kitchen,Appliances,1,75.0,75.0,0.0,22.25,West,California,San Diego,Cash on Delivery
ORD-2022-14298,2022-07-26,CUST-1214,Steven Williams,PROD-HOM-132,Non-Stick Ceramic Cookware 10-Piece,Home & Kitchen,Cookware & Dining,1,180.0,180.0,0.0,53.6,East,Pennsylvania,Philadelphia,PayPal
ORD-2023-14299,2023-02-23,CUST-1259,Robert Perez,PROD-FUR-117,Compact Computer Desk,Furniture,Desks & Tables,2,130.0,247.0,0.05,39.2,East,New York,New York City,Debit Card
ORD-2024-14300,2022-08-03,CUST-1391,Kevin White,PROD-TEC-112,Smart Fitness Watch,Technology,Phones & Audio,1,149.0,141.55,0.05,30.27,East,New York,New York City,PayPal
ORD-2022-14301,2023-05-11,CUST-1231,Sarah Hernandez,PROD-TEC-101,ProBook 15.6 Inch Laptop,Technology,Laptops & Monitors,2,850.0,1530.0,0.1,199.0,West,California,San Diego,Credit Card
ORD-2022-14302,2022-04-15,CUST-1335,Edward Torres,PROD-OFF-121,Premium Multipurpose Copy Paper 5 Reams,Office Supplies,Paper & Stationary,1,38.0,36.1,0.05,11.2,West,California,Los Angeles,Debit Card
ORD-2022-14303,2023-03-10,CUST-1070,Matthew Harris,PROD-HOM-135,100% Organic Cotton Sheet Set Queen,Home & Kitchen,Bedding & Decor,3,85.0,216.75,0.15,52.65,South,Florida,Miami,Credit Card
ORD-2024-14304,2023-10-22,CUST-1448,Kenneth Jackson,PROD-OFF-124,Heavy-Duty Plastic Storage Bins 4-Pack,Office Supplies,Storage & Organization,3,55.0,165.0,0.0,60.0,Central,Texas,Houston,Credit Card
ORD-2023-14305,2023-07-12,CUST-1049,Joseph Williams,PROD-OFF-124,Heavy-Duty Plastic Storage Bins 4-Pack,Office Supplies,Storage & Organization,1,55.0,44.0,0.2,7.0,Central,Texas,Dallas,Credit Card
ORD-2024-14306,2023-01-22,CUST-1397,Joshua Robinson,PROD-OFF-128,Precision Cutting Mat & Knife Set,Office Supplies,Art & Craft,1,22.0,20.9,0.05,5.46,North,Michigan,Detroit,Debit Card
ORD-2023-14307,2022-02-08,CUST-1073,Emily Smith,PROD-OFF-127,Professional Acrylic Paint Set,Office Supplies,Art & Craft,8,42.0,336.0,0.0,130.12,Central,Texas,Houston,PayPal
ORD-2022-14308,2022-12-11,CUST-1054,Susan Young,PROD-HOM-136,Weighted Cooling Blanket 15lbs,Home & Kitchen,Bedding & Decor,2,95.0,190.0,0.0,61.5,Central,Texas,Houston,Debit Card
ORD-2022-14309,2022-12-12,CUST-1023,Daniel Thompson,PROD-OFF-127,Professional Acrylic Paint Set,Office Supplies,Art & Craft,3,42.0,107.1,0.15,28.02,South,Florida,Orlando,PayPal
ORD-2024-14310,2024-06-30,CUST-1298,Carol Smith,PROD-HOM-132,Non-Stick Ceramic Cookware 10-Piece,Home & Kitchen,Cookware & Dining,1,180.0,171.0,0.05,44.6,South,Florida,Miami,Cash on Delivery
ORD-2024-14311,2023-05-05,CUST-1329,Anthony Perez,PROD-OFF-123,Gel Ink Pens Box of 24,Office Supplies,Paper & Stationary,1,15.0,14.25,0.05,3.5,West,California,San Francisco,Credit Card
ORD-2024-14312,2022-08-08,CUST-1215,Lisa Nguyen,PROD-HOM-136,Weighted Cooling Blanket 15lbs,Home & Kitchen,Bedding & Decor,2,95.0,171.0,0.1,42.5,East,New York,New York City,PayPal
ORD-2022-14313,2023-03-30,CUST-1116,Dorothy Brown,PROD-HOM-131,Compact HEPA Air Purifier,Home & Kitchen,Appliances,4,130.0,364.0,0.3,-17.4,East,New York,Buffalo,Debit Card
ORD-2024-14314,2022-01-19,CUST-1100,William Walker,PROD-TEC-101,ProBook 15.6 Inch Laptop,Technology,Laptops & Monitors,2,850.0,1700.0,0.0,369.0,Central,Ohio,Columbus,PayPal
ORD-2024-14315,2023-02-05,CUST-1091,Christopher Young,PROD-OFF-126,Desktop Document Organizer,Office Supplies,Storage & Organization,1,28.0,19.6,0.3,0.2,South,Florida,Miami,PayPal
ORD-2024-14316,2024-04-25,CUST-1168,Betty Davis,PROD-HOM-129,Digital Touchscreen Air Fryer 5.8Qt,Home & Kitchen,Appliances,3,110.0,330.0,0.0,93.0,South,Florida,Orlando,Credit Card
ORD-2022-14317,2022-06-06,CUST-1306,William Robinson,PROD-FUR-114,High-Back Leather Gaming Chair,Furniture,Chairs & Stools,5,290.0,1450.0,0.0,253.0,West,California,San Francisco,Debit Card
ORD-2022-14318,2022-04-25,CUST-1152,Sandra Jackson,PROD-FUR-116,Electric Dual-Motor Standing Desk,Furniture,Desks & Tables,1,450.0,427.5,0.05,54.5,West,Oregon,Portland,UPI / Net Banking
ORD-2022-14319,2023-10-19,CUST-1044,David Robinson,PROD-HOM-133,Stainless Steel Chef Knife 8-Inch,Home & Kitchen,Cookware & Dining,2,45.0,90.0,0.0,35.5,East,Massachusetts,Boston,Debit Card
ORD-2024-14320,2024-05-01,CUST-1426,Carol Young,PROD-TEC-112,Smart Fitness Watch,Technology,Phones & Audio,2,149.0,268.2,0.1,48.64,East,Pennsylvania,Philadelphia,Credit Card
ORD-2023-14321,2024-05-12,CUST-1180,Sandra Lee,PROD-OFF-124,Heavy-Duty Plastic Storage Bins 4-Pack,Office Supplies,Storage & Organization,2,55.0,110.0,0.0,39.0,West,California,San Diego,PayPal
ORD-2023-14322,2022-02-09,CUST-1007,Margaret Williams,PROD-HOM-132,Non-Stick Ceramic Cookware 10-Piece,Home & Kitchen,Cookware & Dining,1,180.0,171.0,0.05,44.6,Central,Texas,Dallas,Credit Card
ORD-2022-14323,2022-04-08,CUST-1323,Steven Garcia,PROD-TEC-105,Wireless Ergonomic Mouse,Technology,Accessories,3,35.0,99.75,0.05,30.75,West,California,San Francisco,
ORD-2022-14324,2022-04-23,CUST-1413,Ashley Lee,PROD-OFF-124,Heavy-Duty Plastic Storage Bins 4-Pack,Office Supplies,Storage & Organization,1,55.0,44.0,0.2,7.0,Central,Texas,Dallas,Debit Card
ORD-2022-14325,2024-06-26,CUST-1317,Deborah King,PROD-FUR-113,Ergonomic Executive Mesh Chair,Furniture,Chairs & Stools,4,240.0,816.0,0.15,41.0,Central,Texas,Houston  ,PayPal
ORD-2023-14326,2022-02-25,CUST-1352,Kevin Johnson,PROD-FUR-114,High-Back Leather Gaming Chair,Furniture,Chairs & Stools,2,290.0,551.0,0.05,70.4,East,New York,New York City,Credit Card
ORD-2022-14327,2022-08-25,CUST-1060,Melissa Nguyen,PROD-OFF-125,3-Drawer Mobile File Cabinet,Office Supplies,Storage & Organization,4,145.0,580.0,0.0,155.4,East,New York,New York City,PayPal
ORD-2023-14328,2022-03-29,CUST-1354,William Robinson,PROD-HOM-129,Digital Touchscreen Air Fryer 5.8Qt,Home & Kitchen,Appliances,1,110.0,110.0,0.0,29.0,Central,Illinois,Chicago,Debit Card
ORD-2023-14329,2024-02-20,CUST-1057,William Thomas,PROD-OFF-124,Heavy-Duty Plastic Storage Bins 4-Pack,Office Supplies,Storage & Organization,3,55.0,156.75,0.05,51.75,West,California,Los Angeles,PayPal
ORD-2023-14330,2023-02-27,CUST-1395,Ashley Miller,PROD-HOM-129,Digital Touchscreen Air Fryer 5.8Qt,Home & Kitchen,Appliances,2,110.0,198.0,0.1,39.0,South,Florida,Orlando,Debit Card
ORD-2022-14331,2023-04-29,CUST-1410,Andrew Flores,PROD-OFF-128,Precision Cutting Mat & Knife Set,Office Supplies,Art & Craft,2,22.0,44.0,0.0,16.12,Central,Texas,Houston,Credit Card
ORD-2022-14332,2024-04-05,CUST-1270,Amanda Lopez,PROD-OFF-125,3-Drawer Mobile File Cabinet,Office Supplies,Storage & Organization,2,145.0,246.5,0.15,32.7,Central,Texas,Dallas,Credit Card
ORD-2023-14333,2023-08-19,CUST-1086,Kenneth Gonzalez,PROD-FUR-113,Ergonomic Executive Mesh Chair,Furniture,Chairs & Stools,4,240.0,960.0,0.0,185.0,South,Georgia,Atlanta,Debit Card
ORD-2023-14334,2023-04-28,CUST-1044,David Robinson,PROD-HOM-132,Non-Stick Ceramic Cookware 10-Piece,Home & Kitchen,Cookware & Dining,1,180.0,144.0,0.2,17.6,East,Pennsylvania,Philadelphia,Cash on Delivery
ORD-2023-14335,2023-12-12,CUST-1406,Sarah Lee,PROD-OFF-123,Gel Ink Pens Box of 24,Office Supplies,Paper & Stationary,1,15.0,15.0,0.0,4.25,East,New York,Buffalo,Credit Card
ORD-2024-14336,2024-05-14,CUST-1269,Kevin Harris,PROD-TEC-108,HD Pro Webcam 1080p,Technology,Accessories,3,65.0,175.5,0.1,48.6,South,North Carolina,Charlotte,Credit Card
ORD-2022-14337,2022-04-06,CUST-1035,Michael Harris,PROD-FUR-117,Compact Computer Desk,Furniture,Desks & Tables,2,130.0,234.0,0.1,26.2,West,California,San Francisco,PayPal
ORD-2023-14338,2024-06-27,CUST-1157,Patricia Nguyen,PROD-OFF-127,Professional Acrylic Paint Set,Office Supplies,Art & Craft,3,42.0,126.0,0.0,46.92,South,North Carolina,Charlotte,PayPal
ORD-2023-14339,2024-05-11,CUST-1366,Deborah Williams,PROD-FUR-117,Compact Computer Desk,Furniture,Desks & Tables,3,130.0,390.0,0.0,79.8,West,California,Los Angeles,Credit Card
ORD-2023-14340,2023-11-02,CUST-1028,Emily Jackson,PROD-HOM-135,100% Organic Cotton Sheet Set Queen,Home & Kitchen,Bedding & Decor,1,85.0,85.0,0.0,28.3,South,Georgia,Atlanta,Debit Card
ORD-2022-14341,2023-05-20,CUST-1207,Deborah Rodriguez,PROD-TEC-106,Mechanical RGB Keyboard,Technology,Accessories,2,75.0,150.0,0.0,47.5,North,Minnesota,Minneapolis,Credit Card
ORD-2022-14342,2023-04-08,CUST-1110,Jessica Anderson,PROD-HOM-135,100% Organic Cotton Sheet Set Queen,Home & Kitchen,Bedding & Decor,4,85.0,238.0,0.3,20.2,Central,Texas,Houston,Cash on Delivery
ORD-2022-14343,2022-01-31,CUST-1126,Anthony Gonzalez,PROD-OFF-121,Premium Multipurpose Copy Paper 5 Reams,Office Supplies,Paper & Stationary,3,38.0,114.0,0.0,45.3,East,Massachusetts,Boston,Credit Card
ORD-2024-14344,2022-03-07,CUST-1341,Kenneth Anderson,PROD-OFF-121,Premium Multipurpose Copy Paper 5 Reams,Office Supplies,Paper & Stationary,1,38.0,34.2,0.1,9.3,West,California,San Diego,PayPal
ORD-2024-14345,2024-04-19,CUST-1077,Deborah Perez,PROD-FUR-119,5-Shelf Ladder Bookcase,Furniture,Bookcases,2,140.0,266.0,0.05,51.0,North,Michigan,Detroit,Credit Card
ORD-2024-14346,2023-12-26,CUST-1432,Lisa Walker,PROD-TEC-105,Wireless Ergonomic Mouse,Technology,Accessories,3,35.0,89.25,0.15,20.25,East,New York,New York City,Debit Card
ORD-2023-14347,2022-05-28,CUST-1141,Robert Lewis,PROD-HOM-134,Insulated Stainless Steel Tumbler 30oz,Home & Kitchen,Cookware & Dining,2,25.0,42.5,0.15,12.5,Central,Texas,Houston,Debit Card
ORD-2023-14348,2022-05-10,CUST-1381,Karen Torres,PROD-TEC-105,Wireless Ergonomic Mouse,Technology,Accessories,3,35.0,105.0,0.0,36.0,South,Florida,Miami,UPI / Net Banking
ORD-2024-14349,2024-04-08,CUST-1179,Kevin Martin,PROD-TEC-107,USB-C Multi-Port Hub,Technology,Accessories,4,45.0,153.0,0.15,47.0,West,California,San Diego,Cash on Delivery
ORD-2022-14350,2024-05-15,CUST-1386,Michael Martin,PROD-HOM-132,Non-Stick Ceramic Cookware 10-Piece,Home & Kitchen,Cookware & Dining,2,180.0,324.0,0.1,74.2,East,Pennsylvania,Philadelphia,Cash on Delivery
ORD-2023-14351,2023-08-18,CUST-1406,Sarah Lee,PROD-OFF-121,Premium Multipurpose Copy Paper 5 Reams,Office Supplies,Paper & Stationary,3,38.0,96.9,0.15,28.2,East,New York,New York City,PayPal
ORD-2022-14352,2023-05-03,CUST-1335,Edward Torres,PROD-TEC-107,USB-C Multi-Port Hub,Technology,Accessories,3,45.0,121.5,0.1,41.25,West,California,San Francisco,Debit Card
ORD-2022-14353,2024-02-15,CUST-1351,Donna Torres,PROD-TEC-101,ProBook 15.6 Inch Laptop,Technology,Laptops & Monitors,1,850.0,807.5,0.05,140.5,East,Massachusetts,Boston,Credit Card
ORD-2024-14354,2024-02-07,CUST-1165,Barbara Jones,PROD-HOM-129,Digital Touchscreen Air Fryer 5.8Qt,Home & Kitchen,Appliances,1,110.0,110.0,0.0,29.0,East,Massachusetts,Boston,UPI / Net Banking
ORD-2022-14355,2023-12-14,CUST-1345,Matthew Perez,PROD-OFF-121,Premium Multipurpose Copy Paper 5 Reams,Office Supplies,Paper & Stationary,2,38.0,76.0,0.0,29.2,Central,Texas,Austin,Debit Card
ORD-2022-14356,2023-01-16,CUST-1336,Matthew Walker,PROD-HOM-131,Compact HEPA Air Purifier,Home & Kitchen,Appliances,5,130.0,650.0,0.0,174.0,West,California,San Francisco,Cash on Delivery
ORD-2023-14357,2022-06-09,CUST-1429,Joseph Sanchez,PROD-OFF-124,Heavy-Duty Plastic Storage Bins 4-Pack,Office Supplies,Storage & Organization,2,55.0,110.0,0.0,39.0,East,New York,Buffalo,Credit Card
ORD-2023-14358,2022-01-05,CUST-1408,Sarah Lewis,PROD-FUR-114,High-Back Leather Gaming Chair,Furniture,Chairs & Stools,8,290.0,2320.0,0.0,406.6,North,Minnesota,Minneapolis,Cash on Delivery
ORD-2024-14359,2023-12-15,CUST-1230,Anthony Thomas,PROD-FUR-118,Solid Wood Conference Table,Furniture,Desks & Tables,2,850.0,1700.0,0.0,250.0,East,New York,New York City,Debit Card
ORD-2023-14360,2022-02-03,CUST-1307,Kevin King,PROD-OFF-123,Gel Ink Pens Box of 24,Office Supplies,Paper & Stationary,2,15.0,27.0,0.1,8.5,West,Washington,Seattle,UPI / Net Banking
ORD-2023-14361,2023-02-12,CUST-1259,Robert Perez,PROD-TEC-104,24-Inch IPS FHD Monitor,Technology,Laptops & Monitors,2,180.0,324.0,0.1,67.0,South,North Carolina,Charlotte,Credit Card
ORD-2022-14362,2023-03-13,CUST-1326,Brian Martinez,PROD-TEC-107,USB-C Multi-Port Hub,Technology,Accessories,1,45.0,45.0,0.0,16.25,East,New York,New York City,Debit Card
ORD-2024-14363,2024-04-29,CUST-1405,George Nguyen,PROD-OFF-125,3-Drawer Mobile File Cabinet,Office Supplies,Storage & Organization,1,145.0,137.75,0.05,29.35,North,Michigan,Detroit,Credit Card
ORD-2024-14364,2024-01-24,CUST-1382,Amanda Harris,PROD-TEC-104,24-Inch IPS FHD Monitor,Technology,Laptops & Monitors,2,180.0,360.0,0.0,103.0,West,Washington,Seattle,Debit Card
ORD-2022-14365,2023-04-17,CUST-1299,Edward Miller,PROD-OFF-122,Executive Hardcover Notebook 3-Pack,Office Supplies,Paper & Stationary,6,24.0,144.0,0.0,63.0,East,New York,Buffalo,Credit Card
ORD-2022-14366,2022-07-09,CUST-1169,Andrew Thomas,PROD-OFF-125,3-Drawer Mobile File Cabinet,Office Supplies,Storage & Organization,1,145.0,145.0,0.0,36.6,Central,Texas,Dallas,Credit Card
ORD-2023-14367,2024-02-14,CUST-1220,Daniel Wilson,PROD-TEC-108,HD Pro Webcam 1080p,Technology,Accessories,2,65.0,117.0,0.1,31.4,West,Washington,Seattle,Credit Card
ORD-2023-14368,2024-03-21,CUST-1090,James Hill,PROD-HOM-132,Non-Stick Ceramic Cookware 10-Piece,Home & Kitchen,Cookware & Dining,8,180.0,1440.0,0.0,449.8,South,North Carolina,Charlotte,Credit Card
ORD-2023-14369,2022-07-04,CUST-1402,Michelle Wright,PROD-TEC-107,USB-C Multi-Port Hub,Technology,Accessories,2,45.0,90.0,0.0,35.5,West,California,San Diego,Credit Card
ORD-2023-14370,2022-09-25,CUST-1058,Melissa Scott,PROD-OFF-124,Heavy-Duty Plastic Storage Bins 4-Pack,Office Supplies,Storage & Organization,2,55.0,88.0,0.2,17.0,Central,Ohio,Columbus,Credit Card
ORD-2024-14371,2022-12-04,CUST-1291,Mark Flores,PROD-TEC-109,Noise Canceling Headphones,Technology,Phones & Audio,2,199.0,318.4,0.2,34.8,Central,Texas,Austin,Credit Card
ORD-2024-14372,2023-01-08,CUST-1184,Michael Jones,PROD-HOM-136,Weighted Cooling Blanket 15lbs,Home & Kitchen,Bedding & Decor,4,95.0,380.0,0.0,126.0,West,Washington,Seattle,Debit Card
ORD-2022-14373,2023-05-16,CUST-1108,Donald King,PROD-HOM-130,Programmable Drip Coffee Maker,Home & Kitchen,Appliances,4,75.0,225.0,0.25,23.0,North,Wisconsin,Milwaukee,Credit Card
ORD-2024-14374,2024-03-14,CUST-1037,Joshua White,PROD-TEC-109,Noise Canceling Headphones,Technology,Phones & Audio,5,199.0,995.0,0.0,290.5,West,Oregon,Portland,Debit Card
ORD-2022-14375,2023-11-03,CUST-1107,Betty White,PROD-TEC-104,24-Inch IPS FHD Monitor,Technology,Laptops & Monitors,2,180.0,324.0,0.1,67.0,West,California,Los Angeles,UPI / Net Banking
ORD-2023-14376,2023-02-19,CUST-1296,Ashley Sanchez,PROD-FUR-118,Solid Wood Conference Table,Furniture,Desks & Tables,1,850.0,850.0,0.0,123.5,North,Wisconsin,Milwaukee,Credit Card
ORD-2022-14377,2024-04-22,CUST-1374,Sandra Taylor,PROD-TEC-109,Noise Canceling Headphones,Technology,Phones & Audio,3,199.0,537.3,0.1,113.4,West,California,San Francisco,PayPal
ORD-2023-14378,2024-06-26,CUST-1361,Thomas Garcia,PROD-HOM-131,Compact HEPA Air Purifier,Home & Kitchen,Appliances,1,130.0,104.0,0.2,6.4,East,New York,New York City,Debit Card
ORD-2022-14379,2022-09-12,CUST-1246,Barbara Nguyen,PROD-TEC-101,ProBook 15.6 Inch Laptop,Technology,Laptops & Monitors,1,850.0,807.5,0.05,140.5,Central,Ohio,Columbus,UPI / Net Banking
ORD-2022-14380,2022-05-07,CUST-1116,Dorothy Brown,PROD-TEC-108,HD Pro Webcam 1080p,Technology,Accessories,3,65.0,185.25,0.05,58.35,North,Minnesota,Minneapolis,Debit Card
ORD-2022-14381,2023-09-25,CUST-1415,Susan Thompson,PROD-FUR-114,High-Back Leather Gaming Chair,Furniture,Chairs & Stools,2,290.0,551.0,0.05,70.4,West,Washington,Seattle,UPI / Net Banking
ORD-2023-14382,2022-10-04,CUST-1366,Deborah Williams,PROD-HOM-135,100% Organic Cotton Sheet Set Queen,Home & Kitchen,Bedding & Decor,1,85.0,80.75,0.05,24.05,Central,Ohio,Columbus,UPI / Net Banking
ORD-2024-14383,2023-03-25,CUST-1380,Donna Johnson,PROD-FUR-115,Adjustable Drafting Stool,Furniture,Chairs & Stools,5,110.0,522.5,0.05,102.0,Central,Ohio,Columbus,Credit Card
ORD-2023-14384,2023-02-10,CUST-1087,Elizabeth White,PROD-FUR-120,Modern Modular Bookshelf,Furniture,Bookcases,2,210.0,336.0,0.2,3.4,North,Minnesota,Minneapolis,UPI / Net Banking
ORD-2023-14385,2022-08-27,CUST-1183,Michelle Torres,PROD-OFF-121,Premium Multipurpose Copy Paper 5 Reams,Office Supplies,Paper & Stationary,1,38.0,30.4,0.2,5.5,North,Wisconsin,Milwaukee,Credit Card
ORD-2022-14386,2023-11-15,CUST-1064,Paul Young,PROD-HOM-133,Stainless Steel Chef Knife 8-Inch,Home & Kitchen,Cookware & Dining,2,45.0,76.5,0.15,22.0,Central,Illinois,Chicago,Cash on Delivery
ORD-2023-14387,2022-03-01,CUST-1413,Ashley Lee,PROD-TEC-109,Noise Canceling Headphones,Technology,Phones & Audio,2,199.0,358.2,0.1,74.6,South,Georgia,Atlanta,Debit Card
ORD-2023-14388,2024-01-24,CUST-1182,James Robinson,PROD-FUR-115,Adjustable Drafting Stool,Furniture,Chairs & Stools,4,110.0,418.0,0.05,81.0,West,Washington,Seattle,Credit Card
ORD-2022-14389,2022-08-10,CUST-1381,Karen Torres,PROD-TEC-103,27-Inch 4K UHD Monitor,Technology,Laptops & Monitors,2,350.0,630.0,0.1,121.0,North,Minnesota,Minneapolis,Credit Card
ORD-2024-14390,2023-12-16,CUST-1206,James Perez,PROD-FUR-114,High-Back Leather Gaming Chair,Furniture,Chairs & Stools,2,290.0,580.0,0.0,99.4,Central,Texas,Houston,Cash on Delivery
ORD-2022-14391,2023-08-28,CUST-1171,John Flores,PROD-OFF-122,Executive Hardcover Notebook 3-Pack,Office Supplies,Paper & Stationary,3,24.0,64.8,0.1,22.8,Central,Texas,Houston,Credit Card
ORD-2024-14392,2022-02-28,CUST-1118,John Perez,PROD-HOM-132,Non-Stick Ceramic Cookware 10-Piece,Home & Kitchen,Cookware & Dining,3,180.0,486.0,0.1,112.8,Central,Texas,Dallas,UPI / Net Banking
ORD-2024-14393,2023-10-30,CUST-1109,Donald Davis,PROD-TEC-102,UltraSlim 14 Inch Notebook,Technology,Laptops & Monitors,4,1100.0,3740.0,0.15,433.0,North,Minnesota,Minneapolis,Cash on Delivery
ORD-2023-14394,2023-06-14,CUST-1067,Joshua Hernandez,PROD-TEC-103,27-Inch 4K UHD Monitor,Technology,Laptops & Monitors,2,350.0,700.0,0.0,191.0,West,Washington,Seattle,PayPal
ORD-2023-14395,2022-05-11,CUST-1153,Margaret Scott,PROD-OFF-128,Precision Cutting Mat & Knife Set,Office Supplies,Art & Craft,1,22.0,22.0,0.0,6.56,East,Pennsylvania,Philadelphia,PayPal
ORD-2023-14396,2022-12-03,CUST-1428,Jennifer Jackson,PROD-TEC-109,Noise Canceling Headphones,Technology,Phones & Audio,2,199.0,398.0,0.0,114.4,East,New York,New York City,PayPal
ORD-2024-14397,2022-05-03,CUST-1067,Joshua Hernandez,PROD-TEC-102,UltraSlim 14 Inch Notebook,Technology,Laptops & Monitors,1,1100.0,1100.0,0.0,271.0,Central,Texas,Dallas,Debit Card
ORD-2024-14398,2024-04-12,CUST-1339,Anthony Wright,PROD-TEC-102,UltraSlim 14 Inch Notebook,Technology,Laptops & Monitors,2,1100.0,1980.0,0.1,325.0,West,California,San Francisco,PayPal
ORD-2024-14399,2023-09-11,CUST-1386,Michael Martin,PROD-OFF-127,Professional Acrylic Paint Set,Office Supplies,Art & Craft,1,42.0,42.0,0.0,13.64,South,Georgia,Atlanta,PayPal
ORD-2024-14400,2024-01-07,CUST-1276,Donna Hill,PROD-TEC-106,Mechanical RGB Keyboard,Technology,Accessories,1,75.0,75.0,0.0,22.25,South,North Carolina,Charlotte,PayPal
ORD-2024-14401,2023-01-06,CUST-1044,David Robinson,PROD-OFF-124,Heavy-Duty Plastic Storage Bins 4-Pack,Office Supplies,Storage & Organization,1,55.0,49.5,0.1,12.5,East,Pennsylvania,Philadelphia,Debit Card
ORD-2022-14402,2024-01-17,CUST-1202,Paul Young,PROD-HOM-132,Non-Stick Ceramic Cookware 10-Piece,Home & Kitchen,Cookware & Dining,1,180.0,180.0,0.0,53.6,East,Pennsylvania,Philadelphia,Debit Card
ORD-2022-14403,2024-06-24,CUST-1132,Amanda Miller,PROD-TEC-106,Mechanical RGB Keyboard,Technology,Accessories,2,75.0,142.5,0.05,40.0,East,Pennsylvania,Philadelphia,Credit Card
ORD-2022-14404,2023-08-08,CUST-1037,Joshua White,PROD-FUR-117,Compact Computer Desk,Furniture,Desks & Tables,3,130.0,390.0,0.0,79.8,Central,Texas,Austin,Credit Card
ORD-2022-14405,2024-06-29,CUST-1151,Matthew Taylor,PROD-TEC-103,27-Inch 4K UHD Monitor,Technology,Laptops & Monitors,2,350.0,665.0,0.05,156.0,North,Michigan,Detroit,Credit Card
ORD-2024-14406,2024-03-21,CUST-1109,Donald Davis,PROD-FUR-119,5-Shelf Ladder Bookcase,Furniture,Bookcases,1,140.0,126.0,0.1,17.0,North,Wisconsin,Milwaukee,Cash on Delivery
ORD-2024-14407,2023-08-18,CUST-1310,Michelle Allen,PROD-TEC-110,True Wireless Earbuds,Technology,Phones & Audio,2,89.0,169.1,0.05,48.4,Central,Texas,Austin,Debit Card
ORD-2024-14408,2022-02-10,CUST-1357,Christopher Wilson,PROD-HOM-131,Compact HEPA Air Purifier,Home & Kitchen,Appliances,3,130.0,312.0,0.2,25.2,South,Georgia,Atlanta,Debit Card
ORD-2023-14409,2022-12-28,CUST-1091,Christopher Young,PROD-OFF-124,Heavy-Duty Plastic Storage Bins 4-Pack,Office Supplies,Storage & Organization,2,55.0,99.0,0.1,28.0,West,California,Los Angeles,Debit Card
ORD-2022-14410,2022-12-13,CUST-1012,Richard Wright,PROD-HOM-129,Digital Touchscreen Air Fryer 5.8Qt,Home & Kitchen,Appliances,1,110.0,110.0,0.0,29.0,West,California,Los Angeles,PayPal
ORD-2023-14411,2024-05-27,CUST-1393,Carol Perez,PROD-OFF-125,3-Drawer Mobile File Cabinet,Office Supplies,Storage & Organization,1,145.0,137.75,0.05,29.35,West,California,San Francisco,Credit Card
ORD-2022-14412,2024-03-06,CUST-1422,George Clark,PROD-TEC-111,Bluetooth Conference Speaker,Technology,Phones & Audio,6,120.0,576.0,0.2,77.4,East,New York,Buffalo,PayPal
ORD-2023-14413,2022-04-13,CUST-1212,Linda Jones,PROD-HOM-133,Stainless Steel Chef Knife 8-Inch,Home & Kitchen,Cookware & Dining,1,45.0,22.5,0.5,-6.25,West,California,San Diego,Credit Card
ORD-2024-14414,2023-06-02,CUST-1311,Margaret Scott,PROD-TEC-112,Smart Fitness Watch,Technology,Phones & Audio,2,149.0,253.3,0.15,33.74,East,Pennsylvania,Philadelphia,PayPal
ORD-2022-14415,2024-06-06,CUST-1046,Joshua Scott,PROD-FUR-116,Electric Dual-Motor Standing Desk,Furniture,Desks & Tables,1,450.0,337.5,0.25,-35.5,East,Massachusetts,Boston,UPI / Net Banking
ORD-2024-14416,2023-09-02,CUST-1419,Emily Smith,PROD-TEC-111,Bluetooth Conference Speaker,Technology,Phones & Audio,2,120.0,228.0,0.05,59.8,North,Wisconsin,Milwaukee,Cash on Delivery
ORD-2023-14417,2023-06-27,CUST-1295,Richard Harris,PROD-FUR-120,Modern Modular Bookshelf,Furniture,Bookcases,3,210.0,630.0,0.0,132.6,West,California,Los Angeles,Debit Card
ORD-2024-14418,2022-09-19,CUST-1208,Joshua Taylor,PROD-FUR-116,Electric Dual-Motor Standing Desk,Furniture,Desks & Tables,2,450.0,855.0,0.05,112.0,East,New York,Buffalo,PayPal
ORD-2022-14419,2023-10-22,CUST-1245,Linda Taylor,PROD-FUR-116,Electric Dual-Motor Standing Desk,Furniture,Desks & Tables,3,450.0,1350.0,0.0,237.0,Central,Texas,Dallas,Debit Card
ORD-2024-14420,2023-04-27,CUST-1106,Dorothy Martin,PROD-HOM-129,Digital Touchscreen Air Fryer 5.8Qt,Home & Kitchen,Appliances,3,110.0,330.0,0.0,93.0,Central,Ohio,Columbus,Credit Card
ORD-2024-14421,2023-04-11,CUST-1063,Joseph Rodriguez,PROD-OFF-128,Precision Cutting Mat & Knife Set,Office Supplies,Art & Craft,2,22.0,37.4,0.15,9.52,Central,Texas,Houston,Credit Card
ORD-2023-14422,2023-12-12,CUST-1205,Sarah Williams,PROD-TEC-104,24-Inch IPS FHD Monitor,Technology,Laptops & Monitors,2,180.0,252.0,0.3,-5.0,East,New York,New York City,UPI / Net Banking
ORD-2022-14423,2022-12-17,CUST-1296,Ashley Sanchez,PROD-FUR-114,High-Back Leather Gaming Chair,Furniture,Chairs & Stools,3,290.0,739.5,0.15,20.1,West,California,Los Angeles,Credit Card
ORD-2023-14424,2023-03-07,CUST-1386,Michael Martin,PROD-HOM-129,Digital Touchscreen Air Fryer 5.8Qt,Home & Kitchen,Appliances,5,110.0,550.0,0.0,157.0,East,Pennsylvania,Philadelphia,Debit Card
ORD-2022-14425,2024-03-26,CUST-1376,David Hill,PROD-OFF-127,Professional Acrylic Paint Set,Office Supplies,Art & Craft,1,42.0,35.7,0.15,7.34,Central,Texas,Dallas,UPI / Net Banking
ORD-2022-14426,2022-10-06,CUST-1018,Nancy Moore,PROD-OFF-123,Gel Ink Pens Box of 24,Office Supplies,Paper & Stationary,4,15.0,60.0,0.0,26.0,West,Washington,Seattle,PayPal
ORD-2024-14427,2022-01-19,CUST-1357,Christopher Wilson,PROD-TEC-106,Mechanical RGB Keyboard,Technology,Accessories,2,75.0,105.0,0.3,2.5,South,Georgia,Atlanta,Credit Card
ORD-2024-14428,2023-12-10,CUST-1319,Sarah Lewis,PROD-HOM-135,100% Organic Cotton Sheet Set Queen,Home & Kitchen,Bedding & Decor,4,85.0,340.0,0.0,122.2,East,Pennsylvania,Philadelphia,PayPal
ORD-2023-14429,2022-10-01,CUST-1383,Betty Gonzalez,PROD-HOM-136,Weighted Cooling Blanket 15lbs,Home & Kitchen,Bedding & Decor,4,95.0,361.0,0.05,107.0,West,California,San Diego,Credit Card
ORD-2024-14430,2023/02/24,CUST-1108,Donald King,PROD-FUR-116,Electric Dual-Motor Standing Desk,Furniture,Desks & Tables,1,450.0,450.0,0.0,77.0,East,Pennsylvania,Philadelphia,Debit Card
ORD-2024-14431,2022-12-16,CUST-1111,Robert Perez,PROD-TEC-101,ProBook 15.6 Inch Laptop,Technology,Laptops & Monitors,5,850.0,4250.0,0.0,927.0,East,Massachusetts,Boston,UPI / Net Banking
ORD-2022-14432,2023-05-02,CUST-1200,Susan Perez,PROD-OFF-121,Premium Multipurpose Copy Paper 5 Reams,Office Supplies,Paper & Stationary,3,38.0,85.5,0.25,16.8,East,Massachusetts,Boston,Credit Card
ORD-2022-14433,2024-01-24,CUST-1331,Anthony Brown,PROD-OFF-128,Precision Cutting Mat & Knife Set,Office Supplies,Art & Craft,2,22.0,39.6,0.1,11.72,West,Washington,Seattle,Debit Card
ORD-2024-14434,2022-07-11,CUST-1399,Margaret Lopez,PROD-HOM-130,Programmable Drip Coffee Maker,Home & Kitchen,Appliances,1,75.0,71.25,0.05,18.5,Central,Texas,Dallas,Debit Card
ORD-2023-14435,2022-07-21,CUST-1355,Barbara Brown,PROD-OFF-124,Heavy-Duty Plastic Storage Bins 4-Pack,Office Supplies,Storage & Organization,3,55.0,156.75,0.05,51.75,West,California,Los Angeles,Credit Card
ORD-2022-14436,2023-05-05,CUST-1254,Richard Taylor,PROD-HOM-130,Programmable Drip Coffee Maker,Home & Kitchen,Appliances,2,75.0,150.0,0.0,47.5,Central,Ohio,Columbus,UPI / Net Banking
ORD-2022-14437,2023-08-24,CUST-1058,Melissa Scott,PROD-OFF-125,3-Drawer Mobile File Cabinet,Office Supplies,Storage & Organization,2,145.0,290.0,0.0,76.2,North,Michigan,Detroit,Credit Card
ORD-2022-14438,2022-12-18,CUST-1311,Margaret Scott,PROD-TEC-112,Smart Fitness Watch,Technology,Phones & Audio,1,149.0,149.0,0.0,37.72,South,Georgia,Atlanta,Credit Card
ORD-2022-14439,2023-05-07,CUST-1320,Robert Jackson,PROD-HOM-133,Stainless Steel Chef Knife 8-Inch,Home & Kitchen,Cookware & Dining,2,45.0,85.5,0.05,31.0,East,New York,Buffalo,Credit Card
ORD-2024-14440,2022-11-12,CUST-1423,Ashley Scott,PROD-TEC-102,UltraSlim 14 Inch Notebook,Technology,Laptops & Monitors,3,1100.0,2970.0,0.1,489.0,East,New York,Buffalo,Credit Card
ORD-2024-14441,2024/05/31,CUST-1367,Edward Johnson,PROD-TEC-112,Smart Fitness Watch,Technology,Phones & Audio,3,149.0,379.95,0.15,52.11,West,California,San Diego,Debit Card
ORD-2024-14442,2022-12-27,CUST-1313,Melissa Walker,PROD-TEC-108,HD Pro Webcam 1080p,Technology,Accessories,1,65.0,65.0,0.0,20.7,East,New York,New York City,PayPal
ORD-2022-14443,2022-03-11,CUST-1055,Betty Robinson,PROD-HOM-135,100% Organic Cotton Sheet Set Queen,Home & Kitchen,Bedding & Decor,2,85.0,144.5,0.15,34.1,Central,Texas,Houston,PayPal
ORD-2024-14444,2022-12-24,CUST-1050,Christopher Sanchez,PROD-TEC-106,Mechanical RGB Keyboard,Technology,Accessories,1,75.0,75.0,0.0,22.25,North,Wisconsin,Milwaukee,PayPal
ORD-2022-14445,2023-01-12,CUST-1309,Christopher Lewis,PROD-OFF-125,3-Drawer Mobile File Cabinet,Office Supplies,Storage & Organization,4,145.0,580.0,0.0,155.4,West,Washington,Seattle,PayPal
ORD-2023-14446,2024-04-26,CUST-1097,George Young,PROD-HOM-136,Weighted Cooling Blanket 15lbs,Home & Kitchen,Bedding & Decor,1,95.0,90.25,0.05,24.5,West,California,San Francisco,Credit Card
ORD-2022-14447,2023-06-27,CUST-1257,Steven Gonzalez,PROD-FUR-120,Modern Modular Bookshelf,Furniture,Bookcases,1,210.0,210.0,0.0,42.2,East,Massachusetts,Boston,Debit Card
ORD-2023-14448,2022-02-24,CUST-1377,Kenneth Davis,PROD-FUR-116,Electric Dual-Motor Standing Desk,Furniture,Desks & Tables,1,450.0,450.0,0.0,77.0,South,Florida,Miami,Debit Card
ORD-2022-14449,2023-04-10,CUST-1295,Richard Harris,PROD-FUR-114,High-Back Leather Gaming Chair,Furniture,Chairs & Stools,2,290.0,522.0,0.1,41.4,North,Michigan,Detroit,Credit Card
ORD-2023-14450,2023-03-31,CUST-1317,Deborah King,PROD-TEC-110,True Wireless Earbuds,Technology,Phones & Audio,2,89.0,160.2,0.1,39.5,West,California,San Diego,PayPal
ORD-2024-14451,2023-04-23,CUST-1074,Amanda Davis,PROD-OFF-126,Desktop Document Organizer,Office Supplies,Storage & Organization,8,28.0,168.0,0.25,33.8,West,Oregon,Portland,Credit Card
ORD-2024-14452,2023-06-24,CUST-1292,Deborah Jones,PROD-FUR-118,Solid Wood Conference Table,Furniture,Desks & Tables,6,850.0,4845.0,0.05,501.0,East,New York,New York City,PayPal
ORD-2023-14453,2022-09-21,CUST-1255,John Ramirez,PROD-HOM-135,100% Organic Cotton Sheet Set Queen,Home & Kitchen,Bedding & Decor,1,85.0,85.0,0.0,28.3,South,North Carolina,Charlotte,Credit Card
ORD-2022-14454,2023-09-04,CUST-1194,Karen Miller,PROD-OFF-125,3-Drawer Mobile File Cabinet,Office Supplies,Storage & Organization,1,145.0,145.0,0.0,36.6,Central,Texas,Austin,Credit Card
ORD-2024-14455,2023-06-11,CUST-1026,Steven Davis,PROD-TEC-110,True Wireless Earbuds,Technology,Phones & Audio,2,89.0,160.2,0.1,39.5,South,Florida,Miami,Credit Card
ORD-2024-14456,2022-03-12,CUST-1069,Kenneth Jones,PROD-FUR-118,Solid Wood Conference Table,Furniture,Desks & Tables,4,850.0,3400.0,0.0,503.0,Central,Texas,Houston,Debit Card
ORD-2023-14457,2023-06-26,CUST-1052,Susan Torres,PROD-FUR-119,5-Shelf Ladder Bookcase,Furniture,Bookcases,1,140.0,126.0,0.1,17.0,East,Massachusetts,Boston,Credit Card
ORD-2022-14458,2023-11-09,CUST-1041,Brian Jones,PROD-TEC-102,UltraSlim 14 Inch Notebook,Technology,Laptops & Monitors,2,1100.0,1980.0,0.1,325.0,East,New York,New York City,Credit Card
ORD-2022-14459,2024-04-12,CUST-1113,Emily Anderson,PROD-HOM-131,Compact HEPA Air Purifier,Home & Kitchen,Appliances,1,130.0,123.5,0.05,25.9,West,California,Los Angeles,Credit Card
ORD-2023-14460,2023-08-04,CUST-1098,Robert Wright,PROD-TEC-106,Mechanical RGB Keyboard,Technology,Accessories,1,75.0,71.25,0.05,18.5,South,North Carolina,Charlotte,PayPal
ORD-2022-14461,2023-12-24,CUST-1359,Nancy Harris,PROD-HOM-129,Digital Touchscreen Air Fryer 5.8Qt,Home & Kitchen,Appliances,4,110.0,440.0,0.0,125.0,North,Michigan,Detroit,Credit Card
ORD-2022-14462,2024-05-11,CUST-1448,Kenneth Jackson,PROD-TEC-101,ProBook 15.6 Inch Laptop,Technology,Laptops & Monitors,10,850.0,8500.0,0.0,1857.0,West,California,Los Angeles,Credit Card
ORD-2024-14463,2023-09-24,CUST-1437,Brian Robinson,PROD-TEC-111,Bluetooth Conference Speaker,Technology,Phones & Audio,2,120.0,204.0,0.15,35.8,South,Florida,Orlando,Cash on Delivery
ORD-2022-14464,2023-06-21,CUST-1196,Linda Miller,PROD-OFF-122,Executive Hardcover Notebook 3-Pack,Office Supplies,Paper & Stationary,3,24.0,68.4,0.05,26.4,East,Pennsylvania,Philadelphia,Cash on Delivery
ORD-2023-14465,2024-05-25,CUST-1044,David Robinson,PROD-FUR-118,Solid Wood Conference Table,Furniture,Desks & Tables,2,850.0,1530.0,0.1,80.0,West,California,San Francisco,Debit Card
ORD-2024-14466,2023-12-30,CUST-1437,Brian Robinson,PROD-TEC-102,UltraSlim 14 Inch Notebook,Technology,Laptops & Monitors,6,1100.0,6600.0,0.0,1641.0,West,California,Los Angeles,Credit Card
ORD-2022-14467,2023-12-26,CUST-1058,Melissa Scott,PROD-OFF-121,Premium Multipurpose Copy Paper 5 Reams,Office Supplies,Paper & Stationary,4,38.0,152.0,0.0,61.4,East,Massachusetts,Boston,Credit Card
ORD-2024-14468,2024-06-02,CUST-1141,Robert Lewis,PROD-HOM-132,Non-Stick Ceramic Cookware 10-Piece,Home & Kitchen,Cookware & Dining,2,180.0,342.0,0.05,92.2,East,Massachusetts,Boston,Cash on Delivery
ORD-2023-14469,2023-01-21,CUST-1077,Deborah Perez,PROD-OFF-121,Premium Multipurpose Copy Paper 5 Reams,Office Supplies,Paper & Stationary,6,38.0,228.0,0.0,93.6,South,North Carolina,Charlotte,Debit Card
ORD-2022-14470,2023-02-01,CUST-1303,Sandra Brown,PROD-FUR-117,Compact Computer Desk,Furniture,Desks & Tables,1,130.0,130.0,0.0,24.6,West,Oregon,Portland,Debit Card
ORD-2022-14471,2024-01-27,CUST-1266,Brian Jackson,PROD-TEC-111,Bluetooth Conference Speaker,Technology,Phones & Audio,1,120.0,102.0,0.15,16.4,West,Washington,Seattle,PayPal
ORD-2022-14472,2023-01-27,CUST-1029,Joshua Flores,PROD-OFF-124,Heavy-Duty Plastic Storage Bins 4-Pack,Office Supplies,Storage & Organization,1,55.0,52.25,0.05,15.25,West,Oregon,Portland,Debit Card
ORD-2023-14473,2022-02-13,CUST-1286,Edward Thomas,PROD-TEC-111,Bluetooth Conference Speaker,Technology,Phones & Audio,4,120.0,408.0,0.15,74.6,West,Washington,Seattle,PayPal
ORD-2023-14474,2024-01-22,CUST-1149,Patricia Hernandez,PROD-TEC-106,Mechanical RGB Keyboard,Technology,Accessories,6,75.0,405.0,0.1,103.5,East,Pennsylvania,Philadelphia,PayPal
ORD-2022-14475,2024-02-06,CUST-1208,Joshua Taylor,PROD-HOM-132,Non-Stick Ceramic Cookware 10-Piece,Home & Kitchen,Cookware & Dining,1,180.0,144.0,0.2,17.6,West,California,Los Angeles,Credit Card
ORD-2022-14476,2022-08-21,CUST-1225,Melissa Martinez,PROD-HOM-133,Stainless Steel Chef Knife 8-Inch,Home & Kitchen,Cookware & Dining,1,45.0,45.0,0.0,16.25,North,Wisconsin,Milwaukee,Credit Card
ORD-2023-14477,2022-02-14,CUST-1151,Matthew Taylor,PROD-TEC-110,True Wireless Earbuds,Technology,Phones & Audio,2,89.0,133.5,0.25,12.8,West,California,San Diego,Debit Card
ORD-2022-14478,2023-04-01,CUST-1196,Linda Miller,PROD-HOM-135,100% Organic Cotton Sheet Set Queen,Home & Kitchen,Bedding & Decor,2,85.0,161.5,0.05,51.1,East,New York,New York City,Credit Card
ORD-2023-14479,2023-01-04,CUST-1296,Ashley Sanchez,PROD-HOM-131,Compact HEPA Air Purifier,Home & Kitchen,Appliances,3,130.0,292.5,0.25,5.7,East,New York,Buffalo,Credit Card
ORD-2024-14480,2022-04-18,CUST-1350,Mary Sanchez,PROD-TEC-104,24-Inch IPS FHD Monitor,Technology,Laptops & Monitors,2,180.0,306.0,0.15,49.0,West,California,San Diego,UPI / Net Banking
ORD-2023-14481,2023-03-19,CUST-1008,Mary Garcia,PROD-TEC-106,Mechanical RGB Keyboard,Technology,Accessories,1,75.0,56.25,0.25,3.5,Central,Texas,Dallas,PayPal
ORD-2023-14482,2023-04-30,CUST-1284,Kevin Flores,PROD-FUR-117,Compact Computer Desk,Furniture,Desks & Tables,2,130.0,221.0,0.15,13.2,East,New York,Buffalo,Credit Card
ORD-2023-14483,2023-05-10,CUST-1247,Thomas Williams,PROD-TEC-103,27-Inch 4K UHD Monitor,Technology,Laptops & Monitors,2,350.0,560.0,0.2,51.0,South,North Carolina,Charlotte,Debit Card
ORD-2022-14484,2023-07-21,CUST-1389,John Thompson,PROD-FUR-115,Adjustable Drafting Stool,Furniture,Chairs & Stools,2,110.0,220.0,0.0,50.0,South,Georgia,Atlanta,PayPal
ORD-2022-14485,2022-04-24,CUST-1186,Paul Taylor,PROD-TEC-111,Bluetooth Conference Speaker,Technology,Phones & Audio,3,120.0,342.0,0.05,91.2,North,Minnesota,Minneapolis,UPI / Net Banking
ORD-2023-14486,2022-10-15,CUST-1402,Michelle Wright,PROD-TEC-104,24-Inch IPS FHD Monitor,Technology,Laptops & Monitors,3,180.0,540.0,0.0,156.0,Central,Ohio,Columbus,Debit Card
ORD-2023-14487,2024-04-07,CUST-1147,Ashley Walker,PROD-HOM-130,Programmable Drip Coffee Maker,Home & Kitchen,Appliances,2,75.0,150.0,0.0,47.5,West,Washington,Seattle,Debit Card
ORD-2024-14488,2024-03-03,CUST-1085,Joshua Allen,PROD-OFF-122,Executive Hardcover Notebook 3-Pack,Office Supplies,Paper & Stationary,2,24.0,48.0,0.0,19.0,South,North Carolina,Charlotte,Debit Card
ORD-2024-14489,2023-07-07,CUST-1020,Edward Perez,PROD-TEC-110,True Wireless Earbuds,Technology,Phones & Audio,1,89.0,89.0,0.0,27.15,South,Georgia,Atlanta,PayPal
ORD-2022-14490,2024-01-05,CUST-1025,John Robinson,PROD-OFF-126,Desktop Document Organizer,Office Supplies,Storage & Organization,1,28.0,21.0,0.25,1.6,East,New York,Buffalo,Cash on Delivery
ORD-2024-14491,2022-04-19,CUST-1163,David Brown,PROD-TEC-108,HD Pro Webcam 1080p,Technology,Accessories,1,65.0,65.0,0.0,20.7,West,Washington,Seattle,Credit Card
ORD-2024-14492,2023-02-20,CUST-1449,Michael Gonzalez,PROD-OFF-123,Gel Ink Pens Box of 24,Office Supplies,Paper & Stationary,2,15.0,25.5,0.15,7.0,South,North Carolina,Charlotte,Debit Card
ORD-2023-14493,2022-09-07,CUST-1442,Melissa Wright,PROD-OFF-125,3-Drawer Mobile File Cabinet,Office Supplies,Storage & Organization,2,145.0,290.0,0.0,76.2,East,Massachusetts,Boston,Debit Card
ORD-2023-14494,2023-01-04,CUST-1024,Kenneth Taylor,PROD-HOM-136,Weighted Cooling Blanket 15lbs,Home & Kitchen,Bedding & Decor,1,95.0,85.5,0.1,19.75,Central,Illinois,Chicago,Credit Card
ORD-2022-14495,2024-04-22,CUST-1333,Matthew Nguyen,PROD-HOM-136,Weighted Cooling Blanket 15lbs,Home & Kitchen,Bedding & Decor,2,95.0,190.0,0.0,61.5,West,Washington,Seattle,PayPal
ORD-2022-14496,2024-02-12,CUST-1029,Joshua Flores,PROD-TEC-104,24-Inch IPS FHD Monitor,Technology,Laptops & Monitors,2,180.0,360.0,0.0,103.0,Central,Illinois,Chicago,Credit Card
ORD-2022-14497,2024-05-22,CUST-1365,Joseph Jones,PROD-FUR-115,Adjustable Drafting Stool,Furniture,Chairs & Stools,3,110.0,313.5,0.05,60.0,West,California,Los Angeles,UPI / Net Banking
ORD-2024-14498,2024-01-02,CUST-1213,Brian Martinez,PROD-TEC-101,ProBook 15.6 Inch Laptop,Technology,Laptops & Monitors,3,850.0,2550.0,0.0,555.0,West,Oregon,Portland,UPI / Net Banking
ORD-2024-14499,2024-06-01,CUST-1435,Melissa Scott,PROD-FUR-116,Electric Dual-Motor Standing Desk,Furniture,Desks & Tables,1,450.0,427.5,0.05,54.5,Central,Texas,Dallas,Debit Card
ORD-2022-14500,2023-10-13,CUST-1426,Carol Young,PROD-OFF-121,Premium Multipurpose Copy Paper 5 Reams,Office Supplies,Paper & Stationary,3,38.0,102.6,0.1,33.9,Central,Ohio,Columbus,PayPal
ORD-2024-14501,2022-01-25,CUST-1082,Paul Lopez,PROD-HOM-130,Programmable Drip Coffee Maker,Home & Kitchen,Appliances,3,75.0,213.75,0.05,61.5,West,Washington,Seattle,PayPal
ORD-2023-14502,2023-10-08,CUST-1408,Sarah Lewis,PROD-TEC-104,24-Inch IPS FHD Monitor,Technology,Laptops & Monitors,4,180.0,720.0,0.0,209.0,West,California,Los Angeles,UPI / Net Banking
ORD-2023-14503,2022-08-03,CUST-1278,Sandra Lewis,PROD-HOM-133,Stainless Steel Chef Knife 8-Inch,Home & Kitchen,Cookware & Dining,2,45.0,90.0,0.0,35.5,Central,Illinois,Chicago,Cash on Delivery
ORD-2024-14504,2022-11-30,CUST-1402,Michelle Wright,PROD-TEC-101,ProBook 15.6 Inch Laptop,Technology,Laptops & Monitors,4,850.0,3060.0,0.1,401.0,East,Massachusetts,Boston,UPI / Net Banking
ORD-2024-14505,2023-01-05,CUST-1038,David White,PROD-OFF-121,Premium Multipurpose Copy Paper 5 Reams,Office Supplies,Paper & Stationary,2,38.0,60.8,0.2,14.0,West,California,San Diego,Credit Card
ORD-2023-14506,2023-07-21,CUST-1262, George Martin ,PROD-HOM-131,Compact HEPA Air Purifier,Home & Kitchen,Appliances,2,130.0,260.0,0.0,67.8,Central,Texas,Austin,Cash on Delivery
ORD-2022-14507,2024-06-17,CUST-1272,Karen Sanchez,PROD-FUR-118,Solid Wood Conference Table,Furniture,Desks & Tables,3,850.0,2040.0,0.2,-133.5,West,California,Los Angeles,PayPal
ORD-2024-14508,2024-04-24,CUST-1002,Mary Moore,PROD-HOM-132,Non-Stick Ceramic Cookware 10-Piece,Home & Kitchen,Cookware & Dining,4,180.0,648.0,0.1,151.4,West,California,San Diego,Debit Card
ORD-2023-14509,2023-08-18,CUST-1310,Michelle Allen,PROD-FUR-114,High-Back Leather Gaming Chair,Furniture,Chairs & Stools,3,290.0,870.0,0.0,150.6,South,Florida,Orlando,Cash on Delivery
ORD-2023-14510,2023-07-30,CUST-1293,Sandra Clark,PROD-FUR-117,Compact Computer Desk,Furniture,Desks & Tables,2,130.0,234.0,0.1,26.2,South,North Carolina,Charlotte,PayPal
ORD-2024-14511,2023-01-14,CUST-1092,Mary Davis,PROD-FUR-114,High-Back Leather Gaming Chair,Furniture,Chairs & Stools,2,290.0,464.0,0.2,-16.6,West,Oregon,Portland,Credit Card
ORD-2023-14512,2022-03-24,CUST-1077,Deborah Perez,PROD-FUR-120,Modern Modular Bookshelf,Furniture,Bookcases,4,210.0,756.0,0.1,93.8,South,Florida,Miami,Credit Card
ORD-2023-14513,2023-07-03,CUST-1417,Sarah Hill,PROD-TEC-105,Wireless Ergonomic Mouse,Technology,Accessories,1,35.0,26.25,0.25,1.25,East,New York,Buffalo,PayPal
ORD-2023-14514,2022-12-25,CUST-1348,Sandra Rodriguez,PROD-FUR-113,Ergonomic Executive Mesh Chair,Furniture,Chairs & Stools,4,240.0,864.0,0.1,89.0,East,New York,New York City,PayPal
ORD-2023-14515,2023-01-17,CUST-1216,Emily Martinez,PROD-HOM-136,Weighted Cooling Blanket 15lbs,Home & Kitchen,Bedding & Decor,5,95.0,451.25,0.05,134.5,West,California,Los Angeles,Debit Card
ORD-2023-14516,2023-12-20,CUST-1120,Jessica Moore,PROD-TEC-107,USB-C Multi-Port Hub,Technology,Accessories,1,45.0,36.0,0.2,7.25,South,North Carolina,Charlotte,Cash on Delivery
ORD-2024-14517,2024-02-17,CUST-1024, Kenneth Taylor ,PROD-TEC-109,Noise Canceling Headphones,Technology,Phones & Audio,2,199.0,338.3,0.15,54.7,East,New York,Buffalo,PayPal
ORD-2024-14518,2023-06-22,CUST-1324,William Martinez,PROD-FUR-116,Electric Dual-Motor Standing Desk,Furniture,Desks & Tables,3,450.0,1080.0,0.2,-33.0,South,Florida,Miami,UPI / Net Banking
ORD-2024-14519,2023-11-06,CUST-1079,Margaret Hernandez,PROD-HOM-132,Non-Stick Ceramic Cookware 10-Piece,Home & Kitchen,Cookware & Dining,4,180.0,576.0,0.2,79.4,East,New York,New York City,UPI / Net Banking
ORD-2023-14520,2023-01-24,CUST-1220,Daniel Wilson,PROD-HOM-133,Stainless Steel Chef Knife 8-Inch,Home & Kitchen,Cookware & Dining,3,45.0,135.0,0.0,54.75,East,Pennsylvania,Philadelphia,PayPal
ORD-2023-14521,2022-11-19,CUST-1245,Linda Taylor,PROD-HOM-133,Stainless Steel Chef Knife 8-Inch,Home & Kitchen,Cookware & Dining,1,45.0,42.75,0.05,14.0,Central,Ohio,Columbus,UPI / Net Banking
ORD-2023-14522,2022-07-18,CUST-1272,Karen Sanchez,PROD-TEC-104,24-Inch IPS FHD Monitor,Technology,Laptops & Monitors,4,180.0,684.0,0.05,173.0,West,Oregon,Portland,Credit Card
ORD-2024-14523,2023-04-17,CUST-1016,Edward Hernandez,PROD-TEC-106,Mechanical RGB Keyboard,Technology,Accessories,2,75.0,150.0,0.0,47.5,North,Wisconsin,Milwaukee,Debit Card
ORD-2024-14524,2023-04-23,CUST-1186,Paul Taylor,PROD-TEC-107,USB-C Multi-Port Hub,Technology,Accessories,1,45.0,45.0,0.0,16.25,Central,Ohio,Columbus,Debit Card
ORD-2024-14525,2024-04-29,CUST-1212,Linda Jones,PROD-FUR-113,Ergonomic Executive Mesh Chair,Furniture,Chairs & Stools,1,240.0,168.0,0.3,-28.0,West,Washington,Seattle,Credit Card
ORD-2023-14526,2023-07-12,CUST-1294, Joshua Torres ,PROD-OFF-125,3-Drawer Mobile File Cabinet,Office Supplies,Storage & Organization,1,145.0,137.75,0.05,29.35,East,New York,New York City,Credit Card
ORD-2024-14527,2022-03-06,CUST-1449,Michael Gonzalez,PROD-TEC-111,Bluetooth Conference Speaker,Technology,Phones & Audio,2,120.0,216.0,0.1,47.8,East,Massachusetts,Boston,Credit Card
ORD-2023-14528,2023-01-22,CUST-1166,Kenneth Jones,PROD-HOM-133,Stainless Steel Chef Knife 8-Inch,Home & Kitchen,Cookware & Dining,2,45.0,90.0,0.0,35.5,West,California,Los Angeles,Credit Card
ORD-2023-14529,2022-04-14,CUST-1341, Kenneth Anderson ,PROD-HOM-130,Programmable Drip Coffee Maker,Home & Kitchen,Appliances,1,75.0,71.25,0.05,18.5,East,Massachusetts,Boston,Credit Card
ORD-2024-14530,2022-01-05,CUST-1317,Deborah King,PROD-HOM-135,100% Organic Cotton Sheet Set Queen,Home & Kitchen,Bedding & Decor,2,85.0,127.5,0.25,17.1,Central,Texas,Austin,PayPal
ORD-2022-14531,2024-04-19,CUST-1409,Jessica Robinson,PROD-FUR-118,Solid Wood Conference Table,Furniture,Desks & Tables,4,850.0,2380.0,0.3,-517.0,South,Florida,Orlando,Debit Card
ORD-2023-14532,2024-01-24,CUST-1325,Joseph Harris,PROD-TEC-109,Noise Canceling Headphones,Technology,Phones & Audio,2,199.0,398.0,0.0,114.4,Central,Texas,Dallas,Cash on Delivery
ORD-2023-14533,2023-12-22,CUST-1217,Margaret Rodriguez,PROD-OFF-127,Professional Acrylic Paint Set,Office Supplies,Art & Craft,2,42.0,75.6,0.1,21.88,West,California,San Diego,Debit Card
ORD-2023-14534,2022-08-16,CUST-1328,Robert Clark,PROD-TEC-102,UltraSlim 14 Inch Notebook,Technology,Laptops & Monitors,2,1100.0,2090.0,0.05,435.0,West,Oregon,Portland,PayPal
ORD-2024-14535,2024-03-05,CUST-1172,Jennifer Clark,PROD-FUR-116,Electric Dual-Motor Standing Desk,Furniture,Desks & Tables,4,450.0,1440.0,0.2,-43.0,East,Massachusetts,Boston,UPI / Net Banking
ORD-2023-14536,2022-03-24,CUST-1171,John Flores,PROD-OFF-121,Premium Multipurpose Copy Paper 5 Reams,Office Supplies,Paper & Stationary,1,38.0,38.0,0.0,13.1,Central,Texas,Dallas,Credit Card
ORD-2022-14537,2022-10-18,CUST-1420,Kimberly Gonzalez,PROD-TEC-111,Bluetooth Conference Speaker,Technology,Phones & Audio,1,120.0,120.0,0.0,34.4,Central,Illinois,Chicago,Credit Card
ORD-2024-14538,2022-10-10,CUST-1370,Elizabeth Thomas,PROD-FUR-117,Compact Computer Desk,Furniture,Desks & Tables,3,130.0,351.0,0.1,40.8,South,Florida,Orlando,UPI / Net Banking
ORD-2022-14539,2022-12-27,CUST-1333,Matthew Nguyen,PROD-HOM-131,Compact HEPA Air Purifier,Home & Kitchen,Appliances,2,130.0,260.0,0.0,67.8,West,Washington,Seattle,Debit Card
ORD-2024-14540,2022-10-08,CUST-1367,Edward Johnson,PROD-OFF-126,Desktop Document Organizer,Office Supplies,Storage & Organization,3,28.0,84.0,0.0,31.8,West,California,San Diego,PayPal
ORD-2023-14541,2022-05-23,CUST-1060,Melissa Nguyen,PROD-HOM-132,Non-Stick Ceramic Cookware 10-Piece,Home & Kitchen,Cookware & Dining,3,180.0,486.0,0.1,112.8,South,Georgia,Atlanta,PayPal
ORD-2023-14542,2022-06-03,CUST-1135,Michael Thomas,PROD-OFF-122,Executive Hardcover Notebook 3-Pack,Office Supplies,Paper & Stationary,3,24.0,68.4,0.05,26.4,North,Wisconsin,Milwaukee,Debit Card
ORD-2023-14543,2022-06-15,CUST-1070,Matthew Harris,PROD-OFF-127,Professional Acrylic Paint Set,Office Supplies,Art & Craft,1,42.0,42.0,0.0,13.64,Central,Texas,Dallas,UPI / Net Banking
ORD-2023-14544,2022-04-17,CUST-1117,Joseph Jones,PROD-HOM-134,Insulated Stainless Steel Tumbler 30oz,Home & Kitchen,Cookware & Dining,1,25.0,25.0,0.0,8.5,South,Florida,Orlando,UPI / Net Banking
ORD-2022-14545,2022-08-31,CUST-1316,Joshua Moore,PROD-TEC-109,Noise Canceling Headphones,Technology,Phones & Audio,1,199.0,199.0,0.0,55.7,Central,Texas,Houston,Credit Card
ORD-2024-14546,2024-06-21,CUST-1130,Anthony Robinson,PROD-OFF-128,Precision Cutting Mat & Knife Set,Office Supplies,Art & Craft,4,22.0,88.0,0.0,35.24,East,Massachusetts,Boston,Credit Card
ORD-2023-14547,2023-01-17,CUST-1255,John Ramirez,PROD-FUR-118,Solid Wood Conference Table,Furniture,Desks & Tables,1,850.0,850.0,0.0,123.5,East,New York,New York City,PayPal
ORD-2024-14548,2022-06-14,CUST-1211,Emily Smith,PROD-TEC-110,True Wireless Earbuds,Technology,Phones & Audio,1,89.0,66.75,0.25,4.9,West,Washington,Seattle,PayPal
ORD-2022-14549,2024-04-21,CUST-1220,Daniel Wilson,PROD-OFF-127,Professional Acrylic Paint Set,Office Supplies,Art & Craft,1,42.0,42.0,0.0,13.64,Central,Texas,Austin,Debit Card
ORD-2024-14550,2024-03-12,CUST-1019,Elizabeth Wilson,PROD-TEC-106,Mechanical RGB Keyboard,Technology,Accessories,3,75.0,191.25,0.15,39.0,Central,Illinois,Chicago,Debit Card
ORD-2023-14551,2022-11-13,CUST-1174,Andrew King,PROD-FUR-120,Modern Modular Bookshelf,Furniture,Bookcases,5,210.0,945.0,0.1,118.0,North,Wisconsin,Milwaukee,PayPal
ORD-2023-14552,2022-05-14,CUST-1336,Matthew Walker,PROD-HOM-132,Non-Stick Ceramic Cookware 10-Piece,Home & Kitchen,Cookware & Dining,1,180.0,180.0,0.0,53.6,Central,Texas,Austin,PayPal
ORD-2023-14553,2022-07-05,CUST-1421,Jennifer Thomas,PROD-TEC-109,Noise Canceling Headphones,Technology,Phones & Audio,2,199.0,338.3,0.15,54.7,West,California,San Diego,Credit Card
ORD-2022-14554,2022-02-27,CUST-1256,James King,PROD-FUR-113,Ergonomic Executive Mesh Chair,Furniture,Chairs & Stools,1,240.0,228.0,0.05,32.0,Central,Texas,Houston,Credit Card
ORD-2022-14555,2022-02-16,CUST-1384,Robert Nguyen,PROD-HOM-129,Digital Touchscreen Air Fryer 5.8Qt,Home & Kitchen,Appliances,3,110.0,330.0,0.0,93.0,East,New York,New York City,PayPal
ORD-2023-14556,2022-04-06,CUST-1110,Jessica Anderson,PROD-FUR-117,Compact Computer Desk,Furniture,Desks & Tables,2,130.0,234.0,0.1,26.2,South,Florida,Miami,UPI / Net Banking
ORD-2023-14557,2023-03-07,CUST-1404,Sandra Ramirez,PROD-FUR-117,Compact Computer Desk,Furniture,Desks & Tables,1,130.0,123.5,0.05,18.1,South,Florida,Orlando,PayPal
ORD-2023-14558,2023-11-21,CUST-1352,Kevin Johnson,PROD-OFF-123,Gel Ink Pens Box of 24,Office Supplies,Paper & Stationary,4,15.0,60.0,0.0,26.0,East,New York,New York City,Debit Card
ORD-2023-14559,2022-03-23,CUST-1042,Kenneth Hernandez,PROD-OFF-127,Professional Acrylic Paint Set,Office Supplies,Art & Craft,3,42.0,126.0,0.0,46.92,East,New York,New York City,PayPal
ORD-2024-14560,2023-07-05,CUST-1370,Elizabeth Thomas,PROD-HOM-132,Non-Stick Ceramic Cookware 10-Piece,Home & Kitchen,Cookware & Dining,1,180.0,180.0,0.0,53.6,East,Pennsylvania,Philadelphia,Credit Card
ORD-2024-14561,2022-07-11,CUST-1031,Richard Jones,PROD-FUR-117,Compact Computer Desk,Furniture,Desks & Tables,2,130.0,260.0,0.0,52.2,East,New York,New York City,Credit Card
ORD-2022-14562,2024-02-21,CUST-1117,Joseph Jones,PROD-TEC-104,24-Inch IPS FHD Monitor,Technology,Laptops & Monitors,1,180.0,162.0,0.1,32.0,East,New York,New York City,Debit Card
ORD-2024-14563,2022-05-18,CUST-1309,Christopher Lewis,PROD-HOM-132,Non-Stick Ceramic Cookware 10-Piece,Home & Kitchen,Cookware & Dining,1,180.0,180.0,0.0,53.6,East,Massachusetts,Boston,Credit Card
ORD-2022-14564,2023-08-31,CUST-1360,Sarah Clark,PROD-FUR-120,Modern Modular Bookshelf,Furniture,Bookcases,3,210.0,598.5,0.05,101.1,South,Georgia,Atlanta,Credit Card
ORD-2024-14565,2022-10-17,CUST-1450,Charles Anderson,PROD-TEC-104,24-Inch IPS FHD Monitor,Technology,Laptops & Monitors,1,180.0,180.0,0.0,50.0,South,Georgia,Atlanta,Credit Card
ORD-2023-14566,2024-01-07,CUST-1141,Robert Lewis,PROD-HOM-131,Compact HEPA Air Purifier,Home & Kitchen,Appliances,2,130.0,260.0,0.0,67.8,East,New York,Buffalo,UPI / Net Banking
ORD-2022-14567,2023-07-31,CUST-1408,Sarah Lewis,PROD-TEC-101,ProBook 15.6 Inch Laptop,Technology,Laptops & Monitors,2,850.0,1445.0,0.15,114.0,Central,Texas,Dallas,Debit Card
ORD-2024-14568,2023-03-29,CUST-1287,Amanda Martin,PROD-FUR-119,5-Shelf Ladder Bookcase,Furniture,Bookcases,1,140.0,126.0,0.1,17.0,East,Pennsylvania,Philadelphia,Debit Card
ORD-2024-14569,2022-09-23,CUST-1068,Amanda Ramirez,PROD-TEC-108,HD Pro Webcam 1080p,Technology,Accessories,3,65.0,165.75,0.15,38.85,Central,Texas,Houston,PayPal
ORD-2022-14570,2024-06-06,CUST-1393,Carol Perez,PROD-TEC-112,Smart Fitness Watch,Technology,Phones & Audio,1,149.0,149.0,0.0,37.72,East,Pennsylvania,Philadelphia,PayPal
ORD-2024-14571,2022-04-01,CUST-1186,Paul Taylor,PROD-HOM-134,Insulated Stainless Steel Tumbler 30oz,Home & Kitchen,Cookware & Dining,6,25.0,150.0,0.0,66.0,East,Pennsylvania,Philadelphia,Debit Card
ORD-2024-14572,2022-05-31,CUST-1395,Ashley Miller,PROD-FUR-115,Adjustable Drafting Stool,Furniture,Chairs & Stools,4,110.0,418.0,0.05,81.0,East,Pennsylvania,Philadelphia,Cash on Delivery
ORD-2024-14573,2024-03-01,CUST-1011,Mary Scott,PROD-OFF-127,Professional Acrylic Paint Set,Office Supplies,Art & Craft,4,42.0,168.0,0.0,63.56,North,Wisconsin,Milwaukee,Debit Card
ORD-2022-14574,2022-11-27,CUST-1231,Sarah Hernandez,PROD-HOM-135,100% Organic Cotton Sheet Set Queen,Home & Kitchen,Bedding & Decor,2,85.0,161.5,0.05,51.1,South,Georgia,Atlanta,PayPal
ORD-2022-14575,2022-06-09,CUST-1268,Richard Clark,PROD-TEC-111,Bluetooth Conference Speaker,Technology,Phones & Audio,1,120.0,84.0,0.3,-1.6,East,New York,New York City,PayPal
ORD-2024-14576,2023-06-08,CUST-1041,Brian Jones,PROD-OFF-121,Premium Multipurpose Copy Paper 5 Reams,Office Supplies,Paper & Stationary,3,38.0,114.0,0.0,45.3,East,Pennsylvania,Philadelphia,UPI / Net Banking
ORD-2024-14577,2023-04-12,CUST-1027,Matthew Garcia,PROD-HOM-132,Non-Stick Ceramic Cookware 10-Piece,Home & Kitchen,Cookware & Dining,2,180.0,324.0,0.1,74.2,West,California,Los Angeles,PayPal
ORD-2022-14578,2023-10-16,CUST-1206,James Perez,PROD-TEC-109,Noise Canceling Headphones,Technology,Phones & Audio,2,199.0,398.0,0.0,114.4,West,Washington,Seattle,UPI / Net Banking
ORD-2022-14579,2022-05-14,CUST-1219,Lisa Williams,PROD-OFF-122,Executive Hardcover Notebook 3-Pack,Office Supplies,Paper & Stationary,2,24.0,48.0,0.0,19.0,North,Minnesota,Minneapolis,PayPal
ORD-2023-14580,2022-02-11,CUST-1247,Thomas Williams,PROD-HOM-133,Stainless Steel Chef Knife 8-Inch,Home & Kitchen,Cookware & Dining,1,45.0,22.5,0.5,-6.25,Central,Ohio,Columbus,Credit Card
ORD-2023-14581,2023-05-22,CUST-1340,Melissa Wright,PROD-OFF-122,Executive Hardcover Notebook 3-Pack,Office Supplies,Paper & Stationary,1,24.0,21.6,0.1,5.6,South,Florida,Orlando,Credit Card
ORD-2022-14582,2023-02-03,CUST-1290,John Thomas,PROD-TEC-107,USB-C Multi-Port Hub,Technology,Accessories,1,45.0,45.0,0.0,16.25,Central,Ohio,Columbus,Credit Card
ORD-2024-14583,2022-08-18,CUST-1260,Michelle Lee,PROD-OFF-124,Heavy-Duty Plastic Storage Bins 4-Pack,Office Supplies,Storage & Organization,1,55.0,49.5,0.1,12.5,South,North Carolina,Charlotte,Debit Card
ORD-2024-14584,2023-09-12,CUST-1010,Paul Hill,PROD-TEC-107,USB-C Multi-Port Hub,Technology,Accessories,2,45.0,85.5,0.05,31.0,West,Washington,Seattle,Cash on Delivery
ORD-2023-14585,2022-10-18,CUST-1229,Melissa Perez,PROD-HOM-135,100% Organic Cotton Sheet Set Queen,Home & Kitchen,Bedding & Decor,3,85.0,255.0,0.0,90.9,West,Washington,Seattle,Debit Card
ORD-2022-14586,2023-10-26,CUST-1229,Melissa Perez,PROD-FUR-115,Adjustable Drafting Stool,Furniture,Chairs & Stools,3,110.0,313.5,0.05,60.0,South,Florida,Miami,PayPal
ORD-2022-14587,2023-09-24,CUST-1426,Carol Young,PROD-OFF-128,Precision Cutting Mat & Knife Set,Office Supplies,Art & Craft,2,22.0,35.2,0.2,7.32,South,Florida,Miami,PayPal
ORD-2022-14588,2024-03-15,CUST-1023,Daniel Thompson,PROD-TEC-111,Bluetooth Conference Speaker,Technology,Phones & Audio,6,120.0,720.0,0.0,221.4,West,Washington,Seattle,UPI / Net Banking
ORD-2024-14589,2023-11-18,CUST-1387,Amanda Hill,PROD-HOM-130,Programmable Drip Coffee Maker,Home & Kitchen,Appliances,3,75.0,168.75,0.25,16.5,East,New York,New York City,Debit Card
ORD-2024-14590,2022-02-24,CUST-1448,Kenneth Jackson,PROD-OFF-127,Professional Acrylic Paint Set,Office Supplies,Art & Craft,1,42.0,39.9,0.05,11.54,East,New York,Buffalo,Credit Card
ORD-2023-14591,2023-09-05,CUST-1107,Betty White,PROD-TEC-111,Bluetooth Conference Speaker,Technology,Phones & Audio,1,120.0,108.0,0.1,22.4,West,Oregon,Portland,Credit Card
ORD-2023-14592,2022-10-21,CUST-1346,Kevin Sanchez,PROD-OFF-125,3-Drawer Mobile File Cabinet,Office Supplies,Storage & Organization,1,145.0,145.0,0.0,36.6,North,Michigan,Detroit,Credit Card
ORD-2022-14593,2024-02-04,CUST-1179,Kevin Martin,PROD-TEC-111,Bluetooth Conference Speaker,Technology,Phones & Audio,1,120.0,102.0,0.15,16.4,Central,Texas,Austin,PayPal
ORD-2023-14594,2023-04-02,CUST-1309,Christopher Lewis,PROD-FUR-113,Ergonomic Executive Mesh Chair,Furniture,Chairs & Stools,3,240.0,540.0,0.25,-42.0,East,New York,New York City,Cash on Delivery
ORD-2022-14595,2023-08-31,CUST-1362,Mark Johnson,PROD-OFF-125,3-Drawer Mobile File Cabinet,Office Supplies,Storage & Organization,4,145.0,551.0,0.05,126.4,Central,Texas,Austin,Debit Card
ORD-2022-14596,2023-10-11,CUST-1135,Michael Thomas,PROD-FUR-113,Ergonomic Executive Mesh Chair,Furniture,Chairs & Stools,1,240.0,240.0,0.0,44.0,North,Wisconsin,Milwaukee,Debit Card
ORD-2023-14597,2023-04-03,CUST-1341,Kenneth Anderson,PROD-TEC-105,Wireless Ergonomic Mouse,Technology,Accessories,2,35.0,59.5,0.15,12.5,West,California,San Diego,Credit Card
ORD-2024-14598,2023-04-01,CUST-1031,Richard Jones,PROD-OFF-121,Premium Multipurpose Copy Paper 5 Reams,Office Supplies,Paper & Stationary,3,38.0,102.6,0.1,33.9,East,New York,New York City,Cash on Delivery
ORD-2022-14599,2022-04-02,CUST-1335,Edward Torres,PROD-HOM-135,100% Organic Cotton Sheet Set Queen,Home & Kitchen,Bedding & Decor,1,85.0,80.75,0.05,24.05,East,Massachusetts,Boston,Debit Card
ORD-2024-14600,2023-01-18,CUST-1213,Brian Martinez,PROD-OFF-128,Precision Cutting Mat & Knife Set,Office Supplies,Art & Craft,2,22.0,44.0,0.0,16.12,South,Florida,Miami,Credit Card
ORD-2022-14601,2024/01/08,CUST-1171,John Flores,PROD-TEC-104,24-Inch IPS FHD Monitor,Technology,Laptops & Monitors,4,180.0,684.0,0.05,173.0,North,Wisconsin,Milwaukee,Debit Card
ORD-2023-14602,2023-11-01,CUST-1191,Steven Martin,PROD-OFF-122,Executive Hardcover Notebook 3-Pack,Office Supplies,Paper & Stationary,1,24.0,24.0,0.0,8.0,South,North Carolina,Charlotte,UPI / Net Banking
ORD-2023-14603,2023-01-07,CUST-1382,Amanda Harris,PROD-HOM-130,Programmable Drip Coffee Maker,Home & Kitchen,Appliances,1,75.0,67.5,0.1,14.75,West,California,San Francisco,Cash on Delivery
ORD-2022-14604,2022-12-12,CUST-1002,Mary Moore,PROD-OFF-128,Precision Cutting Mat & Knife Set,Office Supplies,Art & Craft,6,22.0,79.2,0.4,1.56,South,Georgia,Atlanta,UPI / Net Banking
ORD-2024-14605,2024-03-13,CUST-1153,Margaret Scott,PROD-OFF-128,Precision Cutting Mat & Knife Set,Office Supplies,Art & Craft,1,22.0,18.7,0.15,3.26,Central,Texas,Houston,Cash on Delivery
ORD-2023-14606,2024-05-03,CUST-1172,Jennifer Clark,PROD-FUR-115,Adjustable Drafting Stool,Furniture,Chairs & Stools,2,110.0,220.0,0.0,50.0,Central,Texas,Dallas,PayPal
ORD-2023-14607,2022-06-18,CUST-1279,Donald Wilson,PROD-TEC-101,ProBook 15.6 Inch Laptop,Technology,Laptops & Monitors,1,850.0,850.0,0.0,183.0,Central,Texas,Dallas,Credit Card
ORD-2022-14608,2023-08-13,CUST-1412,Nancy Johnson,PROD-OFF-125,3-Drawer Mobile File Cabinet,Office Supplies,Storage & Organization,2,145.0,290.0,0.0,76.2,North,Michigan,Detroit,PayPal
ORD-2022-14609,2023-02-11,CUST-1310,Michelle Allen,PROD-TEC-104,24-Inch IPS FHD Monitor,Technology,Laptops & Monitors,1,180.0,153.0,0.15,23.0,South,Florida,Orlando,Credit Card
ORD-2022-14610,2023-04-17,CUST-1337,James Thompson,PROD-HOM-131,Compact HEPA Air Purifier,Home & Kitchen,Appliances,2,130.0,234.0,0.1,41.8,West,Washington,Seattle,PayPal
ORD-2023-14611,2022-02-03,CUST-1291,Mark Flores,PROD-OFF-125,3-Drawer Mobile File Cabinet,Office Supplies,Storage & Organization,2,145.0,290.0,0.0,76.2,North,Wisconsin,Milwaukee,Credit Card
ORD-2022-14612,2023-09-12,CUST-1442,Melissa Wright,PROD-HOM-133,Stainless Steel Chef Knife 8-Inch,Home & Kitchen,Cookware & Dining,3,45.0,135.0,0.0,54.75,West,California,San Francisco,Debit Card
ORD-2023-14613,2024-05-19,CUST-1289,Elizabeth Johnson,PROD-HOM-135,100% Organic Cotton Sheet Set Queen,Home & Kitchen,Bedding & Decor,1,85.0,80.75,0.05,24.05,East,New York,Buffalo,Debit Card
ORD-2023-14614,2023-07-05,CUST-1352,Kevin Johnson,PROD-OFF-128,Precision Cutting Mat & Knife Set,Office Supplies,Art & Craft,3,22.0,66.0,0.0,25.68,South,Florida,Orlando,Credit Card
ORD-2022-14615,2023-08-07,CUST-1366,Deborah Williams,PROD-HOM-129,Digital Touchscreen Air Fryer 5.8Qt,Home & Kitchen,Appliances,1,110.0,99.0,0.1,18.0,West,California,Los Angeles,Debit Card
ORD-2022-14616,2024-04-11,CUST-1100,William Walker,PROD-FUR-114,High-Back Leather Gaming Chair,Furniture,Chairs & Stools,1,290.0,246.5,0.15,4.7,Central,Texas,Dallas,Credit Card
ORD-2023-14617,2024-02-23,CUST-1375,Deborah White,PROD-HOM-134,Insulated Stainless Steel Tumbler 30oz,Home & Kitchen,Cookware & Dining,2,25.0,42.5,0.15,12.5,Central,Illinois,Chicago,Credit Card
ORD-2023-14618,2022-11-12,CUST-1312,Donald Hernandez,PROD-TEC-108,HD Pro Webcam 1080p,Technology,Accessories,2,65.0,130.0,0.0,44.4,West,California,San Francisco,UPI / Net Banking
ORD-2022-14619,2023-11-11,CUST-1415,Susan Thompson,PROD-FUR-114,High-Back Leather Gaming Chair,Furniture,Chairs & Stools,2,290.0,551.0,0.05,70.4,North,Wisconsin,Milwaukee,Debit Card
ORD-2022-14620,2024-03-26,CUST-1115,James Jones,PROD-TEC-108,HD Pro Webcam 1080p,Technology,Accessories,2,65.0,130.0,0.0,44.4,Central,Ohio,Columbus,Debit Card
ORD-2024-14621,2024-04-02,CUST-1012,Richard Wright,PROD-TEC-102,UltraSlim 14 Inch Notebook,Technology,Laptops & Monitors,2,1100.0,1100.0,0.5,-555.0,South,Georgia,Atlanta,PayPal
ORD-2023-14622,2022-03-03,CUST-1395,Ashley Miller,PROD-OFF-123,Gel Ink Pens Box of 24,Office Supplies,Paper & Stationary,2,15.0,28.5,0.05,10.0,East,New York,New York City,Credit Card
ORD-2024-14623,2023-08-02,CUST-1048,Deborah Brown,PROD-TEC-105,Wireless Ergonomic Mouse,Technology,Accessories,3,35.0,99.75,0.05,30.75,South,Florida,Orlando,Credit Card
ORD-2023-14624,2023-11-26,CUST-1026,Steven Davis,PROD-OFF-128,Precision Cutting Mat & Knife Set,Office Supplies,Art & Craft,2,22.0,39.6,0.1,11.72,West,Oregon,Portland,UPI / Net Banking
ORD-2024-14625,2023-03-13,CUST-1446,Sarah Nguyen,PROD-OFF-125,3-Drawer Mobile File Cabinet,Office Supplies,Storage & Organization,8,145.0,1160.0,0.0,313.8,East,New York,New York City,Credit Card
ORD-2022-14626,2023-02-24,CUST-1444,Richard Wilson,PROD-HOM-131,Compact HEPA Air Purifier,Home & Kitchen,Appliances,3,130.0,390.0,0.0,103.2,South,Florida,Miami,Debit Card
ORD-2022-14627,2022-10-14,CUST-1348,Sandra Rodriguez,PROD-TEC-101,ProBook 15.6 Inch Laptop,Technology,Laptops & Monitors,3,850.0,2167.5,0.15,172.5,Central,Texas,Austin,Debit Card
ORD-2024-14628,2023-05-11,CUST-1091,Christopher Young,PROD-FUR-119,5-Shelf Ladder Bookcase,Furniture,Bookcases,1,140.0,133.0,0.05,24.0,Central,Illinois,Chicago,Debit Card
ORD-2023-14629,2022-04-05,CUST-1230,Anthony Thomas,PROD-OFF-123,Gel Ink Pens Box of 24,Office Supplies,Paper & Stationary,5,15.0,60.0,0.2,18.25,South,North Carolina,Charlotte,Credit Card
ORD-2023-14630,2022-09-28,CUST-1331,Anthony Brown,PROD-TEC-107,USB-C Multi-Port Hub,Technology,Accessories,3,45.0,135.0,0.0,54.75,East,Pennsylvania,Philadelphia,Credit Card
ORD-2023-14631,2022-03-19,CUST-1307, Kevin King ,PROD-TEC-103,27-Inch 4K UHD Monitor,Technology,Laptops & Monitors,1,350.0,350.0,0.0,94.0,West,California,Los Angeles,Cash on Delivery
ORD-2024-14632,2024-05-05,CUST-1069,Kenneth Jones,PROD-TEC-110,True Wireless Earbuds,Technology,Phones & Audio,1,89.0,71.2,0.2,9.35,East,Massachusetts,Boston,Credit Card
ORD-2023-14633,2024-05-20,CUST-1348,Sandra Rodriguez,PROD-TEC-111,Bluetooth Conference Speaker,Technology,Phones & Audio,2,120.0,216.0,0.1,47.8,East,Massachusetts,Boston,Credit Card
ORD-2022-14634,2023-12-12,CUST-1143,Patricia Wright,PROD-FUR-117,Compact Computer Desk,Furniture,Desks & Tables,2,130.0,260.0,0.0,52.2,Central,Ohio,Columbus,
ORD-2024-14635,2024-05-28,CUST-1174,Andrew King,PROD-HOM-131,Compact HEPA Air Purifier,Home & Kitchen,Appliances,1,130.0,104.0,0.2,6.4,West,Washington,Seattle,PayPal
ORD-2022-14636,2023-09-30,CUST-1280,Paul Walker,PROD-OFF-124,Heavy-Duty Plastic Storage Bins 4-Pack,Office Supplies,Storage & Organization,3,55.0,115.5,0.3,10.5,West,California,San Diego,Debit Card
ORD-2024-14637,2024-02-16,CUST-1111,Robert Perez,PROD-HOM-132,Non-Stick Ceramic Cookware 10-Piece,Home & Kitchen,Cookware & Dining,1,180.0,162.0,0.1,35.6,West,California,San Francisco,Debit Card
ORD-2024-14638,2022-08-14,CUST-1076,Edward Moore,PROD-FUR-118,Solid Wood Conference Table,Furniture,Desks & Tables,4,850.0,3400.0,0.0,503.0,South,Florida,Orlando,UPI / Net Banking
ORD-2023-14639,2024/03/21,CUST-1295,Richard Harris,PROD-OFF-128,Precision Cutting Mat & Knife Set,Office Supplies,Art & Craft,2,22.0,41.8,0.05,13.92,West,California,San Diego,Cash on Delivery
ORD-2022-14640,2022-01-13,CUST-1216,Emily Martinez,PROD-FUR-117,Compact Computer Desk,Furniture,Desks & Tables,1,130.0,123.5,0.05,18.1,Central,Texas,Austin,UPI / Net Banking
ORD-2022-14641,2023-09-20,CUST-1150,Matthew Smith,PROD-TEC-103,27-Inch 4K UHD Monitor,Technology,Laptops & Monitors,4,350.0,1260.0,0.1,245.0,East,Massachusetts,Boston,Credit Card
ORD-2024-14642,2023-03-28,CUST-1384,Robert Nguyen,PROD-TEC-112,Smart Fitness Watch,Technology,Phones & Audio,1,149.0,119.2,0.2,7.92,South,Florida,Orlando,PayPal
ORD-2024-14643,2023-10-18,CUST-1185,Steven Wilson,PROD-HOM-133,Stainless Steel Chef Knife 8-Inch,Home & Kitchen,Cookware & Dining,3,45.0,128.25,0.05,48.0,East,Massachusetts,Boston,Credit Card
ORD-2024-14644,2022-05-20,CUST-1215,Lisa Nguyen,PROD-TEC-110,True Wireless Earbuds,Technology,Phones & Audio,1,89.0,80.1,0.1,18.25,East,New York,Buffalo,PayPal
ORD-2022-14645,2022-03-07,CUST-1044,David Robinson,PROD-OFF-124,Heavy-Duty Plastic Storage Bins 4-Pack,Office Supplies,Storage & Organization,3,55.0,156.75,0.05,51.75,East,New York,Buffalo,Credit Card
ORD-2023-14646,2024-02-25,CUST-1049,Joseph Williams,PROD-FUR-119,5-Shelf Ladder Bookcase,Furniture,Bookcases,1,140.0,126.0,0.1,17.0,East,Massachusetts,Boston,PayPal
ORD-2024-14647,2023-03-08,CUST-1109,Donald Davis,PROD-HOM-132,Non-Stick Ceramic Cookware 10-Piece,Home & Kitchen,Cookware & Dining,3,180.0,540.0,0.0,166.8,Central,Illinois,Chicago,PayPal
ORD-2022-14648,2024-06-01,CUST-1415,Susan Thompson,PROD-OFF-122,Executive Hardcover Notebook 3-Pack,Office Supplies,Paper & Stationary,3,24.0,72.0,0.0,30.0,East,New York,Buffalo,Credit Card
ORD-2022-14649,2023-12-23,CUST-1077,Deborah Perez,PROD-FUR-115,Adjustable Drafting Stool,Furniture,Chairs & Stools,2,110.0,187.0,0.15,17.0,South,North Carolina,Charlotte,UPI / Net Banking
ORD-2024-14650,2023-05-14,CUST-1406,Sarah Lee,PROD-OFF-125,3-Drawer Mobile File Cabinet,Office Supplies,Storage & Organization,1,145.0,145.0,0.0,36.6,Central,Texas,Austin,Credit Card
ORD-2022-14651,2022-06-06,CUST-1007,Margaret Williams,PROD-HOM-135,100% Organic Cotton Sheet Set Queen,Home & Kitchen,Bedding & Decor,1,85.0,80.75,0.05,24.05,East,New York,Buffalo,Debit Card
ORD-2022-14652,2023-08-26,CUST-1290,John Thomas,PROD-OFF-125,3-Drawer Mobile File Cabinet,Office Supplies,Storage & Organization,1,145.0,130.5,0.1,22.1,South,Florida,Miami,Credit Card
ORD-2022-14653,2024-01-17,CUST-1222,Kevin Miller,PROD-FUR-113,Ergonomic Executive Mesh Chair,Furniture,Chairs & Stools,6,240.0,1368.0,0.05,207.0,North,Wisconsin,Milwaukee,Credit Card
ORD-2022-14654,2023-06-16,CUST-1369,Mary Flores,PROD-TEC-110,True Wireless Earbuds,Technology,Phones & Audio,3,89.0,253.65,0.05,74.1,South,Florida,Orlando,Debit Card
ORD-2023-14655,2023-12-12,CUST-1095,Jessica Torres,PROD-HOM-132,Non-Stick Ceramic Cookware 10-Piece,Home & Kitchen,Cookware & Dining,2,180.0,270.0,0.25,20.2,West,Oregon,Portland,Credit Card
ORD-2024-14656,2022-07-15,CUST-1325,Joseph Harris,PROD-TEC-101,ProBook 15.6 Inch Laptop,Technology,Laptops & Monitors,3,850.0,2295.0,0.1,300.0,West,California,San Diego,Debit Card
ORD-2023-14657,2023-10-04,CUST-1018,Nancy Moore,PROD-OFF-125,3-Drawer Mobile File Cabinet,Office Supplies,Storage & Organization,6,145.0,783.0,0.1,147.6,East,Pennsylvania,Philadelphia,Credit Card
ORD-2024-14658,2024-03-23,CUST-1422,George Clark,PROD-TEC-101,ProBook 15.6 Inch Laptop,Technology,Laptops & Monitors,8,850.0,6120.0,0.1,805.0,North,Wisconsin,Milwaukee,Credit Card
ORD-2022-14659,2023-06-22,CUST-1036,Sarah Robinson,PROD-TEC-106,Mechanical RGB Keyboard,Technology,Accessories,3,75.0,202.5,0.1,50.25,West,California,Los Angeles,Debit Card
ORD-2023-14660,2022-01-27,CUST-1126,Anthony Gonzalez,PROD-OFF-127,Professional Acrylic Paint Set,Office Supplies,Art & Craft,3,42.0,119.7,0.05,40.62,South,Florida,Miami,UPI / Net Banking
ORD-2023-14661,2022-08-03,CUST-1411,Kevin Harris,PROD-HOM-132,Non-Stick Ceramic Cookware 10-Piece,Home & Kitchen,Cookware & Dining,4,180.0,612.0,0.15,115.4,West,California,San Francisco,Credit Card
ORD-2023-14662,2023-05-23,CUST-1438,Sarah Martin,PROD-OFF-127,Professional Acrylic Paint Set,Office Supplies,Art & Craft,4,42.0,159.6,0.05,55.16,East,New York,Buffalo,Debit Card
ORD-2022-14663,2023-12-02,CUST-1259,Robert Perez,PROD-TEC-104,24-Inch IPS FHD Monitor,Technology,Laptops & Monitors,1,180.0,162.0,0.1,32.0,West,California,San Diego,Credit Card
ORD-2023-14664,2023-08-07,CUST-1250,George Lee,PROD-OFF-122,Executive Hardcover Notebook 3-Pack,Office Supplies,Paper & Stationary,6,24.0,122.4,0.15,41.4,South,North Carolina,Charlotte,Debit Card
ORD-2022-14665,2022-03-09,CUST-1416,Thomas Perez,PROD-HOM-134,Insulated Stainless Steel Tumbler 30oz,Home & Kitchen,Cookware & Dining,4,25.0,85.0,0.15,28.0,Central,Texas,Dallas,Cash on Delivery
ORD-2022-14666,2022-05-06,CUST-1082,Paul Lopez,PROD-OFF-125,3-Drawer Mobile File Cabinet,Office Supplies,Storage & Organization,1,145.0,108.75,0.25,0.35,West,California,San Diego,Debit Card
ORD-2022-14667,2022-04-20,CUST-1069,Kenneth Jones,PROD-TEC-105,Wireless Ergonomic Mouse,Technology,Accessories,1,35.0,33.25,0.05,8.25,Central,Texas,Dallas,Cash on Delivery
ORD-2022-14668,2023-05-21,CUST-1439,Thomas Anderson,PROD-OFF-121,Premium Multipurpose Copy Paper 5 Reams,Office Supplies,Paper & Stationary,8,38.0,212.8,0.3,34.6,West,Oregon,Portland,Cash on Delivery
ORD-2022-14669,2023-03-01,CUST-1112,Mary Nguyen,PROD-TEC-102,UltraSlim 14 Inch Notebook,Technology,Laptops & Monitors,2,1100.0,1760.0,0.2,105.0,East,Pennsylvania,Philadelphia,Debit Card
ORD-2024-14670,2024-06-28,CUST-1291,Mark Flores,PROD-TEC-107,USB-C Multi-Port Hub,Technology,Accessories,6,45.0,202.5,0.25,45.0,Central,Illinois,Chicago,PayPal
ORD-2022-14671,2023-04-16,CUST-1309,Christopher Lewis,PROD-TEC-112,Smart Fitness Watch,Technology,Phones & Audio,1,149.0,134.1,0.1,22.82,Central,Texas,Austin,Credit Card
ORD-2022-14672,2022-03-18,CUST-1111,Robert Perez,PROD-HOM-129,Digital Touchscreen Air Fryer 5.8Qt,Home & Kitchen,Appliances,1,110.0,110.0,0.0,29.0,Central,Illinois,Chicago,Credit Card
ORD-2024-14673,2022-11-16,CUST-1003,Jessica Anderson,PROD-TEC-105,Wireless Ergonomic Mouse,Technology,Accessories,2,35.0,70.0,0.0,23.0,Central,Texas,Austin,PayPal
ORD-2023-14674,2023-05-23,CUST-1074,Amanda Davis,PROD-HOM-132,Non-Stick Ceramic Cookware 10-Piece,Home & Kitchen,Cookware & Dining,3,180.0,513.0,0.05,139.8,West,California,San Francisco,Credit Card
ORD-2024-14675,2022-01-08,CUST-1223,Daniel Scott,PROD-FUR-114,High-Back Leather Gaming Chair,Furniture,Chairs & Stools,4,290.0,1160.0,0.0,201.8,West,California,San Diego,PayPal
ORD-2022-14676,2023-03-08,CUST-1068,Amanda Ramirez,PROD-OFF-121,Premium Multipurpose Copy Paper 5 Reams,Office Supplies,Paper & Stationary,2,38.0,64.6,0.15,17.8,West,California,Los Angeles,PayPal
ORD-2022-14677,2022-02-06,CUST-1450,Charles Anderson,PROD-OFF-124,Heavy-Duty Plastic Storage Bins 4-Pack,Office Supplies,Storage & Organization,1,55.0,55.0,0.0,18.0,West,California,Los Angeles,PayPal
ORD-2024-14678,2023-02-10,CUST-1227,Barbara Clark,PROD-FUR-113,Ergonomic Executive Mesh Chair,Furniture,Chairs & Stools,6,240.0,1368.0,0.05,207.0,South,Florida,Miami,PayPal
ORD-2022-14679,2023-05-05,CUST-1159,Patricia Lee,PROD-TEC-106,Mechanical RGB Keyboard,Technology,Accessories,6,75.0,382.5,0.15,81.0,East,New York,Buffalo,PayPal
ORD-2022-14680,2022-08-16,CUST-1408,Sarah Lewis,PROD-OFF-125,3-Drawer Mobile File Cabinet,Office Supplies,Storage & Organization,2,145.0,290.0,0.0,76.2,West,California,San Francisco,UPI / Net Banking
ORD-2024-14681,2022-04-14,CUST-1302,Brian King,PROD-OFF-121,Premium Multipurpose Copy Paper 5 Reams,Office Supplies,Paper & Stationary,5,38.0,161.5,0.15,49.0,North,Wisconsin,Milwaukee,PayPal
ORD-2024-14682,2023-01-22,CUST-1250,George Lee,PROD-OFF-124,Heavy-Duty Plastic Storage Bins 4-Pack,Office Supplies,Storage & Organization,1,55.0,55.0,0.0,18.0,East,New York,New York City,Credit Card
ORD-2023-14683,2022-01-06,CUST-1426,Carol Young,PROD-TEC-102,UltraSlim 14 Inch Notebook,Technology,Laptops & Monitors,1,1100.0,1045.0,0.05,216.0,South,Florida,Orlando,UPI / Net Banking
ORD-2024-14684,2024-01-04,CUST-1346,Kevin Sanchez,PROD-FUR-119,5-Shelf Ladder Bookcase,Furniture,Bookcases,3,140.0,315.0,0.25,-6.0,West,Washington,Seattle,UPI / Net Banking
ORD-2024-14685,2023-09-05,CUST-1011,Mary Scott,PROD-TEC-109,Noise Canceling Headphones,Technology,Phones & Audio,2,199.0,398.0,0.0,114.4,North,Michigan,Detroit,Credit Card
ORD-2024-14686,2022-01-08,CUST-1208,Joshua Taylor,PROD-TEC-102,UltraSlim 14 Inch Notebook,Technology,Laptops & Monitors,2,1100.0,2200.0,0.0,545.0,Central,Ohio,Columbus,Cash on Delivery
ORD-2024-14687,2023-08-16,CUST-1083,Paul Miller,PROD-OFF-125,3-Drawer Mobile File Cabinet,Office Supplies,Storage & Organization,1,145.0,116.0,0.2,7.6,East,Massachusetts,Boston,Credit Card
ORD-2024-14688,2022-06-13,CUST-1339,Anthony Wright,PROD-TEC-110,True Wireless Earbuds,Technology,Phones & Audio,1,89.0,75.65,0.15,13.8,East,Pennsylvania,Philadelphia,Debit Card
ORD-2024-14689,2024-06-10,CUST-1326,Brian Martinez,PROD-HOM-136,Weighted Cooling Blanket 15lbs,Home & Kitchen,Bedding & Decor,1,95.0,95.0,0.0,29.25,South,North Carolina,Charlotte,
ORD-2024-14690,2023-05-13,CUST-1042,Kenneth Hernandez,PROD-TEC-102,UltraSlim 14 Inch Notebook,Technology,Laptops & Monitors,1,1100.0,1100.0,0.0,271.0,Central,Texas,Houston,PayPal
ORD-2022-14691,2022-09-16,CUST-1150,Matthew Smith,PROD-TEC-110,True Wireless Earbuds,Technology,Phones & Audio,1,89.0,89.0,0.0,27.15,West,Washington,Seattle,Credit Card
ORD-2022-14692,2024-06-03,CUST-1152,Sandra Jackson,PROD-OFF-124,Heavy-Duty Plastic Storage Bins 4-Pack,Office Supplies,Storage & Organization,5,55.0,233.75,0.15,60.75,Central,Ohio,Columbus,Credit Card
ORD-2024-14693,2022-01-19,CUST-1219,Lisa Williams,PROD-OFF-123,Gel Ink Pens Box of 24,Office Supplies,Paper & Stationary,3,15.0,38.25,0.15,12.0,Central,Texas,Austin,PayPal
ORD-2023-14694,2023-12-06,CUST-1072,Kimberly Taylor,PROD-FUR-117,Compact Computer Desk,Furniture,Desks & Tables,3,130.0,370.5,0.05,60.3,West,California,San Francisco,PayPal
ORD-2022-14695,2022-09-25,CUST-1166,Kenneth Jones,PROD-TEC-104,24-Inch IPS FHD Monitor,Technology,Laptops & Monitors,1,180.0,153.0,0.15,23.0,South,Florida,Miami,PayPal
ORD-2023-14696,2022-01-07,CUST-1226,Jessica Hernandez,PROD-FUR-119,5-Shelf Ladder Bookcase,Furniture,Bookcases,2,140.0,280.0,0.0,65.0,East,New York,New York City,PayPal
ORD-2023-14697,2022-07-27,CUST-1339,Anthony Wright,PROD-TEC-106,Mechanical RGB Keyboard,Technology,Accessories,5,75.0,337.5,0.1,85.75,East,New York,Buffalo,UPI / Net Banking
ORD-2024-14698,2022-12-21,CUST-1154,Kevin Young,PROD-TEC-105,Wireless Ergonomic Mouse,Technology,Accessories,8,35.0,266.0,0.05,87.0,Central,Texas,Dallas,PayPal
ORD-2024-14699,2022-02-07,CUST-1180,Sandra Lee,PROD-HOM-136,Weighted Cooling Blanket 15lbs,Home & Kitchen,Bedding & Decor,3,95.0,199.5,0.3,8.25,East,Pennsylvania,Philadelphia,Debit Card
ORD-2024-14700,2024-01-31,CUST-1208,Joshua Taylor,PROD-TEC-107,USB-C Multi-Port Hub,Technology,Accessories,3,45.0,108.0,0.2,27.75,South,Florida,Miami,Cash on Delivery
ORD-2023-14701,2023-10-30,CUST-1339,Anthony Wright,PROD-OFF-123,Gel Ink Pens Box of 24,Office Supplies,Paper & Stationary,2,15.0,25.5,0.15,7.0,West,Washington,Seattle,Debit Card
ORD-2023-14702,2022-10-12,CUST-1370,Elizabeth Thomas,PROD-OFF-127,Professional Acrylic Paint Set,Office Supplies,Art & Craft,1,42.0,35.7,0.15,7.34,North,Minnesota,Minneapolis,Credit Card
ORD-2022-14703,2023-07-23,CUST-1134,George Perez,PROD-OFF-123,Gel Ink Pens Box of 24,Office Supplies,Paper & Stationary,1,15.0,12.75,0.15,2.0,Central,Illinois,Chicago,Cash on Delivery
ORD-2024-14704,2023-08-18,CUST-1290,John Thomas,PROD-TEC-110,True Wireless Earbuds,Technology,Phones & Audio,1,89.0,89.0,0.0,27.15,West,California,San Diego,Credit Card
ORD-2022-14705,2022-01-09,CUST-1074,Amanda Davis,PROD-HOM-134,Insulated Stainless Steel Tumbler 30oz,Home & Kitchen,Cookware & Dining,1,25.0,25.0,0.0,8.5,East,Pennsylvania,Philadelphia,Credit Card
ORD-2022-14706,2022-11-27,CUST-1350, Mary Sanchez ,PROD-OFF-122,Executive Hardcover Notebook 3-Pack,Office Supplies,Paper & Stationary,6,24.0,144.0,0.0,63.0,West,California,San Francisco,UPI / Net Banking
ORD-2023-14707,2022-12-12,CUST-1427,Donald Johnson,PROD-TEC-108,HD Pro Webcam 1080p,Technology,Accessories,3,65.0,175.5,0.1,48.6,Central,Ohio,Columbus,PayPal
ORD-2023-14708,2022-07-10,CUST-1272,Karen Sanchez,PROD-FUR-114,High-Back Leather Gaming Chair,Furniture,Chairs & Stools,4,290.0,1044.0,0.1,85.8,South,Florida,Miami,Debit Card
ORD-2022-14709,2024-01-22,CUST-1344,Ashley Johnson,PROD-HOM-135,100% Organic Cotton Sheet Set Queen,Home & Kitchen,Bedding & Decor,1,85.0,68.0,0.2,11.3,Central,Texas,Houston,UPI / Net Banking
ORD-2023-14710,2023-10-15,CUST-1244,Nancy Johnson,PROD-HOM-130,Programmable Drip Coffee Maker,Home & Kitchen,Appliances,1,75.0,75.0,0.0,22.25,North,Minnesota,Minneapolis,Credit Card
ORD-2024-14711,2022-01-18,CUST-1169,Andrew Thomas,PROD-TEC-101,ProBook 15.6 Inch Laptop,Technology,Laptops & Monitors,6,850.0,3570.0,0.3,-417.0,South,North Carolina,Charlotte,Debit Card
ORD-2023-14712,2022-12-23,CUST-1362,Mark Johnson,PROD-FUR-118,Solid Wood Conference Table,Furniture,Desks & Tables,3,850.0,2040.0,0.2,-133.5,South,Florida,Miami,Debit Card
ORD-2024-14713,2023-04-11,CUST-1409,Jessica Robinson,PROD-OFF-128,Precision Cutting Mat & Knife Set,Office Supplies,Art & Craft,8,22.0,158.4,0.1,55.88,North,Minnesota,Minneapolis,Credit Card
ORD-2023-14714,2024-02-02,CUST-1411,Kevin Harris,PROD-OFF-124,Heavy-Duty Plastic Storage Bins 4-Pack,Office Supplies,Storage & Organization,1,55.0,52.25,0.05,15.25,West,Washington,Seattle,PayPal
ORD-2023-14715,2022-07-04,CUST-1378,Deborah Hernandez,PROD-OFF-127,Professional Acrylic Paint Set,Office Supplies,Art & Craft,1,42.0,25.2,0.4,-3.16,West,California,San Francisco,Debit Card
ORD-2022-14716,2022-07-15,CUST-1347,George Hernandez,PROD-TEC-106,Mechanical RGB Keyboard,Technology,Accessories,1,75.0,71.25,0.05,18.5,East,New York,New York City,Credit Card
ORD-2023-14717,2022-03-06,CUST-1351,Donna Torres,PROD-FUR-115,Adjustable Drafting Stool,Furniture,Chairs & Stools,3,110.0,330.0,0.0,76.5,East,Pennsylvania,Philadelphia,PayPal
ORD-2024-14718,2024-03-09,CUST-1260,Michelle Lee,PROD-HOM-129,Digital Touchscreen Air Fryer 5.8Qt,Home & Kitchen,Appliances,1,110.0,104.5,0.05,23.5,East,Massachusetts,Boston,Credit Card
ORD-2023-14719,2024-04-09,CUST-1370,Elizabeth Thomas,PROD-TEC-106,Mechanical RGB Keyboard,Technology,Accessories,3,75.0,225.0,0.0,72.75,South,Florida,Miami  ,UPI / Net Banking
ORD-2024-14720,2022-09-04,CUST-1227,Barbara Clark,PROD-FUR-117,Compact Computer Desk,Furniture,Desks & Tables,1,130.0,65.0,0.5,-40.4,West,California,San Francisco,Credit Card
ORD-2023-14721,2022-07-17,CUST-1148,Susan Sanchez,PROD-TEC-105,Wireless Ergonomic Mouse,Technology,Accessories,1,35.0,33.25,0.05,8.25,Central,Texas,Houston,Credit Card
ORD-2022-14722,2023-02-28,CUST-1064,Paul Young,PROD-TEC-105,Wireless Ergonomic Mouse,Technology,Accessories,4,35.0,126.0,0.1,35.0,West,California,Los Angeles,PayPal
ORD-2022-14723,2022-09-19,CUST-1237,Joseph Anderson,PROD-HOM-135,100% Organic Cotton Sheet Set Queen,Home & Kitchen,Bedding & Decor,6,85.0,510.0,0.0,184.8,West,Washington,Seattle,Debit Card
ORD-2023-14724,2022-12-24,CUST-1407,Jessica Garcia,PROD-OFF-127,Professional Acrylic Paint Set,Office Supplies,Art & Craft,2,42.0,79.8,0.05,26.08,West,California,San Diego,PayPal
ORD-2024-14725,2023-07-01,CUST-1168,Betty Davis,PROD-TEC-112,Smart Fitness Watch,Technology,Phones & Audio,3,149.0,424.65,0.05,96.81,East,Massachusetts,Boston,Debit Card
ORD-2024-14726,2024-06-28,CUST-1310,Michelle Allen,PROD-FUR-118,Solid Wood Conference Table,Furniture,Desks & Tables,2,850.0,1615.0,0.05,165.0,North,Michigan,Detroit,Debit Card
ORD-2024-14727,2024-06-30,CUST-1054,Susan Young,PROD-OFF-126,Desktop Document Organizer,Office Supplies,Storage & Organization,1,28.0,26.6,0.05,7.2,South,Georgia,Atlanta  ,PayPal
ORD-2023-14728,2022-03-12,CUST-1261,Kevin Davis,PROD-TEC-103,27-Inch 4K UHD Monitor,Technology,Laptops & Monitors,2,350.0,700.0,0.0,191.0,West,California,San Francisco,Debit Card
ORD-2022-14729,2023-03-19,CUST-1034,Jennifer Anderson,PROD-HOM-130,Programmable Drip Coffee Maker,Home & Kitchen,Appliances,10,75.0,675.0,0.1,174.5,Central,Texas,Houston,Debit Card
ORD-2023-14730,2024-05-04,CUST-1104,Susan Wright,PROD-TEC-106,Mechanical RGB Keyboard,Technology,Accessories,2,75.0,127.5,0.15,25.0,West,California,San Diego,Cash on Delivery
ORD-2022-14731,2023-08-27,CUST-1378,,PROD-FUR-113,Ergonomic Executive Mesh Chair,Furniture,Chairs & Stools,2,240.0,480.0,0.0,91.0,Central,Ohio,Columbus  ,Credit Card
ORD-2024-14732,2023-06-22,CUST-1404,Sandra Ramirez,PROD-FUR-115,Adjustable Drafting Stool,Furniture,Chairs & Stools,1,110.0,110.0,0.0,23.5,South,Georgia,Atlanta,Debit Card
ORD-2022-14733,2024-01-13,CUST-1245,Linda Taylor,PROD-FUR-113,Ergonomic Executive Mesh Chair,Furniture,Chairs & Stools,1,240.0,216.0,0.1,20.0,West,Oregon,Portland,UPI / Net Banking
ORD-2024-14734,2023-05-02,CUST-1333,Matthew Nguyen,PROD-TEC-109,Noise Canceling Headphones,Technology,Phones & Audio,2,199.0,358.2,0.1,74.6,East,New York,Buffalo,PayPal
ORD-2023-14735,2022-08-01,CUST-1338,Karen Harris,PROD-TEC-112,Smart Fitness Watch,Technology,Phones & Audio,3,149.0,357.6,0.2,29.76,East,Pennsylvania,Philadelphia,Debit Card
ORD-2023-14736,2022-03-06,CUST-1209,David Lewis,PROD-TEC-104,24-Inch IPS FHD Monitor,Technology,Laptops & Monitors,3,180.0,540.0,0.0,156.0,West,California,San Francisco,UPI / Net Banking
ORD-2023-14737,2022-01-14,CUST-1080,Sandra Smith,PROD-HOM-133,Stainless Steel Chef Knife 8-Inch,Home & Kitchen,Cookware & Dining,2,45.0,54.0,0.4,-0.5,East,Massachusetts,Boston,PayPal
ORD-2023-14738,2023-06-28,CUST-1261,Kevin Davis,PROD-TEC-105,Wireless Ergonomic Mouse,Technology,Accessories,2,35.0,66.5,0.05,19.5,North,Michigan,Detroit,Credit Card
ORD-2022-14739,2023-06-28,CUST-1262,George Martin,PROD-FUR-116,Electric Dual-Motor Standing Desk,Furniture,Desks & Tables,5,450.0,2025.0,0.1,172.0,West,Washington,Seattle,UPI / Net Banking
ORD-2022-14740,2024-02-14,CUST-1030,Lisa Torres,PROD-HOM-136,Weighted Cooling Blanket 15lbs,Home & Kitchen,Bedding & Decor,2,95.0,161.5,0.15,33.0,West,California,San Francisco,UPI / Net Banking
ORD-2023-14741,2023-03-12,CUST-1293,Sandra Clark,PROD-OFF-123,Gel Ink Pens Box of 24,Office Supplies,Paper & Stationary,3,15.0,45.0,0.0,18.75,Central,Texas,Houston,Credit Card
ORD-2022-14742,2024-03-05,CUST-1090,James Hill,PROD-TEC-103,27-Inch 4K UHD Monitor,Technology,Laptops & Monitors,2,350.0,700.0,0.0,191.0,East,Massachusetts,Boston,Credit Card
ORD-2023-14743,2023-03-19,CUST-1410,Andrew Flores,PROD-TEC-111,Bluetooth Conference Speaker,Technology,Phones & Audio,2,120.0,228.0,0.05,59.8,West,California,San Francisco,Credit Card
ORD-2024-14744,2022-10-14,CUST-1198,Elizabeth Moore,PROD-HOM-132,Non-Stick Ceramic Cookware 10-Piece,Home & Kitchen,Cookware & Dining,3,180.0,486.0,0.1,112.8,West,California,Los Angeles,UPI / Net Banking
ORD-2022-14745,2022-09-19,CUST-1151,Matthew Taylor,PROD-HOM-129,Digital Touchscreen Air Fryer 5.8Qt,Home & Kitchen,Appliances,3,110.0,297.0,0.1,60.0,West,California,Los Angeles,Credit Card
ORD-2023-14746,2022-05-12,CUST-1146,David Clark,PROD-HOM-136,Weighted Cooling Blanket 15lbs,Home & Kitchen,Bedding & Decor,4,95.0,323.0,0.15,69.0,East,Massachusetts,Boston,Credit Card
ORD-2024-14747,2023-03-12,CUST-1360,Sarah Clark,PROD-TEC-105,Wireless Ergonomic Mouse,Technology,Accessories,3,35.0,94.5,0.1,25.5,South,North Carolina,Charlotte,Credit Card
ORD-2022-14748,2023-12-22,CUST-1213,Brian Martinez,PROD-FUR-113,Ergonomic Executive Mesh Chair,Furniture,Chairs & Stools,2,240.0,480.0,0.0,91.0,West,Oregon,Portland,Credit Card
ORD-2024-14749,2024-05-30,CUST-1299,Edward Miller,PROD-TEC-104,24-Inch IPS FHD Monitor,Technology,Laptops & Monitors,5,180.0,855.0,0.05,217.0,South,North Carolina,Charlotte,Credit Card
ORD-2024-14750,2022-08-13,CUST-1213,Brian Martinez,PROD-OFF-126,Desktop Document Organizer,Office Supplies,Storage & Organization,1,28.0,28.0,0.0,8.6,West,California,San Francisco,PayPal
ORD-2024-14751,2022-10-06,CUST-1182,James Robinson,PROD-FUR-115,Adjustable Drafting Stool,Furniture,Chairs & Stools,2,110.0,220.0,0.0,50.0,East,Pennsylvania,Philadelphia,Credit Card
ORD-2024-14752,2023-09-17,CUST-1142,Emily Miller,PROD-OFF-122,Executive Hardcover Notebook 3-Pack,Office Supplies,Paper & Stationary,3,24.0,68.4,0.05,26.4,Central,Ohio,Columbus,PayPal
ORD-2024-14753,2022-07-16,CUST-1226,Jessica Hernandez,PROD-FUR-119,5-Shelf Ladder Bookcase,Furniture,Bookcases,1,140.0,140.0,0.0,31.0,South,Georgia,Atlanta,PayPal
ORD-2023-14754,2022-02-08,CUST-1145,Edward Thomas,PROD-TEC-109,Noise Canceling Headphones,Technology,Phones & Audio,2,199.0,398.0,0.0,114.4,East,Pennsylvania,Philadelphia  ,Credit Card
ORD-2022-14755,2022-06-09,CUST-1062,Betty White,PROD-HOM-131,Compact HEPA Air Purifier,Home & Kitchen,Appliances,1,130.0,130.0,0.0,32.4,West,Oregon,Portland,Credit Card
ORD-2023-14756,2024-02-17,CUST-1056,,PROD-TEC-101,ProBook 15.6 Inch Laptop,Technology,Laptops & Monitors,1,850.0,680.0,0.2,13.0,Central,Texas,Houston,UPI / Net Banking
ORD-2024-14757,2024-04-19,CUST-1372,Kevin Davis,PROD-TEC-102,UltraSlim 14 Inch Notebook,Technology,Laptops & Monitors,1,1100.0,990.0,0.1,161.0,East,Pennsylvania,Philadelphia,Debit Card
ORD-2024-14758,2022-01-10,CUST-1263,Paul Martin,PROD-OFF-125,3-Drawer Mobile File Cabinet,Office Supplies,Storage & Organization,1,145.0,145.0,0.0,36.6,North,Minnesota,Minneapolis,Debit Card
ORD-2024-14759,2023-04-19,CUST-1002,Mary Moore,PROD-HOM-132,Non-Stick Ceramic Cookware 10-Piece,Home & Kitchen,Cookware & Dining,5,180.0,900.0,0.0,280.0,West,Oregon,Portland,Debit Card
ORD-2022-14760,2022-06-20,CUST-1347,George Hernandez,PROD-HOM-131,Compact HEPA Air Purifier,Home & Kitchen,Appliances,3,130.0,370.5,0.05,83.7,North,Minnesota,Minneapolis,Credit Card
ORD-2023-14761,2023-04-05,CUST-1187,William Thompson,PROD-OFF-124,Heavy-Duty Plastic Storage Bins 4-Pack,Office Supplies,Storage & Organization,3,55.0,165.0,0.0,60.0,East,Pennsylvania,Philadelphia,Debit Card
ORD-2022-14762,2023-12-03,CUST-1342,Ashley Anderson,PROD-HOM-132,Non-Stick Ceramic Cookware 10-Piece,Home & Kitchen,Cookware & Dining,2,180.0,360.0,0.0,110.2,East,New York,New York City,Debit Card
ORD-2022-14763,2023-06-20,CUST-1368,Jessica Gonzalez,PROD-FUR-119,5-Shelf Ladder Bookcase,Furniture,Bookcases,2,140.0,280.0,0.0,65.0,East,New York,New York City,Credit Card
ORD-2022-14764,2023-02-22,CUST-1450,Charles Anderson,PROD-TEC-105,Wireless Ergonomic Mouse,Technology,Accessories,8,35.0,210.0,0.25,31.0,West,California,San Diego,Cash on Delivery
ORD-2023-14765,2022-10-26,CUST-1356,Thomas Harris,PROD-OFF-124,Heavy-Duty Plastic Storage Bins 4-Pack,Office Supplies,Storage & Organization,3,55.0,165.0,0.0,60.0,East,Massachusetts,Boston,UPI / Net Banking
ORD-2024-14766,2024-06-18,CUST-1419,Emily Smith,PROD-OFF-125,3-Drawer Mobile File Cabinet,Office Supplies,Storage & Organization,3,145.0,369.75,0.15,50.55,South,North Carolina,Charlotte,Debit Card
ORD-2023-14767,2023-07-24,CUST-1098,Robert Wright,PROD-FUR-118,Solid Wood Conference Table,Furniture,Desks & Tables,1,850.0,850.0,0.0,123.5,East,New York,Buffalo,Credit Card
ORD-2024-14768,2022-11-14,CUST-1312,Donald Hernandez,PROD-OFF-128,Precision Cutting Mat & Knife Set,Office Supplies,Art & Craft,2,22.0,44.0,0.0,16.12,East,Massachusetts,Boston,Debit Card
ORD-2024-14769,2022-04-29,CUST-1264,Kevin Clark,PROD-HOM-130,Programmable Drip Coffee Maker,Home & Kitchen,Appliances,1,75.0,71.25,0.05,18.5,West,California,San Diego,Debit Card
ORD-2022-14770,2022-11-10,CUST-1270,Amanda Lopez,PROD-HOM-129,Digital Touchscreen Air Fryer 5.8Qt,Home & Kitchen,Appliances,6,110.0,660.0,0.0,189.0,East,Pennsylvania,Philadelphia,UPI / Net Banking
ORD-2022-14771,2024-06-06,CUST-1231,Sarah Hernandez,PROD-TEC-104,24-Inch IPS FHD Monitor,Technology,Laptops & Monitors,2,180.0,306.0,0.15,49.0,East,New York,Buffalo,PayPal
ORD-2024-14772,2022-10-26,CUST-1151,Matthew Taylor,PROD-FUR-114,High-Back Leather Gaming Chair,Furniture,Chairs & Stools,5,290.0,1305.0,0.1,108.0,East,New York,New York City,UPI / Net Banking
ORD-2023-14773,2024-05-01,CUST-1226,Jessica Hernandez,PROD-TEC-102,UltraSlim 14 Inch Notebook,Technology,Laptops & Monitors,4,1100.0,3740.0,0.15,433.0,East,New York,New York City,PayPal
ORD-2023-14774,2022-05-15,CUST-1128,Kevin Ramirez,PROD-TEC-104,24-Inch IPS FHD Monitor,Technology,Laptops & Monitors,1,180.0,180.0,0.0,50.0,Central,Texas,Dallas,Credit Card
ORD-2023-14775,2023-12-16,CUST-1038,David White,PROD-OFF-124,Heavy-Duty Plastic Storage Bins 4-Pack,Office Supplies,Storage & Organization,3,55.0,148.5,0.1,43.5,East,New York,New York City,PayPal
ORD-2023-14776,2023-05-14,CUST-1311,Margaret Scott,PROD-OFF-124,Heavy-Duty Plastic Storage Bins 4-Pack,Office Supplies,Storage & Organization,5,55.0,275.0,0.0,102.0,Central,Ohio,Columbus,Credit Card
ORD-2024-14777,2023-01-28,CUST-1246,Barbara Nguyen,PROD-FUR-114,High-Back Leather Gaming Chair,Furniture,Chairs & Stools,2,290.0,580.0,0.0,99.4,West,Washington,Seattle,Credit Card
ORD-2022-14778,2024-04-08,CUST-1068,Amanda Ramirez,PROD-TEC-102,UltraSlim 14 Inch Notebook,Technology,Laptops & Monitors,8,1100.0,7920.0,0.1,1309.0,West,Oregon,Portland,Credit Card
ORD-2024-14779,2022-10-12,CUST-1153,Margaret Scott,PROD-FUR-114,High-Back Leather Gaming Chair,Furniture,Chairs & Stools,2,290.0,580.0,0.0,99.4,West,Oregon,Portland,Debit Card
ORD-2023-14780,2022-05-04,CUST-1121,Kevin Young,PROD-OFF-125,3-Drawer Mobile File Cabinet,Office Supplies,Storage & Organization,1,145.0,145.0,0.0,36.6,Central,Texas,Dallas,UPI / Net Banking
ORD-2024-14781,2023-02-05,CUST-1309,Christopher Lewis,PROD-TEC-101,ProBook 15.6 Inch Laptop,Technology,Laptops & Monitors,1,850.0,850.0,0.0,183.0,East,Massachusetts,Boston,Cash on Delivery
ORD-2024-14782,2023-12-11,CUST-1123,William Torres,PROD-OFF-121,Premium Multipurpose Copy Paper 5 Reams,Office Supplies,Paper & Stationary,4,38.0,144.4,0.05,53.8,North,Wisconsin,Milwaukee,Debit Card
ORD-2023-14783,2022-09-24,CUST-1239,Betty Perez,PROD-FUR-118,Solid Wood Conference Table,Furniture,Desks & Tables,8,850.0,6800.0,0.0,1009.0,East,New York,Buffalo,Debit Card
ORD-2023-14784,2023-07-29,CUST-1211,Emily Smith,PROD-TEC-105,Wireless Ergonomic Mouse,Technology,Accessories,2,35.0,63.0,0.1,16.0,West,California,Los Angeles,Debit Card
ORD-2022-14785,2023-04-13,CUST-1163,David Brown,PROD-TEC-106,Mechanical RGB Keyboard,Technology,Accessories,1,75.0,75.0,0.0,22.25,North,Wisconsin,Milwaukee,UPI / Net Banking
ORD-2024-14786,2022-06-22,CUST-1287,Amanda Martin,PROD-TEC-102,UltraSlim 14 Inch Notebook,Technology,Laptops & Monitors,8,1100.0,7920.0,0.1,1309.0,Central,Texas,Houston,Debit Card
ORD-2022-14787,2023-07-28,CUST-1334,Brian Johnson,PROD-OFF-124,Heavy-Duty Plastic Storage Bins 4-Pack,Office Supplies,Storage & Organization,1,55.0,55.0,0.0,18.0,West,Oregon,Portland,UPI / Net Banking
ORD-2022-14788,2023-08-13,CUST-1335,Edward Torres,PROD-FUR-114,High-Back Leather Gaming Chair,Furniture,Chairs & Stools,1,290.0,217.5,0.25,-24.3,West,Oregon,Portland,PayPal
ORD-2023-14789,2023-12-10,CUST-1396,Margaret White,PROD-FUR-120,Modern Modular Bookshelf,Furniture,Bookcases,1,210.0,210.0,0.0,42.2,North,Wisconsin,Milwaukee,Credit Card
ORD-2022-14790,2023-06-16,CUST-1207,Deborah Rodriguez,PROD-TEC-112,Smart Fitness Watch,Technology,Phones & Audio,1,149.0,149.0,0.0,37.72,East,Massachusetts,Boston,Credit Card
ORD-2022-14791,2024-03-25,CUST-1116,Dorothy Brown,PROD-HOM-136,Weighted Cooling Blanket 15lbs,Home & Kitchen,Bedding & Decor,3,95.0,270.75,0.05,79.5,Central,Texas,Dallas,Credit Card
ORD-2023-14792,2022-05-13,CUST-1156,Charles Wilson,PROD-HOM-134,Insulated Stainless Steel Tumbler 30oz,Home & Kitchen,Cookware & Dining,4,25.0,85.0,0.15,28.0,East,Massachusetts,Boston,Credit Card
ORD-2024-14793,2023-05-14,CUST-1232,Brian Miller,PROD-TEC-102,UltraSlim 14 Inch Notebook,Technology,Laptops & Monitors,1,1100.0,935.0,0.15,106.0,South,Georgia,Atlanta,UPI / Net Banking
ORD-2024-14794,2023-10-28,CUST-1173,Kevin Nguyen,PROD-FUR-119,5-Shelf Ladder Bookcase,Furniture,Bookcases,1,140.0,133.0,0.05,24.0,East,New York,New York City,Credit Card
ORD-2022-14795,2024-05-18,CUST-1040,Kevin Moore,PROD-TEC-112,Smart Fitness Watch,Technology,Phones & Audio,2,149.0,298.0,0.0,78.44,Central,Ohio,Columbus,Debit Card
ORD-2022-14796,2024-03-19,CUST-1346,Kevin Sanchez,PROD-TEC-111,Bluetooth Conference Speaker,Technology,Phones & Audio,4,120.0,480.0,0.0,146.6,North,Michigan,Detroit,Cash on Delivery
ORD-2024-14797,2023-03-13,CUST-1317,Deborah King,PROD-OFF-127,Professional Acrylic Paint Set,Office Supplies,Art & Craft,5,42.0,178.5,0.15,48.7,South,Florida,Miami,Debit Card
ORD-2023-14798,2022-05-17,CUST-1413,Ashley Lee,PROD-FUR-120,Modern Modular Bookshelf,Furniture,Bookcases,1,210.0,189.0,0.1,21.2,Central,Illinois,Chicago,Cash on Delivery
ORD-2024-14799,2023-12-08,CUST-1137,Steven Lewis,PROD-TEC-110,True Wireless Earbuds,Technology,Phones & Audio,2,89.0,178.0,0.0,57.3,Central,Texas,Dallas,Cash on Delivery
ORD-2023-14800,2024-04-13,CUST-1373,Andrew Wilson,PROD-FUR-113,Ergonomic Executive Mesh Chair,Furniture,Chairs & Stools,1,240.0,240.0,0.0,44.0,Central,Texas,Houston,Credit Card
ORD-2022-14801,2022-01-21,CUST-1048,Deborah Brown,PROD-HOM-136,Weighted Cooling Blanket 15lbs,Home & Kitchen,Bedding & Decor,1,95.0,95.0,0.0,29.25,South,Georgia,Atlanta,Credit Card
ORD-2024-14802,2023-11-16,CUST-1090,James Hill,PROD-OFF-124,Heavy-Duty Plastic Storage Bins 4-Pack,Office Supplies,Storage & Organization,2,55.0,93.5,0.15,22.5,North,Michigan,Detroit,Cash on Delivery
ORD-2024-14803,2023-10-29,CUST-1450,Charles Anderson,PROD-HOM-132,Non-Stick Ceramic Cookware 10-Piece,Home & Kitchen,Cookware & Dining,2,180.0,252.0,0.3,2.2,East,New York,Buffalo,PayPal
ORD-2023-14804,2023-01-14,CUST-1359,Nancy Harris,PROD-OFF-124,Heavy-Duty Plastic Storage Bins 4-Pack,Office Supplies,Storage & Organization,3,55.0,165.0,0.0,60.0,West,California,San Diego,Credit Card
ORD-2024-14805,2022-10-15,CUST-1378,Deborah Hernandez,PROD-OFF-127,Professional Acrylic Paint Set,Office Supplies,Art & Craft,4,42.0,168.0,0.0,63.56,Central,Texas,Dallas,Credit Card
ORD-2024-14806,2023-09-25,CUST-1089,Steven King,PROD-HOM-133,Stainless Steel Chef Knife 8-Inch,Home & Kitchen,Cookware & Dining,1,45.0,22.5,0.5,-6.25,South,Florida,Miami,Cash on Delivery
ORD-2024-14807,2022-09-26,CUST-1423,Ashley Scott,PROD-TEC-112,Smart Fitness Watch,Technology,Phones & Audio,1,149.0,149.0,0.0,37.72,West,California,San Diego,Debit Card
ORD-2023-14808,2024-04-05,CUST-1383,Betty Gonzalez,PROD-TEC-101,ProBook 15.6 Inch Laptop,Technology,Laptops & Monitors,1,850.0,765.0,0.1,98.0,West,Washington,Seattle,Credit Card
ORD-2024-14809,2022-10-18,CUST-1365,Joseph Jones,PROD-HOM-130,Programmable Drip Coffee Maker,Home & Kitchen,Appliances,1,75.0,71.25,0.05,18.5,Central,Texas,Austin,Debit Card
ORD-2023-14810,2023-09-26,CUST-1046,Joshua Scott,PROD-HOM-133,Stainless Steel Chef Knife 8-Inch,Home & Kitchen,Cookware & Dining,2,45.0,90.0,0.0,35.5,North,Wisconsin,Milwaukee,UPI / Net Banking
ORD-2023-14811,2022-02-23,CUST-1389,John Thompson,PROD-OFF-123,Gel Ink Pens Box of 24,Office Supplies,Paper & Stationary,3,15.0,45.0,0.0,18.75,Central,Texas,Austin,Debit Card
ORD-2022-14812,2023-11-09,CUST-1322,Nancy Lee,PROD-OFF-128,Precision Cutting Mat & Knife Set,Office Supplies,Art & Craft,10,22.0,110.0,0.5,-17.4,South,Florida,Miami,Credit Card
ORD-2024-14813,2023-03-27,CUST-1080,Sandra Smith,PROD-OFF-122,Executive Hardcover Notebook 3-Pack,Office Supplies,Paper & Stationary,6,24.0,129.6,0.1,48.6,South,Florida,Orlando,Debit Card
ORD-2024-14814,2024-03-12,CUST-1129,Daniel Ramirez,PROD-FUR-118,Solid Wood Conference Table,Furniture,Desks & Tables,1,850.0,807.5,0.05,81.0,East,New York,Buffalo,Credit Card
ORD-2022-14815,2024-03-09,CUST-1375,Deborah White,PROD-FUR-114,High-Back Leather Gaming Chair,Furniture,Chairs & Stools,4,290.0,1160.0,0.0,201.8,East,New York,New York City,Credit Card
ORD-2022-14816,2024-06-20,CUST-1437,Brian Robinson,PROD-OFF-122,Executive Hardcover Notebook 3-Pack,Office Supplies,Paper & Stationary,2,24.0,24.0,0.5,-5.0,East,New York,Buffalo,Credit Card
ORD-2024-14817,2022-08-03,CUST-1096,Jennifer Garcia,PROD-TEC-111,Bluetooth Conference Speaker,Technology,Phones & Audio,5,120.0,480.0,0.2,64.0,East,Massachusetts,Boston,PayPal
ORD-2023-14818,2024-01-13,CUST-1196,Linda Miller,PROD-TEC-110,True Wireless Earbuds,Technology,Phones & Audio,3,89.0,226.95,0.15,47.4,West,Oregon,Portland,Cash on Delivery
ORD-2024-14819,2023-12-10,CUST-1113,Emily Anderson,PROD-FUR-115,Adjustable Drafting Stool,Furniture,Chairs & Stools,1,110.0,110.0,0.0,23.5,West,Oregon,Portland,Debit Card
ORD-2023-14820,2022-03-23,CUST-1277,Carol Lee,PROD-HOM-133,Stainless Steel Chef Knife 8-Inch,Home & Kitchen,Cookware & Dining,5,45.0,213.75,0.05,82.0,East,Pennsylvania,Philadelphia,Debit Card
ORD-2022-14821,2023-11-27,CUST-1434,Daniel Ramirez,PROD-OFF-122,Executive Hardcover Notebook 3-Pack,Office Supplies,Paper & Stationary,2,24.0,33.6,0.3,4.6,Central,Texas,Dallas,Debit Card
ORD-2022-14822,2023-11-30,CUST-1438,Sarah Martin,PROD-TEC-105,Wireless Ergonomic Mouse,Technology,Accessories,3,35.0,89.25,0.15,20.25,Central,Ohio,Columbus,Credit Card
ORD-2024-14823,2023-06-20,CUST-1150,Matthew Smith,PROD-OFF-126,Desktop Document Organizer,Office Supplies,Storage & Organization,4,28.0,100.8,0.1,32.2,South,Florida,Miami,Cash on Delivery
ORD-2024-14824,2024-02-04,CUST-1194,Karen Miller,PROD-HOM-130,Programmable Drip Coffee Maker,Home & Kitchen,Appliances,4,75.0,255.0,0.15,53.0,North,Michigan,Detroit,Credit Card
ORD-2024-14825,2023-04-03,CUST-1183,Michelle Torres,PROD-HOM-134,Insulated Stainless Steel Tumbler 30oz,Home & Kitchen,Cookware & Dining,2,25.0,47.5,0.05,17.5,West,Washington,Seattle,UPI / Net Banking
ORD-2022-14826,2023-05-13,CUST-1175,Christopher Taylor,PROD-TEC-109,Noise Canceling Headphones,Technology,Phones & Audio,3,199.0,537.3,0.1,113.4,North,Michigan,Detroit,Credit Card
ORD-2023-14827,2022-08-02,CUST-1298,Carol Smith,PROD-TEC-102,UltraSlim 14 Inch Notebook,Technology,Laptops & Monitors,3,1100.0,3135.0,0.05,654.0,West,Washington,Seattle,Credit Card
ORD-2022-14828,2022-02-12,CUST-1077,Deborah Perez,PROD-FUR-120,Modern Modular Bookshelf,Furniture,Bookcases,5,210.0,997.5,0.05,170.5,South,Georgia,Atlanta,Debit Card
ORD-2024-14829,2023-05-11,CUST-1042,Kenneth Hernandez,PROD-HOM-135,100% Organic Cotton Sheet Set Queen,Home & Kitchen,Bedding & Decor,1,85.0,85.0,0.0,28.3,West,Oregon,Portland  ,Cash on Delivery
ORD-2023-14830,2023-05-16,CUST-1093,Lisa Martin,PROD-TEC-105,Wireless Ergonomic Mouse,Technology,Accessories,1,35.0,21.0,0.4,-4.0,North,Wisconsin,Milwaukee,Cash on Delivery
ORD-2024-14831,2024-03-06,CUST-1201,Susan Taylor,PROD-OFF-127,Professional Acrylic Paint Set,Office Supplies,Art & Craft,2,42.0,58.8,0.3,5.08,West,Washington,Seattle,Credit Card
ORD-2022-14832,2023-03-30,CUST-1175,Christopher Taylor,PROD-OFF-127,Professional Acrylic Paint Set,Office Supplies,Art & Craft,1,42.0,31.5,0.25,3.14,East,Pennsylvania,Philadelphia,Debit Card
ORD-2022-14833,2022-01-12,CUST-1334,Brian Johnson,PROD-TEC-101,ProBook 15.6 Inch Laptop,Technology,Laptops & Monitors,1,850.0,850.0,0.0,183.0,East,New York,New York City,UPI / Net Banking
ORD-2022-14834,2023-08-06,CUST-1024,Kenneth Taylor,PROD-TEC-104,24-Inch IPS FHD Monitor,Technology,Laptops & Monitors,2,180.0,288.0,0.2,31.0,Central,Texas,Dallas,Cash on Delivery
ORD-2022-14835,2022-02-08,CUST-1282,Kevin Garcia,PROD-OFF-125,3-Drawer Mobile File Cabinet,Office Supplies,Storage & Organization,2,145.0,261.0,0.1,47.2,Central,Illinois,Chicago,Debit Card
ORD-2022-14836,2022-08-06,CUST-1067,Joshua Hernandez,PROD-FUR-120,Modern Modular Bookshelf,Furniture,Bookcases,4,210.0,756.0,0.1,93.8,South,North Carolina,Charlotte,PayPal
ORD-2023-14837,2022-03-04,CUST-1221,Amanda Thomas,PROD-HOM-130,Programmable Drip Coffee Maker,Home & Kitchen,Appliances,1,75.0,67.5,0.1,14.75,East,New York,Buffalo,Debit Card
ORD-2022-14838,2023-07-11,CUST-1061,Margaret Nguyen,PROD-TEC-103,27-Inch 4K UHD Monitor,Technology,Laptops & Monitors,3,350.0,525.0,0.5,-237.0,East,New York,New York City,Credit Card
ORD-2024-14839,2024-01-08,CUST-1024,Kenneth Taylor,PROD-TEC-107,USB-C Multi-Port Hub,Technology,Accessories,1,45.0,45.0,0.0,16.25,South,Florida,Miami,UPI / Net Banking
ORD-2024-14840,2023-03-15,CUST-1379,Karen Miller,PROD-OFF-122,Executive Hardcover Notebook 3-Pack,Office Supplies,Paper & Stationary,3,24.0,57.6,0.2,15.6,West,Oregon,Portland,Credit Card
ORD-2024-14841,2022-08-19,CUST-1205,Sarah Williams,PROD-HOM-130,Programmable Drip Coffee Maker,Home & Kitchen,Appliances,1,75.0,60.0,0.2,7.25,South,Georgia,Atlanta,PayPal
ORD-2022-14842,2024-05-03,CUST-1011,Mary Scott,PROD-FUR-114,High-Back Leather Gaming Chair,Furniture,Chairs & Stools,1,290.0,290.0,0.0,48.2,North,Wisconsin,Milwaukee,Credit Card
ORD-2022-14843,2022-08-11,CUST-1395,Ashley Miller,PROD-TEC-103,27-Inch 4K UHD Monitor,Technology,Laptops & Monitors,3,350.0,1050.0,0.0,288.0,East,New York,New York City,PayPal
ORD-2024-14844,2024/04/17,CUST-1279,Donald Wilson,PROD-TEC-112,Smart Fitness Watch,Technology,Phones & Audio,1,149.0,134.1,0.1,22.82,Central,Illinois,Chicago,Debit Card
ORD-2023-14845,2022-12-24,CUST-1173,Kevin Nguyen,PROD-FUR-117,Compact Computer Desk,Furniture,Desks & Tables,3,130.0,370.5,0.05,60.3,West,Washington,Seattle,PayPal
ORD-2024-14846,2022-04-02,CUST-1218,John Martin,PROD-FUR-114,High-Back Leather Gaming Chair,Furniture,Chairs & Stools,2,290.0,580.0,0.0,99.4,North,Wisconsin,Milwaukee,Debit Card
ORD-2024-14847,2022-07-27,CUST-1027,Matthew Garcia,PROD-FUR-113,Ergonomic Executive Mesh Chair,Furniture,Chairs & Stools,4,240.0,768.0,0.2,-7.0,West,California,San Diego,Debit Card
ORD-2022-14848,2023-12-03,CUST-1128,Kevin Ramirez,PROD-TEC-102,UltraSlim 14 Inch Notebook,Technology,Laptops & Monitors,2,1100.0,2090.0,0.05,435.0,South,Florida,Miami,PayPal
ORD-2024-14849,2023-10-16,CUST-1007,Margaret Williams,PROD-HOM-135,100% Organic Cotton Sheet Set Queen,Home & Kitchen,Bedding & Decor,1,85.0,76.5,0.1,19.8,North,Wisconsin,Milwaukee,Debit Card
ORD-2024-14850,2022-01-22,CUST-1155,Elizabeth Gonzalez,PROD-FUR-120,Modern Modular Bookshelf,Furniture,Bookcases,4,210.0,714.0,0.15,51.8,West,California,San Francisco,Credit Card
ORD-2022-14851,2022-04-05,CUST-1052,Susan Torres,PROD-TEC-109,Noise Canceling Headphones,Technology,Phones & Audio,3,199.0,567.15,0.05,143.25,Central,Texas,Dallas,PayPal
ORD-2024-14852,2024-06-12,CUST-1233,Matthew Williams,PROD-OFF-127,Professional Acrylic Paint Set,Office Supplies,Art & Craft,3,42.0,126.0,0.0,46.92,East,Massachusetts,Boston,Credit Card
ORD-2023-14853,2022/07/26,CUST-1424,Edward Thomas,PROD-HOM-129,Digital Touchscreen Air Fryer 5.8Qt,Home & Kitchen,Appliances,2,110.0,220.0,0.0,61.0,Central,Illinois,Chicago,Credit Card
ORD-2024-14854,2023-03-20,CUST-1141,Robert Lewis,PROD-OFF-127,Professional Acrylic Paint Set,Office Supplies,Art & Craft,2,42.0,84.0,0.0,30.28,Central,Texas,Austin,Debit Card
ORD-2023-14855,2023-07-17,CUST-1292,Deborah Jones,PROD-OFF-122,Executive Hardcover Notebook 3-Pack,Office Supplies,Paper & Stationary,1,24.0,19.2,0.2,3.2,East,New York,Buffalo,PayPal
ORD-2023-14856,2023-07-06,CUST-1299,Edward Miller,PROD-HOM-132,Non-Stick Ceramic Cookware 10-Piece,Home & Kitchen,Cookware & Dining,5,180.0,855.0,0.05,235.0,South,North Carolina,Charlotte,Credit Card
ORD-2023-14857,2022-02-04,CUST-1115,James Jones,PROD-TEC-111,Bluetooth Conference Speaker,Technology,Phones & Audio,2,120.0,228.0,0.05,59.8,East,New York,Buffalo,Debit Card
ORD-2024-14858,2022-12-28,CUST-1365,Joseph Jones,PROD-TEC-104,24-Inch IPS FHD Monitor,Technology,Laptops & Monitors,2,180.0,324.0,0.1,67.0,North,Wisconsin,Milwaukee,Credit Card
ORD-2024-14859,2023-09-17,CUST-1195,William Taylor,PROD-FUR-115,Adjustable Drafting Stool,Furniture,Chairs & Stools,1,110.0,104.5,0.05,18.0,West,California,San Francisco,PayPal
ORD-2024-14860,2023-03-05,CUST-1039,Daniel Wilson,PROD-TEC-106,Mechanical RGB Keyboard,Technology,Accessories,2,75.0,150.0,0.0,47.5,Central,Texas,Austin,UPI / Net Banking
ORD-2022-14861,2022-08-24,CUST-1412,Nancy Johnson,PROD-HOM-133,Stainless Steel Chef Knife 8-Inch,Home & Kitchen,Cookware & Dining,2,45.0,85.5,0.05,31.0,East,Pennsylvania,Philadelphia,Credit Card
ORD-2022-14862,2023-03-21,CUST-1095,Jessica Torres,PROD-HOM-136,Weighted Cooling Blanket 15lbs,Home & Kitchen,Bedding & Decor,1,95.0,90.25,0.05,24.5,North,Wisconsin,Milwaukee,Debit Card
ORD-2024-14863,2024-04-28,CUST-1406,Sarah Lee,PROD-FUR-113,Ergonomic Executive Mesh Chair,Furniture,Chairs & Stools,1,240.0,240.0,0.0,44.0,West,California,Los Angeles,Debit Card
ORD-2022-14864,2022-09-27,CUST-1103,Kenneth Ramirez,PROD-FUR-118,Solid Wood Conference Table,Furniture,Desks & Tables,2,850.0,1700.0,0.0,250.0,Central,Ohio,Columbus,Credit Card
ORD-2024-14865,2023-05-26,CUST-1227,Barbara Clark,PROD-FUR-116,Electric Dual-Motor Standing Desk,Furniture,Desks & Tables,1,450.0,450.0,0.0,77.0,West,California,San Diego,Credit Card
ORD-2023-14866,2022-05-28,CUST-1049,Joseph Williams,PROD-HOM-135,100% Organic Cotton Sheet Set Queen,Home & Kitchen,Bedding & Decor,1,85.0,72.25,0.15,15.55,Central,Texas,Dallas,Debit Card
ORD-2024-14867,2023-10-18,CUST-1103,Kenneth Ramirez,PROD-TEC-109,Noise Canceling Headphones,Technology,Phones & Audio,4,199.0,796.0,0.0,231.8,South,North Carolina,Charlotte,Credit Card
ORD-2024-14868,2022-06-26,CUST-1299,Edward Miller,PROD-OFF-122,Executive Hardcover Notebook 3-Pack,Office Supplies,Paper & Stationary,2,24.0,45.6,0.05,16.6,East,New York,New York City,Cash on Delivery
ORD-2023-14869,2023-06-23,CUST-1405,George Nguyen,PROD-TEC-110,True Wireless Earbuds,Technology,Phones & Audio,1,89.0,89.0,0.0,27.15,West,Washington,Seattle,Credit Card
ORD-2023-14870,2023-06-18,CUST-1050,Christopher Sanchez,PROD-TEC-109,Noise Canceling Headphones,Technology,Phones & Audio,1,199.0,199.0,0.0,55.7,West,Oregon,Portland,UPI / Net Banking
ORD-2022-14871,2023-09-30,CUST-1227,Barbara Clark,PROD-FUR-117,Compact Computer Desk,Furniture,Desks & Tables,1,130.0,130.0,0.0,24.6,Central,Texas,Austin,Cash on Delivery
ORD-2023-14872,2023-02-15,CUST-1433,Emily King,PROD-OFF-126,Desktop Document Organizer,Office Supplies,Storage & Organization,1,28.0,28.0,0.0,8.6,North,Wisconsin,Milwaukee,Credit Card
ORD-2023-14873,2022-03-15,CUST-1237,Joseph Anderson,PROD-TEC-107,USB-C Multi-Port Hub,Technology,Accessories,2,45.0,90.0,0.0,35.5,North,Michigan,Detroit,Cash on Delivery
ORD-2023-14874,2022-01-30,CUST-1365,Joseph Jones,PROD-OFF-121,Premium Multipurpose Copy Paper 5 Reams,Office Supplies,Paper & Stationary,4,38.0,152.0,0.0,61.4,West,California,Los Angeles,Credit Card
ORD-2024-14875,2022-02-14,CUST-1249,Margaret Thompson,PROD-OFF-127,Professional Acrylic Paint Set,Office Supplies,Art & Craft,5,42.0,157.5,0.25,27.7,West,Washington,Seattle,PayPal
ORD-2022-14876,2022-07-03,CUST-1234,Mark Anderson,PROD-OFF-128,Precision Cutting Mat & Knife Set,Office Supplies,Art & Craft,1,22.0,20.9,0.05,5.46,Central,Illinois,Chicago,Credit Card
ORD-2024-14877,2024-06-13,CUST-1401,Carol Moore,PROD-TEC-109,Noise Canceling Headphones,Technology,Phones & Audio,2,199.0,398.0,0.0,114.4,South,Georgia,Atlanta,UPI / Net Banking
ORD-2023-14878,2024-06-12,CUST-1008,Mary Garcia,PROD-FUR-113,Ergonomic Executive Mesh Chair,Furniture,Chairs & Stools,6,240.0,1296.0,0.1,135.0,Central,Texas,Austin,Credit Card
ORD-2023-14879,2022-04-20,CUST-1414,Barbara Young,PROD-FUR-117,Compact Computer Desk,Furniture,Desks & Tables,10,130.0,1235.0,0.05,208.0,Central,Illinois,Chicago,PayPal
ORD-2024-14880,2024-03-05,CUST-1237,Joseph Anderson,PROD-FUR-115,Adjustable Drafting Stool,Furniture,Chairs & Stools,4,110.0,440.0,0.0,103.0,East,New York,New York City,PayPal
ORD-2023-14881,2023-06-17,CUST-1129,Daniel Ramirez,PROD-FUR-119,5-Shelf Ladder Bookcase,Furniture,Bookcases,5,140.0,630.0,0.1,97.0,West,Oregon,Portland,Credit Card
ORD-2022-14882,2024-06-26,CUST-1227,Barbara Clark,PROD-HOM-132,Non-Stick Ceramic Cookware 10-Piece,Home & Kitchen,Cookware & Dining,3,180.0,486.0,0.1,112.8,Central,Illinois,Chicago,Credit Card
ORD-2024-14883,2022-01-05,CUST-1427,Donald Johnson,PROD-TEC-107,USB-C Multi-Port Hub,Technology,Accessories,5,45.0,213.75,0.05,82.0,South,North Carolina,Charlotte,Credit Card
ORD-2022-14884,2023-11-04,CUST-1099,Deborah Rodriguez,PROD-TEC-102,UltraSlim 14 Inch Notebook,Technology,Laptops & Monitors,1,1100.0,880.0,0.2,51.0,East,New York,Buffalo,Debit Card
ORD-2024-14885,2024-02-22,CUST-1200,Susan Perez,PROD-OFF-121,Premium Multipurpose Copy Paper 5 Reams,Office Supplies,Paper & Stationary,2,38.0,64.6,0.15,17.8,West,Oregon,Portland,Credit Card
ORD-2023-14886,2022-05-10,CUST-1421,Jennifer Thomas,PROD-OFF-127,Professional Acrylic Paint Set,Office Supplies,Art & Craft,5,42.0,199.5,0.05,69.7,East,Pennsylvania,Philadelphia,Credit Card
ORD-2023-14887,2022-11-24,CUST-1215,Lisa Nguyen,PROD-TEC-112,Smart Fitness Watch,Technology,Phones & Audio,10,149.0,1490.0,0.0,404.2,Central,Texas,Dallas,Debit Card
ORD-2022-14888,2024/06/02,CUST-1270, Amanda Lopez ,PROD-HOM-136,Weighted Cooling Blanket 15lbs,Home & Kitchen,Bedding & Decor,5,95.0,403.75,0.15,87.0,Central,Ohio,Columbus,Credit Card
ORD-2024-14889,2022-06-07,CUST-1280,Paul Walker,PROD-OFF-126,Desktop Document Organizer,Office Supplies,Storage & Organization,4,28.0,106.4,0.05,37.8,North,Wisconsin,Milwaukee,Debit Card
ORD-2022-14890,2024-02-13,CUST-1098,Robert Wright,PROD-TEC-101,ProBook 15.6 Inch Laptop,Technology,Laptops & Monitors,3,850.0,2550.0,0.0,555.0,South,North Carolina,Charlotte,Credit Card
ORD-2024-14891,2022-06-24,CUST-1086,Kenneth Gonzalez,PROD-FUR-114,High-Back Leather Gaming Chair,Furniture,Chairs & Stools,2,290.0,580.0,0.0,99.4,East,Massachusetts,Boston,Credit Card
ORD-2024-14892,2022-03-11,CUST-1297,Jessica Martinez,PROD-HOM-136,Weighted Cooling Blanket 15lbs,Home & Kitchen,Bedding & Decor,1,95.0,76.0,0.2,10.25,West,California,Los Angeles,PayPal
ORD-2024-14893,2023-11-11,CUST-1086,Kenneth Gonzalez,PROD-FUR-120,Modern Modular Bookshelf,Furniture,Bookcases,1,210.0,199.5,0.05,31.7,West,California,San Francisco,Cash on Delivery
ORD-2024-14894,2022-06-21,CUST-1361,Thomas Garcia,PROD-OFF-125,3-Drawer Mobile File Cabinet,Office Supplies,Storage & Organization,4,145.0,551.0,0.05,126.4,South,Florida,Orlando,Credit Card
ORD-2023-14895,2023-09-23,CUST-1166,Kenneth Jones,PROD-OFF-123,Gel Ink Pens Box of 24,Office Supplies,Paper & Stationary,2,15.0,30.0,0.0,11.5,West,Oregon,Portland,Credit Card
ORD-2023-14896,2023-01-07,CUST-1435,Melissa Scott,PROD-HOM-134,Insulated Stainless Steel Tumbler 30oz,Home & Kitchen,Cookware & Dining,3,25.0,71.25,0.05,27.75,South,Georgia,Atlanta,Debit Card
ORD-2024-14897,2022-08-09,CUST-1332,Susan Clark,PROD-HOM-134,Insulated Stainless Steel Tumbler 30oz,Home & Kitchen,Cookware & Dining,1,25.0,22.5,0.1,6.0,South,Florida,Miami,UPI / Net Banking
ORD-2024-14898,2023-05-15,CUST-1188,Robert Thomas,PROD-FUR-114,High-Back Leather Gaming Chair,Furniture,Chairs & Stools,2,290.0,493.0,0.15,12.4,South,Florida,Miami,Credit Card
ORD-2024-14899,2024-02-16,CUST-1030,Lisa Torres,PROD-FUR-120,Modern Modular Bookshelf,Furniture,Bookcases,1,210.0,210.0,0.0,42.2,West,California,Los Angeles,Debit Card
ORD-2023-14900,2023-09-03,CUST-1400,George King,PROD-HOM-133,Stainless Steel Chef Knife 8-Inch,Home & Kitchen,Cookware & Dining,10,45.0,427.5,0.05,167.0,Central,Ohio,Columbus,PayPal
ORD-2022-14901,2024-04-09,CUST-1037,Joshua White,PROD-HOM-136,Weighted Cooling Blanket 15lbs,Home & Kitchen,Bedding & Decor,1,95.0,95.0,0.0,29.25,Central,Ohio,Columbus,PayPal
ORD-2023-14902,2023-07-03,CUST-1379,Karen Miller,PROD-HOM-131,Compact HEPA Air Purifier,Home & Kitchen,Appliances,10,130.0,1300.0,0.0,351.0,South,Georgia,Atlanta,Credit Card
ORD-2024-14903,2024-03-09,CUST-1265,Christopher Sanchez,PROD-OFF-126,Desktop Document Organizer,Office Supplies,Storage & Organization,3,28.0,79.8,0.05,27.6,East,Pennsylvania,Philadelphia,Credit Card
ORD-2022-14904,2024-04-28,CUST-1029,Joshua Flores,PROD-HOM-136,Weighted Cooling Blanket 15lbs,Home & Kitchen,Bedding & Decor,1,95.0,95.0,0.0,29.25,South,Florida,Miami,Credit Card
ORD-2022-14905,2024-02-20,CUST-1337,James Thompson,PROD-OFF-121,Premium Multipurpose Copy Paper 5 Reams,Office Supplies,Paper & Stationary,3,38.0,114.0,0.0,45.3,South,North Carolina,Charlotte,PayPal
ORD-2024-14906,2024-02-17,CUST-1192,Michelle King,PROD-OFF-127,Professional Acrylic Paint Set,Office Supplies,Art & Craft,3,42.0,119.7,0.05,40.62,West,Oregon,Portland,PayPal
ORD-2022-14907,2022-04-17,CUST-1174,Andrew King,PROD-HOM-136,Weighted Cooling Blanket 15lbs,Home & Kitchen,Bedding & Decor,1,95.0,95.0,0.0,29.25,East,New York,New York City,PayPal
ORD-2024-14908,2023-10-24,CUST-1350,Mary Sanchez,PROD-FUR-119,5-Shelf Ladder Bookcase,Furniture,Bookcases,3,140.0,378.0,0.1,57.0,West,Washington,Seattle  ,Credit Card
ORD-2022-14909,2023-02-07,CUST-1334,Brian Johnson,PROD-HOM-129,Digital Touchscreen Air Fryer 5.8Qt,Home & Kitchen,Appliances,5,110.0,522.5,0.05,129.5,West,California,San Francisco,Debit Card
ORD-2023-14910,2023-12-07,CUST-1249,Margaret Thompson,PROD-TEC-111,Bluetooth Conference Speaker,Technology,Phones & Audio,1,120.0,120.0,0.0,34.4,West,California,San Diego,Credit Card
ORD-2022-14911,2023-12-04,CUST-1273,Emily Smith,PROD-FUR-114,High-Back Leather Gaming Chair,Furniture,Chairs & Stools,1,290.0,232.0,0.2,-9.8,Central,Texas,Austin,Debit Card
ORD-2024-14912,2022-02-28,CUST-1019,Elizabeth Wilson,PROD-OFF-127,Professional Acrylic Paint Set,Office Supplies,Art & Craft,3,42.0,88.2,0.3,9.12,East,New York,Buffalo,UPI / Net Banking
ORD-2023-14913,2024-06-29,CUST-1397,Joshua Robinson,PROD-TEC-109,Noise Canceling Headphones,Technology,Phones & Audio,2,199.0,398.0,0.0,114.4,West,California,Los Angeles,Debit Card
ORD-2023-14914,2023-04-13,CUST-1128,Kevin Ramirez,PROD-FUR-114,High-Back Leather Gaming Chair,Furniture,Chairs & Stools,3,290.0,870.0,0.0,150.6,Central,Texas,Dallas,PayPal
ORD-2023-14915,2022-12-19,CUST-1231,Sarah Hernandez,PROD-OFF-124,Heavy-Duty Plastic Storage Bins 4-Pack,Office Supplies,Storage & Organization,2,55.0,88.0,0.2,17.0,South,Georgia,Atlanta,Debit Card
ORD-2024-14916,2023-01-04,CUST-1013,Anthony Anderson,PROD-OFF-128,Precision Cutting Mat & Knife Set,Office Supplies,Art & Craft,8,22.0,176.0,0.0,73.48,East,Massachusetts,Boston,Credit Card
ORD-2024-14917,2023-04-30,CUST-1058,Melissa Scott,PROD-FUR-115,Adjustable Drafting Stool,Furniture,Chairs & Stools,3,110.0,297.0,0.1,43.5,West,California,Los Angeles,Credit Card
ORD-2022-14918,2022-09-02,CUST-1147,Ashley Walker,PROD-HOM-129,Digital Touchscreen Air Fryer 5.8Qt,Home & Kitchen,Appliances,1,110.0,88.0,0.2,7.0,South,Georgia,Atlanta,PayPal
ORD-2022-14919,2022-10-21,CUST-1419,Emily Smith,PROD-TEC-108,HD Pro Webcam 1080p,Technology,Accessories,3,65.0,185.25,0.05,58.35,East,Pennsylvania,Philadelphia,Debit Card
ORD-2022-14920,2023-03-14,CUST-1309,Christopher Lewis,PROD-OFF-122,Executive Hardcover Notebook 3-Pack,Office Supplies,Paper & Stationary,3,24.0,68.4,0.05,26.4,East,New York,New York City,Cash on Delivery
ORD-2024-14921,2023-03-28,CUST-1439,Thomas Anderson,PROD-OFF-124,Heavy-Duty Plastic Storage Bins 4-Pack,Office Supplies,Storage & Organization,4,55.0,220.0,0.0,81.0,Central,Ohio,Columbus,UPI / Net Banking
ORD-2024-14922,2022-07-15,CUST-1127,Michael Miller,PROD-TEC-110,True Wireless Earbuds,Technology,Phones & Audio,1,89.0,84.55,0.05,22.7,West,California,San Diego,Debit Card
ORD-2022-14923,2022-03-24,CUST-1267,Emily Rodriguez,PROD-TEC-101,ProBook 15.6 Inch Laptop,Technology,Laptops & Monitors,4,850.0,3400.0,0.0,741.0,East,New York,New York City,Credit Card
ORD-2022-14924,2023-01-24,CUST-1027,Matthew Garcia,PROD-FUR-117,Compact Computer Desk,Furniture,Desks & Tables,1,130.0,123.5,0.05,18.1,Central,Ohio,Columbus  ,Credit Card
ORD-2022-14925,2022-09-22,CUST-1115,James Jones,PROD-OFF-127,Professional Acrylic Paint Set,Office Supplies,Art & Craft,3,42.0,113.4,0.1,34.32,West,Oregon,Portland,Debit Card
ORD-2023-14926,2023-02-04,CUST-1357,Christopher Wilson,PROD-HOM-134,Insulated Stainless Steel Tumbler 30oz,Home & Kitchen,Cookware & Dining,3,25.0,71.25,0.05,27.75,West,Oregon,Portland,Debit Card
ORD-2024-14927,2023-06-24,CUST-1341,Kenneth Anderson,PROD-HOM-131,Compact HEPA Air Purifier,Home & Kitchen,Appliances,8,130.0,988.0,0.05,228.2,West,Washington,Seattle,Debit Card
ORD-2022-14928,2022-03-25,CUST-1405,George Nguyen,PROD-OFF-127,Professional Acrylic Paint Set,Office Supplies,Art & Craft,1,42.0,39.9,0.05,11.54,West,California,San Diego,Credit Card
ORD-2024-14929,2024-03-18,CUST-1015,Sarah Smith,PROD-OFF-121,Premium Multipurpose Copy Paper 5 Reams,Office Supplies,Paper & Stationary,2,38.0,76.0,0.0,29.2,West,California,San Francisco,Credit Card
ORD-2023-14930,2022-11-03,CUST-1032,John Anderson,PROD-TEC-109,Noise Canceling Headphones,Technology,Phones & Audio,1,199.0,169.15,0.15,25.85,North,Wisconsin,Milwaukee,Credit Card
ORD-2024-14931,2024-02-20,CUST-1227,Barbara Clark,PROD-OFF-128,Precision Cutting Mat & Knife Set,Office Supplies,Art & Craft,2,22.0,44.0,0.0,16.12,West,Oregon,Portland,Debit Card
ORD-2022-14932,2022-08-21,CUST-1018,Nancy Moore,PROD-HOM-132,Non-Stick Ceramic Cookware 10-Piece,Home & Kitchen,Cookware & Dining,1,180.0,162.0,0.1,35.6,East,New York,Buffalo,Credit Card
ORD-2024-14933,2022-11-11,CUST-1056,Elizabeth Taylor,PROD-TEC-111,Bluetooth Conference Speaker,Technology,Phones & Audio,3,120.0,324.0,0.1,73.2,West,California,San Francisco,Debit Card
ORD-2023-14934,2023-12-11,CUST-1265,Christopher Sanchez,PROD-TEC-104,24-Inch IPS FHD Monitor,Technology,Laptops & Monitors,2,180.0,342.0,0.05,85.0,West,California,San Francisco,Debit Card
ORD-2022-14935,2024-04-10,CUST-1359,Nancy Harris,PROD-HOM-130,Programmable Drip Coffee Maker,Home & Kitchen,Appliances,2,75.0,135.0,0.1,32.5,Central,Texas,Austin,Credit Card
ORD-2023-14936,2022-07-25,CUST-1069,Kenneth Jones,PROD-HOM-132,Non-Stick Ceramic Cookware 10-Piece,Home & Kitchen,Cookware & Dining,2,180.0,360.0,0.0,110.2,Central,Illinois,Chicago,Debit Card
ORD-2024-14937,2024-02-01,CUST-1039, Daniel Wilson ,PROD-TEC-103,27-Inch 4K UHD Monitor,Technology,Laptops & Monitors,5,350.0,1575.0,0.1,307.0,South,North Carolina,Charlotte,PayPal
ORD-2022-14938,2022-08-01,CUST-1144,James Garcia,PROD-OFF-127,Professional Acrylic Paint Set,Office Supplies,Art & Craft,8,42.0,302.4,0.1,96.52,North,Michigan,Detroit,Credit Card
ORD-2022-14939,2024-01-12,CUST-1188,Robert Thomas,PROD-OFF-126,Desktop Document Organizer,Office Supplies,Storage & Organization,1,28.0,26.6,0.05,7.2,North,Minnesota,Minneapolis,Debit Card
ORD-2023-14940,2022-02-08,CUST-1416,Thomas Perez,PROD-TEC-111,Bluetooth Conference Speaker,Technology,Phones & Audio,1,120.0,114.0,0.05,28.4,Central,Texas,Austin,Credit Card
ORD-2024-14941,2022-08-22,CUST-1180,Sandra Lee,PROD-TEC-107,USB-C Multi-Port Hub,Technology,Accessories,3,45.0,81.0,0.4,0.75,South,North Carolina,Charlotte,Credit Card
ORD-2024-14942,2024-02-02,CUST-1407,Jessica Garcia,PROD-FUR-120,Modern Modular Bookshelf,Furniture,Bookcases,1,210.0,210.0,0.0,42.2,West,Oregon,Portland,Credit Card
ORD-2022-14943,2022-12-08,CUST-1148,Susan Sanchez,PROD-HOM-131,Compact HEPA Air Purifier,Home & Kitchen,Appliances,3,130.0,390.0,0.0,103.2,South,Florida,Orlando,UPI / Net Banking
ORD-2022-14944,2022-02-16,CUST-1392,Robert Allen,PROD-OFF-126,Desktop Document Organizer,Office Supplies,Storage & Organization,1,28.0,16.8,0.4,-2.6,Central,Illinois,Chicago,
ORD-2024-14945,2023-09-11,CUST-1070,Matthew Harris,PROD-HOM-131,Compact HEPA Air Purifier,Home & Kitchen,Appliances,2,130.0,247.0,0.05,54.8,West,California,San Diego,Debit Card
ORD-2023-14946,2023-03-05,CUST-1288,Joseph Gonzalez,PROD-FUR-115,Adjustable Drafting Stool,Furniture,Chairs & Stools,1,110.0,99.0,0.1,12.5,West,California,San Francisco,Credit Card
ORD-2022-14947,2023-06-23,CUST-1395,Ashley Miller,PROD-TEC-110,True Wireless Earbuds,Technology,Phones & Audio,2,89.0,169.1,0.05,48.4,West,Oregon,Portland,Credit Card
ORD-2023-14948,2023-08-17,CUST-1287,Amanda Martin,PROD-TEC-103,27-Inch 4K UHD Monitor,Technology,Laptops & Monitors,5,350.0,1575.0,0.1,307.0,East,New York,New York City,Debit Card
ORD-2022-14949,2023-06-22,CUST-1002,Mary Moore,PROD-HOM-130,Programmable Drip Coffee Maker,Home & Kitchen,Appliances,2,75.0,150.0,0.0,47.5,Central,Ohio,Columbus,PayPal
ORD-2023-14950,2022-01-11,CUST-1156,Charles Wilson,PROD-FUR-117,Compact Computer Desk,Furniture,Desks & Tables,3,130.0,390.0,0.0,79.8,South,North Carolina,Charlotte,Credit Card
ORD-2023-14951,2023-11-27,CUST-1430,Brian Thomas,PROD-OFF-126,Desktop Document Organizer,Office Supplies,Storage & Organization,6,28.0,168.0,0.0,66.6,West,California,San Diego,Debit Card
ORD-2024-14952,2023-02-12,CUST-1166,Kenneth Jones,PROD-HOM-135,100% Organic Cotton Sheet Set Queen,Home & Kitchen,Bedding & Decor,1,85.0,72.25,0.15,15.55,Central,Texas,Dallas,Credit Card
ORD-2022-14953,2022-06-23,CUST-1149,Patricia Hernandez,PROD-TEC-112,Smart Fitness Watch,Technology,Phones & Audio,3,149.0,424.65,0.05,96.81,East,New York,New York City,Cash on Delivery
ORD-2022-14954,2024-04-26,CUST-1220,Daniel Wilson,PROD-HOM-131,Compact HEPA Air Purifier,Home & Kitchen,Appliances,5,130.0,650.0,0.0,174.0,Central,Illinois,Chicago,Credit Card
ORD-2024-14955,2024-03-27,CUST-1412,Nancy Johnson,PROD-TEC-106,Mechanical RGB Keyboard,Technology,Accessories,3,75.0,168.75,0.25,16.5,West,California,San Diego,PayPal
ORD-2022-14956,2022-05-17,CUST-1418,Brian Moore,PROD-TEC-110,True Wireless Earbuds,Technology,Phones & Audio,2,89.0,178.0,0.0,57.3,North,Michigan,Detroit,Debit Card
ORD-2022-14957,2024-01-03,CUST-1395,Ashley Miller,PROD-TEC-109,Noise Canceling Headphones,Technology,Phones & Audio,2,199.0,358.2,0.1,74.6,West,California,San Diego,Credit Card
ORD-2023-14958,2022-09-03,CUST-1012,Richard Wright,PROD-TEC-110,True Wireless Earbuds,Technology,Phones & Audio,6,89.0,480.6,0.1,124.5,South,Florida,Orlando,Credit Card
ORD-2023-14959,2023-06-24,CUST-1310,Michelle Allen,PROD-TEC-111,Bluetooth Conference Speaker,Technology,Phones & Audio,2,120.0,168.0,0.3,-0.2,West,Oregon,Portland,Credit Card
ORD-2023-14960,2023-08-04,CUST-1050,Christopher Sanchez,PROD-FUR-115,Adjustable Drafting Stool,Furniture,Chairs & Stools,2,110.0,220.0,0.0,50.0,East,Pennsylvania,Philadelphia,UPI / Net Banking
ORD-2023-14961,2023-02-25,CUST-1095,Jessica Torres,PROD-FUR-118,Solid Wood Conference Table,Furniture,Desks & Tables,10,850.0,8075.0,0.05,837.0,South,Georgia,Atlanta,UPI / Net Banking
ORD-2024-14962,2024-06-08,CUST-1233,,PROD-HOM-130,Programmable Drip Coffee Maker,Home & Kitchen,Appliances,3,75.0,225.0,0.0,72.75,East,Pennsylvania,Philadelphia,Credit Card
ORD-2023-14963,2022-02-10,CUST-1306,William Robinson,PROD-TEC-104,24-Inch IPS FHD Monitor,Technology,Laptops & Monitors,1,180.0,180.0,0.0,50.0,West,Washington,Seattle,Credit Card
ORD-2022-14964,2024-01-09,CUST-1172,Jennifer Clark,PROD-OFF-128,Precision Cutting Mat & Knife Set,Office Supplies,Art & Craft,1,22.0,20.9,0.05,5.46,West,Washington,Seattle,PayPal
ORD-2022-14965,2023-03-16,CUST-1096,Jennifer Garcia,PROD-TEC-110,True Wireless Earbuds,Technology,Phones & Audio,1,89.0,75.65,0.15,13.8,North,Minnesota,Minneapolis,PayPal
ORD-2023-14966,2022-07-20,CUST-1279,Donald Wilson,PROD-TEC-112,Smart Fitness Watch,Technology,Phones & Audio,3,149.0,335.25,0.25,7.41,East,Pennsylvania,Philadelphia,Cash on Delivery
ORD-2022-14967,2022-07-10,CUST-1083,Paul Miller,PROD-HOM-134,Insulated Stainless Steel Tumbler 30oz,Home & Kitchen,Cookware & Dining,3,25.0,67.5,0.1,24.0,West,California,San Francisco,Debit Card
ORD-2022-14968,2024-01-10,CUST-1084,Joshua Martin,PROD-FUR-114,High-Back Leather Gaming Chair,Furniture,Chairs & Stools,3,290.0,783.0,0.1,63.6,Central,Texas,Austin,Credit Card
ORD-2024-14969,2022-10-26,CUST-1419,Emily Smith,PROD-TEC-103,27-Inch 4K UHD Monitor,Technology,Laptops & Monitors,2,350.0,665.0,0.05,156.0,West,California,Los Angeles,Credit Card
ORD-2024-14970,2022-06-08,CUST-1129,Daniel Ramirez,PROD-OFF-124,Heavy-Duty Plastic Storage Bins 4-Pack,Office Supplies,Storage & Organization,1,55.0,55.0,0.0,18.0,West,Washington,Seattle,Credit Card
ORD-2024-14971,2022-08-21,CUST-1448,Kenneth Jackson,PROD-OFF-123,Gel Ink Pens Box of 24,Office Supplies,Paper & Stationary,6,15.0,76.5,0.15,27.0,South,Florida,Miami,Credit Card
ORD-2024-14972,2023-04-16,CUST-1143,Patricia Wright,PROD-TEC-108,HD Pro Webcam 1080p,Technology,Accessories,3,65.0,185.25,0.05,58.35,North,Minnesota,Minneapolis,PayPal
ORD-2022-14973,2022-08-01,CUST-1367,Edward Johnson,PROD-HOM-134,Insulated Stainless Steel Tumbler 30oz,Home & Kitchen,Cookware & Dining,2,25.0,40.0,0.2,10.0,East,Massachusetts,Boston,Credit Card
ORD-2024-14974,2022-01-23,CUST-1175,Christopher Taylor,PROD-FUR-116,Electric Dual-Motor Standing Desk,Furniture,Desks & Tables,3,450.0,1350.0,0.0,237.0,East,New York,New York City,PayPal
ORD-2022-14975,2023-06-05,CUST-1359,Nancy Harris,PROD-TEC-112,Smart Fitness Watch,Technology,Phones & Audio,1,149.0,134.1,0.1,22.82,North,Minnesota,Minneapolis,Credit Card
ORD-2022-14976,2022-01-06,CUST-1247,Thomas Williams,PROD-TEC-101,ProBook 15.6 Inch Laptop,Technology,Laptops & Monitors,1,850.0,850.0,0.0,183.0,East,Massachusetts,Boston,Credit Card
ORD-2023-14977,2023-02-08,CUST-1349,Michelle Wright,PROD-HOM-130,Programmable Drip Coffee Maker,Home & Kitchen,Appliances,1,75.0,71.25,0.05,18.5,West,California,San Diego,PayPal
ORD-2024-14978,2022-09-13,CUST-1379,Karen Miller,PROD-OFF-124,Heavy-Duty Plastic Storage Bins 4-Pack,Office Supplies,Storage & Organization,4,55.0,187.0,0.15,48.0,Central,Texas,Dallas,Credit Card
ORD-2022-14979,2023-04-15,CUST-1433,Emily King,PROD-TEC-101,ProBook 15.6 Inch Laptop,Technology,Laptops & Monitors,3,850.0,2550.0,0.0,555.0,East,New York,Buffalo,UPI / Net Banking
ORD-2024-14980,2022-09-28,CUST-1321,Jessica Moore,PROD-TEC-107,USB-C Multi-Port Hub,Technology,Accessories,1,45.0,45.0,0.0,16.25,South,Florida,Miami,UPI / Net Banking
ORD-2022-14981,2023-11-01,CUST-1156,Charles Wilson,PROD-TEC-105,Wireless Ergonomic Mouse,Technology,Accessories,1,35.0,35.0,0.0,10.0,Central,Texas,Houston,PayPal
ORD-2024-14982,2023-08-07,CUST-1424,Edward Thomas,PROD-FUR-117,Compact Computer Desk,Furniture,Desks & Tables,1,130.0,123.5,0.05,18.1,North,Michigan,Detroit,Credit Card
ORD-2023-14983,2022-06-24,CUST-1431,Karen Nguyen,PROD-FUR-119,5-Shelf Ladder Bookcase,Furniture,Bookcases,5,140.0,490.0,0.3,-43.0,West,California,San Diego,PayPal
ORD-2024-14984,2024-01-21,CUST-1116,Dorothy Brown,PROD-TEC-109,Noise Canceling Headphones,Technology,Phones & Audio,1,199.0,179.1,0.1,35.8,South,North Carolina,Charlotte,Credit Card
ORD-2022-14985,2023-05-05,CUST-1037,Joshua White,PROD-OFF-123,Gel Ink Pens Box of 24,Office Supplies,Paper & Stationary,3,15.0,38.25,0.15,12.0,West,California,San Francisco,Credit Card
ORD-2023-14986,2023-11-24,CUST-1432,Lisa Walker,PROD-OFF-127,Professional Acrylic Paint Set,Office Supplies,Art & Craft,1,42.0,39.9,0.05,11.54,North,Wisconsin,Milwaukee,PayPal
ORD-2024-14987,2022-03-21,CUST-1383,Betty Gonzalez,PROD-TEC-112,Smart Fitness Watch,Technology,Phones & Audio,2,149.0,283.1,0.05,63.54,West,California,San Francisco,Credit Card
ORD-2023-14988,2023-03-25,CUST-1282,Kevin Garcia,PROD-HOM-130,Programmable Drip Coffee Maker,Home & Kitchen,Appliances,2,75.0,142.5,0.05,40.0,West,California,Los Angeles,Cash on Delivery
ORD-2023-14989,2023-10-05,CUST-1445,Melissa Walker,PROD-FUR-115,Adjustable Drafting Stool,Furniture,Chairs & Stools,3,110.0,297.0,0.1,43.5,East,New York,New York City,Cash on Delivery
ORD-2024-14990,2022-03-12,CUST-1376,David Hill,PROD-TEC-103,27-Inch 4K UHD Monitor,Technology,Laptops & Monitors,3,350.0,840.0,0.2,78.0,West,California,Los Angeles,Debit Card
ORD-2023-14991,2023-09-13,CUST-1328,Robert Clark,PROD-FUR-120,Modern Modular Bookshelf,Furniture,Bookcases,2,210.0,420.0,0.0,87.4,Central,Texas,Houston,UPI / Net Banking
ORD-2022-14992,2022-10-14,CUST-1132,Amanda Miller,PROD-TEC-105,Wireless Ergonomic Mouse,Technology,Accessories,1,35.0,35.0,0.0,10.0,South,Florida,Miami,Credit Card
ORD-2022-14993,2024-01-20,CUST-1431,Karen Nguyen,PROD-FUR-119,5-Shelf Ladder Bookcase,Furniture,Bookcases,3,140.0,378.0,0.1,57.0,West,Oregon,Portland,PayPal
ORD-2023-14994,2022-10-24,CUST-1029,Joshua Flores,PROD-FUR-117,Compact Computer Desk,Furniture,Desks & Tables,2,130.0,208.0,0.2,0.2,South,Florida,Miami,UPI / Net Banking
ORD-2022-14995,2022-03-18,CUST-1015,Sarah Smith,PROD-OFF-123,Gel Ink Pens Box of 24,Office Supplies,Paper & Stationary,1,15.0,15.0,0.0,4.25,East,Pennsylvania,Philadelphia,Debit Card
ORD-2023-14996,2022-02-09,CUST-1199,Charles Hill,PROD-OFF-127,Professional Acrylic Paint Set,Office Supplies,Art & Craft,5,42.0,199.5,0.05,69.7,South,Florida,Miami,Credit Card
ORD-2023-14997,2023-06-19,CUST-1117,Joseph Jones,PROD-OFF-123,Gel Ink Pens Box of 24,Office Supplies,Paper & Stationary,1,15.0,12.0,0.2,1.25,West,California,Los Angeles,PayPal
ORD-2023-14998,2023-05-01,CUST-1027,Matthew Garcia,PROD-TEC-110,True Wireless Earbuds,Technology,Phones & Audio,1,89.0,66.75,0.25,4.9,Central,Illinois,Chicago,PayPal
ORD-2022-14999,2022-03-23,CUST-1364,Patricia Thompson,PROD-OFF-128,Precision Cutting Mat & Knife Set,Office Supplies,Art & Craft,1,22.0,20.9,0.05,5.46,North,Michigan,Detroit,UPI / Net Banking
ORD-2022-15000,2022-09-27,CUST-1058,Melissa Scott,PROD-TEC-103,27-Inch 4K UHD Monitor,Technology,Laptops & Monitors,1,350.0,350.0,0.0,94.0,West,Washington,Seattle,Credit Card
ORD-2024-15001,2024-06-13,CUST-1256,James King,PROD-TEC-112,Smart Fitness Watch,Technology,Phones & Audio,3,149.0,447.0,0.0,119.16,West,California,San Diego,PayPal
ORD-2022-15002,2022-07-11,CUST-1075,Amanda Wright,PROD-TEC-101,ProBook 15.6 Inch Laptop,Technology,Laptops & Monitors,2,850.0,1530.0,0.1,199.0,North,Minnesota,Minneapolis,Credit Card
ORD-2024-15003,2024-02-05,CUST-1091,Christopher Young,PROD-FUR-120,Modern Modular Bookshelf,Furniture,Bookcases,3,210.0,630.0,0.0,132.6,West,California,Los Angeles,Credit Card
ORD-2024-15004,2022-05-12,CUST-1163,David Brown,PROD-FUR-115,Adjustable Drafting Stool,Furniture,Chairs & Stools,1,110.0,110.0,0.0,23.5,West,California,San Francisco,UPI / Net Banking
ORD-2024-15005,2023-08-12,CUST-1122,Susan Wright,PROD-TEC-105,Wireless Ergonomic Mouse,Technology,Accessories,3,35.0,73.5,0.3,4.5,Central,Ohio,Columbus,Credit Card
ORD-2024-15006,2023-09-18,CUST-1350,Mary Sanchez,PROD-HOM-133,Stainless Steel Chef Knife 8-Inch,Home & Kitchen,Cookware & Dining,1,45.0,45.0,0.0,16.25,West,California,Los Angeles,PayPal
ORD-2024-15007,2022-05-19,CUST-1339,Anthony Wright,PROD-TEC-112,Smart Fitness Watch,Technology,Phones & Audio,2,149.0,298.0,0.0,78.44,East,Massachusetts,Boston,Credit Card
ORD-2023-15008,2023-09-30,CUST-1077,Deborah Perez,PROD-OFF-123,Gel Ink Pens Box of 24,Office Supplies,Paper & Stationary,1,15.0,15.0,0.0,4.25,South,Georgia,Atlanta,Credit Card
ORD-2023-15009,2023-10-23,CUST-1089,Steven King,PROD-HOM-131,Compact HEPA Air Purifier,Home & Kitchen,Appliances,3,130.0,390.0,0.0,103.2,East,New York,Buffalo,PayPal
ORD-2023-15010,2023-07-16,CUST-1033,Deborah Jackson,PROD-TEC-106,Mechanical RGB Keyboard,Technology,Accessories,2,75.0,150.0,0.0,47.5,South,Florida,Miami,Credit Card
ORD-2023-15011,2022-06-01,CUST-1420,Kimberly Gonzalez,PROD-FUR-118,Solid Wood Conference Table,Furniture,Desks & Tables,1,850.0,722.5,0.15,-4.0,Central,Texas,Houston,Credit Card
ORD-2023-15012,2023-04-12,CUST-1235, Richard Robinson ,PROD-HOM-133,Stainless Steel Chef Knife 8-Inch,Home & Kitchen,Cookware & Dining,1,45.0,36.0,0.2,7.25,West,California,Los Angeles  ,Credit Card
ORD-2024-15013,2023-09-17,CUST-1406,Sarah Lee,PROD-FUR-115,Adjustable Drafting Stool,Furniture,Chairs & Stools,2,110.0,165.0,0.25,-5.0,East,Pennsylvania,Philadelphia,PayPal
ORD-2023-15014,2023-04-11,CUST-1296,Ashley Sanchez,PROD-TEC-112,Smart Fitness Watch,Technology,Phones & Audio,2,149.0,283.1,0.05,63.54,South,Florida,Miami,Cash on Delivery
ORD-2023-15015,2023-10-21,CUST-1084,Joshua Martin,PROD-TEC-102,UltraSlim 14 Inch Notebook,Technology,Laptops & Monitors,1,1100.0,1100.0,0.0,271.0,North,Michigan,Detroit,PayPal
ORD-2022-15016,2023-11-27,CUST-1072,Kimberly Taylor,PROD-OFF-125,3-Drawer Mobile File Cabinet,Office Supplies,Storage & Organization,2,145.0,275.5,0.05,61.7,South,North Carolina,Charlotte,PayPal
ORD-2022-15017,2022-03-31,CUST-1436,Nancy Thompson,PROD-TEC-102,UltraSlim 14 Inch Notebook,Technology,Laptops & Monitors,5,1100.0,5225.0,0.05,1092.0,West,Oregon,Portland,Debit Card
ORD-2024-15018,2023-11-19,CUST-1245,Linda Taylor,PROD-OFF-126,Desktop Document Organizer,Office Supplies,Storage & Organization,2,28.0,53.2,0.05,17.4,West,Washington,Seattle,Credit Card
ORD-2022-15019,2022-08-12,CUST-1418,Brian Moore,PROD-OFF-123,Gel Ink Pens Box of 24,Office Supplies,Paper & Stationary,2,15.0,27.0,0.1,8.5,South,Florida,Miami,Debit Card
ORD-2024-15020,2022-12-15,CUST-1182,James Robinson,PROD-TEC-102,UltraSlim 14 Inch Notebook,Technology,Laptops & Monitors,1,1100.0,1045.0,0.05,216.0,South,Florida,Miami,Debit Card
ORD-2022-15021,2022-02-14,CUST-1214,Steven Williams,PROD-TEC-112,Smart Fitness Watch,Technology,Phones & Audio,3,149.0,424.65,0.05,96.81,East,Pennsylvania,Philadelphia,PayPal
ORD-2023-15022,2023-03-18,CUST-1152,Sandra Jackson,PROD-FUR-120,Modern Modular Bookshelf,Furniture,Bookcases,1,210.0,199.5,0.05,31.7,East,New York,New York City,Credit Card
ORD-2023-15023,2022-03-09,CUST-1201, Susan Taylor ,PROD-TEC-104,24-Inch IPS FHD Monitor,Technology,Laptops & Monitors,2,180.0,342.0,0.05,85.0,Central,Texas,Austin,PayPal
ORD-2022-15024,2023-03-27,CUST-1205,Sarah Williams,PROD-TEC-106,Mechanical RGB Keyboard,Technology,Accessories,3,75.0,213.75,0.05,61.5,Central,Ohio,Columbus,Debit Card
ORD-2024-15025,2022-08-04,CUST-1212,Linda Jones,PROD-HOM-132,Non-Stick Ceramic Cookware 10-Piece,Home & Kitchen,Cookware & Dining,2,180.0,342.0,0.05,92.2,North,Wisconsin,Milwaukee,Credit Card
ORD-2023-15026,2023-08-01,CUST-1427,Donald Johnson,PROD-TEC-106,Mechanical RGB Keyboard,Technology,Accessories,5,75.0,375.0,0.0,123.25,West,California,Los Angeles,Credit Card
ORD-2024-15027,2024-03-20,CUST-1021,Michael Garcia,PROD-FUR-118,Solid Wood Conference Table,Furniture,Desks & Tables,3,850.0,2550.0,0.0,376.5,South,Florida,Orlando,PayPal
ORD-2023-15028,2022-12-29,CUST-1331,Anthony Brown,PROD-TEC-109,Noise Canceling Headphones,Technology,Phones & Audio,3,199.0,567.15,0.05,143.25,North,Michigan,Detroit,UPI / Net Banking
ORD-2022-15029,2023-08-21,CUST-1031,Richard Jones,PROD-FUR-114,High-Back Leather Gaming Chair,Furniture,Chairs & Stools,2,290.0,522.0,0.1,41.4,Central,Texas,Dallas,Debit Card
ORD-2023-15030,2024-05-23,CUST-1105,Edward Gonzalez,PROD-OFF-121,Premium Multipurpose Copy Paper 5 Reams,Office Supplies,Paper & Stationary,1,38.0,36.1,0.05,11.2,East,New York,New York City,Credit Card
ORD-2022-15031,2023-09-05,CUST-1070,Matthew Harris,PROD-HOM-132,Non-Stick Ceramic Cookware 10-Piece,Home & Kitchen,Cookware & Dining,3,180.0,378.0,0.3,4.8,North,Michigan,Detroit,Debit Card
ORD-2022-15032,2022-08-01,CUST-1253,Matthew Torres,PROD-HOM-135,100% Organic Cotton Sheet Set Queen,Home & Kitchen,Bedding & Decor,3,85.0,255.0,0.0,90.9,Central,Illinois,Chicago,Credit Card
ORD-2024-15033,2022-06-05,CUST-1434,Daniel Ramirez,PROD-FUR-116,Electric Dual-Motor Standing Desk,Furniture,Desks & Tables,1,450.0,405.0,0.1,32.0,West,California,San Diego,Credit Card
ORD-2024-15034,2023-04-21,CUST-1178,Betty Rodriguez,PROD-HOM-132,Non-Stick Ceramic Cookware 10-Piece,Home & Kitchen,Cookware & Dining,4,180.0,720.0,0.0,223.4,East,Pennsylvania,Philadelphia,Credit Card
ORD-2023-15035,2022-11-16,CUST-1137,Steven Lewis,PROD-TEC-104,24-Inch IPS FHD Monitor,Technology,Laptops & Monitors,1,180.0,180.0,0.0,50.0,South,Georgia,Atlanta,Credit Card
ORD-2024-15036,2022-03-18,CUST-1223,Daniel Scott,PROD-TEC-110,True Wireless Earbuds,Technology,Phones & Audio,4,89.0,356.0,0.0,117.6,West,California,San Francisco,PayPal
ORD-2022-15037,2022-01-20,CUST-1175,Christopher Taylor,PROD-FUR-118,Solid Wood Conference Table,Furniture,Desks & Tables,3,850.0,2295.0,0.1,121.5,North,Wisconsin,Milwaukee,Credit Card
ORD-2022-15038,2023-06-20,CUST-1333,Matthew Nguyen,PROD-FUR-120,Modern Modular Bookshelf,Furniture,Bookcases,2,210.0,336.0,0.2,3.4,East,Massachusetts,Boston,Credit Card
ORD-2023-15039,2023-01-28,CUST-1277,Carol Lee,PROD-HOM-133,Stainless Steel Chef Knife 8-Inch,Home & Kitchen,Cookware & Dining,1,45.0,40.5,0.1,11.75,West,Washington,Seattle,Credit Card
ORD-2024-15040,2023-08-23,CUST-1231,Sarah Hernandez,PROD-FUR-118,Solid Wood Conference Table,Furniture,Desks & Tables,2,850.0,1530.0,0.1,80.0,East,Pennsylvania,Philadelphia,Credit Card
ORD-2023-15041,2023-07-24,CUST-1226,Jessica Hernandez,PROD-OFF-127,Professional Acrylic Paint Set,Office Supplies,Art & Craft,3,42.0,94.5,0.25,15.42,Central,Illinois,Chicago,PayPal
ORD-2024-15042,2023-11-24,CUST-1394,James Clark,PROD-HOM-129,Digital Touchscreen Air Fryer 5.8Qt,Home & Kitchen,Appliances,2,110.0,220.0,0.0,61.0,West,California,San Francisco,PayPal
ORD-2023-15043,2023-03-25,CUST-1174,Andrew King,PROD-FUR-115,Adjustable Drafting Stool,Furniture,Chairs & Stools,2,110.0,187.0,0.15,17.0,North,Wisconsin,Milwaukee,Credit Card
ORD-2022-15044,2023-11-01,CUST-1131,George Brown,PROD-TEC-112,Smart Fitness Watch,Technology,Phones & Audio,1,149.0,149.0,0.0,37.72,West,Oregon,Portland,Credit Card
ORD-2023-15045,2022-06-10,CUST-1434,Daniel Ramirez,PROD-FUR-113,Ergonomic Executive Mesh Chair,Furniture,Chairs & Stools,4,240.0,960.0,0.0,185.0,West,California,San Diego,Credit Card
ORD-2022-15046,2022-04-25,CUST-1387,Amanda Hill,PROD-OFF-128,Precision Cutting Mat & Knife Set,Office Supplies,Art & Craft,6,22.0,118.8,0.1,41.16,North,Minnesota,Minneapolis  ,Cash on Delivery
ORD-2022-15047,2023-01-23,CUST-1219,Lisa Williams,PROD-OFF-121,Premium Multipurpose Copy Paper 5 Reams,Office Supplies,Paper & Stationary,2,38.0,76.0,0.0,29.2,East,Massachusetts,Boston,Credit Card
ORD-2023-15048,2023-07-20,CUST-1067,Joshua Hernandez,PROD-FUR-114,High-Back Leather Gaming Chair,Furniture,Chairs & Stools,3,290.0,870.0,0.0,150.6,East,Pennsylvania,Philadelphia,Debit Card
ORD-2024-15049,2022-12-11,CUST-1010,Paul Hill,PROD-FUR-115,Adjustable Drafting Stool,Furniture,Chairs & Stools,3,110.0,297.0,0.1,43.5,West,Oregon,Portland,PayPal
ORD-2023-15050,2023-09-10,CUST-1387,Amanda Hill,PROD-TEC-102,UltraSlim 14 Inch Notebook,Technology,Laptops & Monitors,2,1100.0,2200.0,0.0,545.0,South,Florida,Miami,Cash on Delivery
ORD-2024-15051,2023-02-19,CUST-1407,Jessica Garcia,PROD-OFF-122,Executive Hardcover Notebook 3-Pack,Office Supplies,Paper & Stationary,1,24.0,24.0,0.0,8.0,West,California,San Francisco,Credit Card
ORD-2022-15052,2022-01-23,CUST-1246,Barbara Nguyen,PROD-TEC-102,UltraSlim 14 Inch Notebook,Technology,Laptops & Monitors,4,1100.0,4400.0,0.0,1093.0,South,North Carolina,Charlotte,PayPal
ORD-2024-15053,2023-12-14,CUST-1255,John Ramirez,PROD-HOM-134,Insulated Stainless Steel Tumbler 30oz,Home & Kitchen,Cookware & Dining,2,25.0,50.0,0.0,20.0,East,Massachusetts,Boston,Credit Card
ORD-2022-15054,2022-09-02,CUST-1142,Emily Miller,PROD-OFF-121,Premium Multipurpose Copy Paper 5 Reams,Office Supplies,Paper & Stationary,1,38.0,38.0,0.0,13.1,South,Florida,Miami,Credit Card
ORD-2023-15055,2024-02-11,CUST-1045,Matthew Moore,PROD-HOM-133,Stainless Steel Chef Knife 8-Inch,Home & Kitchen,Cookware & Dining,3,45.0,128.25,0.05,48.0,South,Florida,Orlando,Cash on Delivery
ORD-2024-15056,2022-11-11,CUST-1075,Amanda Wright,PROD-OFF-123,Gel Ink Pens Box of 24,Office Supplies,Paper & Stationary,1,15.0,12.0,0.2,1.25,Central,Illinois,Chicago,PayPal
ORD-2022-15057,2023-09-02,CUST-1183,,PROD-TEC-104,24-Inch IPS FHD Monitor,Technology,Laptops & Monitors,3,180.0,513.0,0.05,129.0,East,New York,New York City,Credit Card
ORD-2023-15058,2022-07-14,CUST-1384,Robert Nguyen,PROD-OFF-121,Premium Multipurpose Copy Paper 5 Reams,Office Supplies,Paper & Stationary,2,38.0,38.0,0.5,-8.8,South,North Carolina,Charlotte,Credit Card
ORD-2024-15059,2022-08-14,CUST-1201,Susan Taylor,PROD-HOM-129,Digital Touchscreen Air Fryer 5.8Qt,Home & Kitchen,Appliances,4,110.0,374.0,0.15,59.0,West,California,San Francisco,Credit Card
ORD-2022-15060,2022-12-31,CUST-1392,Robert Allen,PROD-TEC-106,Mechanical RGB Keyboard,Technology,Accessories,1,75.0,60.0,0.2,7.25,South,North Carolina,Charlotte,Credit Card
ORD-2023-15061,2023-06-05,CUST-1394,James Clark,PROD-TEC-111,Bluetooth Conference Speaker,Technology,Phones & Audio,1,120.0,102.0,0.15,16.4,North,Wisconsin,Milwaukee,PayPal
ORD-2022-15062,2023-12-14,CUST-1231,Sarah Hernandez,PROD-OFF-124,Heavy-Duty Plastic Storage Bins 4-Pack,Office Supplies,Storage & Organization,3,55.0,165.0,0.0,60.0,West,Washington,Seattle,Credit Card
ORD-2022-15063,2022-03-23,CUST-1253,Matthew Torres,PROD-FUR-117,Compact Computer Desk,Furniture,Desks & Tables,4,130.0,520.0,0.0,107.4,South,Florida,Miami,Credit Card
ORD-2024-15064,2022-06-08,CUST-1168,Betty Davis,PROD-OFF-127,Professional Acrylic Paint Set,Office Supplies,Art & Craft,4,42.0,168.0,0.0,63.56,West,Oregon,Portland,Debit Card
ORD-2023-15065,2024-04-28,CUST-1065,Jennifer Brown,PROD-HOM-129,Digital Touchscreen Air Fryer 5.8Qt,Home & Kitchen,Appliances,1,110.0,82.5,0.25,1.5,Central,Ohio,Columbus,Debit Card
ORD-2023-15066,2022-01-01,CUST-1069,Kenneth Jones,PROD-FUR-115,Adjustable Drafting Stool,Furniture,Chairs & Stools,4,110.0,352.0,0.2,15.0,West,California,San Diego,UPI / Net Banking
ORD-2023-15067,2022-10-07,CUST-1338,Karen Harris,PROD-TEC-101,ProBook 15.6 Inch Laptop,Technology,Laptops & Monitors,1,850.0,850.0,0.0,183.0,Central,Texas,Houston,Credit Card
ORD-2023-15068,2022-12-17,CUST-1093,Lisa Martin,PROD-FUR-115,Adjustable Drafting Stool,Furniture,Chairs & Stools,2,110.0,220.0,0.0,50.0,West,Washington,Seattle,PayPal
ORD-2023-15069,2022-01-15,CUST-1120,Jessica Moore,PROD-FUR-120,Modern Modular Bookshelf,Furniture,Bookcases,2,210.0,210.0,0.5,-122.6,South,Florida,Orlando,Credit Card
ORD-2024-15070,2022-06-23,CUST-1093,Lisa Martin,PROD-TEC-104,24-Inch IPS FHD Monitor,Technology,Laptops & Monitors,1,180.0,180.0,0.0,50.0,South,Georgia,Atlanta,Credit Card
ORD-2024-15071,2024-06-16,CUST-1363,Melissa Wright,PROD-FUR-113,Ergonomic Executive Mesh Chair,Furniture,Chairs & Stools,1,240.0,192.0,0.2,-4.0,Central,Ohio,Columbus,Credit Card
ORD-2024-15072,2023-11-02,CUST-1240,Sarah Jones,PROD-OFF-125,3-Drawer Mobile File Cabinet,Office Supplies,Storage & Organization,1,145.0,116.0,0.2,7.6,South,Florida,Orlando,Credit Card
ORD-2024-15073,2022-05-31,CUST-1444,Richard Wilson,PROD-HOM-134,Insulated Stainless Steel Tumbler 30oz,Home & Kitchen,Cookware & Dining,2,25.0,42.5,0.15,12.5,South,North Carolina,Charlotte,PayPal
ORD-2024-15074,2024-03-07,CUST-1137,Steven Lewis,PROD-FUR-115,Adjustable Drafting Stool,Furniture,Chairs & Stools,2,110.0,165.0,0.25,-5.0,West,California,Los Angeles,Credit Card
ORD-2024-15075,2022-11-22,CUST-1160,Patricia Brown,PROD-FUR-118,Solid Wood Conference Table,Furniture,Desks & Tables,3,850.0,2422.5,0.05,249.0,South,Florida,Orlando,Credit Card
ORD-2024-15076,2024-02-23,CUST-1004,William Miller,PROD-FUR-120,Modern Modular Bookshelf,Furniture,Bookcases,4,210.0,840.0,0.0,177.8,Central,Texas,Dallas,Credit Card
ORD-2024-15077,2023-10-14,CUST-1319,Sarah Lewis,PROD-TEC-103,27-Inch 4K UHD Monitor,Technology,Laptops & Monitors,3,350.0,945.0,0.1,183.0,West,Oregon,Portland,Credit Card
ORD-2022-15078,2023-05-15,CUST-1085,Joshua Allen,PROD-FUR-120,Modern Modular Bookshelf,Furniture,Bookcases,2,210.0,357.0,0.15,24.4,West,Washington,Seattle,Credit Card
ORD-2024-15079,2022-03-29,CUST-1175,Christopher Taylor,PROD-OFF-127,Professional Acrylic Paint Set,Office Supplies,Art & Craft,1,42.0,31.5,0.25,3.14,West,California,Los Angeles,Credit Card
ORD-2023-15080,2024-05-15,CUST-1044,David Robinson,PROD-FUR-116,Electric Dual-Motor Standing Desk,Furniture,Desks & Tables,4,450.0,1620.0,0.1,137.0,East,Massachusetts,Boston,Cash on Delivery
ORD-2024-15081,2023-12-09,CUST-1432,Lisa Walker,PROD-TEC-108,HD Pro Webcam 1080p,Technology,Accessories,3,65.0,185.25,0.05,58.35,West,Washington,Seattle,UPI / Net Banking
ORD-2024-15082,2023-11-08,CUST-1204,Jennifer Ramirez,PROD-HOM-135,100% Organic Cotton Sheet Set Queen,Home & Kitchen,Bedding & Decor,1,85.0,85.0,0.0,28.3,East,Massachusetts,Boston,PayPal
ORD-2022-15083,2022-11-16,CUST-1238,Mary Gonzalez,PROD-TEC-112,Smart Fitness Watch,Technology,Phones & Audio,2,149.0,268.2,0.1,48.64,East,New York,Buffalo,PayPal
ORD-2022-15084,2023-12-05,CUST-1234,Mark Anderson,PROD-TEC-107,USB-C Multi-Port Hub,Technology,Accessories,3,45.0,135.0,0.0,54.75,South,North Carolina,Charlotte,Credit Card
ORD-2024-15085,2022-05-25,CUST-1171,John Flores,PROD-HOM-130,Programmable Drip Coffee Maker,Home & Kitchen,Appliances,3,75.0,225.0,0.0,72.75,Central,Ohio,Columbus,Cash on Delivery
ORD-2022-15086,2022-01-27,CUST-1402,Michelle Wright,PROD-FUR-113,Ergonomic Executive Mesh Chair,Furniture,Chairs & Stools,8,240.0,1920.0,0.0,373.0,West,California,San Diego,Credit Card
ORD-2023-15087,2023-05-05,CUST-1427,Donald Johnson,PROD-TEC-107,USB-C Multi-Port Hub,Technology,Accessories,4,45.0,171.0,0.05,65.0,West,California,Los Angeles,Credit Card
ORD-2024-15088,2022-04-26,CUST-1424,Edward Thomas,PROD-OFF-122,Executive Hardcover Notebook 3-Pack,Office Supplies,Paper & Stationary,6,24.0,136.8,0.05,55.8,West,California,Los Angeles,Credit Card
ORD-2023-15089,2023-04-29,CUST-1335,Edward Torres,PROD-OFF-128,Precision Cutting Mat & Knife Set,Office Supplies,Art & Craft,1,22.0,19.8,0.1,4.36,North,Wisconsin,Milwaukee,UPI / Net Banking
ORD-2023-15090,2022-11-17,CUST-1125,Jessica Walker,PROD-HOM-136,Weighted Cooling Blanket 15lbs,Home & Kitchen,Bedding & Decor,2,95.0,161.5,0.15,33.0,West,California,San Francisco,Credit Card
ORD-2022-15091,2023-01-05,CUST-1126,Anthony Gonzalez,PROD-FUR-116,Electric Dual-Motor Standing Desk,Furniture,Desks & Tables,8,450.0,3600.0,0.0,637.0,West,California,San Francisco,Cash on Delivery
ORD-2023-15092,2023-04-07,CUST-1168,Betty Davis,PROD-TEC-105,Wireless Ergonomic Mouse,Technology,Accessories,1,35.0,29.75,0.15,4.75,North,Minnesota,Minneapolis,Debit Card
ORD-2023-15093,2023-04-28,CUST-1022,Matthew Miller,PROD-FUR-115,Adjustable Drafting Stool,Furniture,Chairs & Stools,1,110.0,110.0,0.0,23.5,East,New York,New York City,Debit Card
ORD-2023-15094,2023-07-20,CUST-1101,Emily Hernandez,PROD-TEC-112,Smart Fitness Watch,Technology,Phones & Audio,4,149.0,566.2,0.05,130.08,West,California,Los Angeles,Debit Card
ORD-2022-15095,2024-03-15,CUST-1203,Thomas Brown,PROD-HOM-131,Compact HEPA Air Purifier,Home & Kitchen,Appliances,2,130.0,208.0,0.2,15.8,West,Oregon,Portland,PayPal
ORD-2022-15096,2023-03-06,CUST-1324,William Martinez,PROD-FUR-120,Modern Modular Bookshelf,Furniture,Bookcases,2,210.0,420.0,0.0,87.4,West,California,San Diego,Credit Card
ORD-2022-15097,2024-02-09,CUST-1068,Amanda Ramirez,PROD-OFF-127,Professional Acrylic Paint Set,Office Supplies,Art & Craft,3,42.0,126.0,0.0,46.92,North,Minnesota,Minneapolis,Debit Card
ORD-2022-15098,2022-10-09,CUST-1072,Kimberly Taylor,PROD-FUR-119,5-Shelf Ladder Bookcase,Furniture,Bookcases,5,140.0,700.0,0.0,167.0,West,California,San Francisco,Credit Card
ORD-2023-15099,2023-04-03,CUST-1135,Michael Thomas,PROD-FUR-114,High-Back Leather Gaming Chair,Furniture,Chairs & Stools,1,290.0,232.0,0.2,-9.8,East,Pennsylvania,Philadelphia,Debit Card
ORD-2024-15100,2024-01-26,CUST-1107,Betty White,PROD-HOM-133,Stainless Steel Chef Knife 8-Inch,Home & Kitchen,Cookware & Dining,1,45.0,42.75,0.05,14.0,South,North Carolina,Charlotte,Debit Card
ORD-2024-15101,2023-08-30,CUST-1315,Edward Thomas,PROD-HOM-133,Stainless Steel Chef Knife 8-Inch,Home & Kitchen,Cookware & Dining,3,45.0,135.0,0.0,54.75,North,Michigan,Detroit,PayPal
ORD-2023-15102,2024-06-29,CUST-1002,Mary Moore,PROD-OFF-124,Heavy-Duty Plastic Storage Bins 4-Pack,Office Supplies,Storage & Organization,2,55.0,104.5,0.05,33.5,North,Wisconsin,Milwaukee,Debit Card
ORD-2022-15103,2024-01-11,CUST-1322,Nancy Lee,PROD-OFF-125,3-Drawer Mobile File Cabinet,Office Supplies,Storage & Organization,3,145.0,413.25,0.05,94.05,East,New York,New York City,PayPal
ORD-2023-15104,2023-11-30,CUST-1357,Christopher Wilson,PROD-FUR-118,Solid Wood Conference Table,Furniture,Desks & Tables,3,850.0,2422.5,0.05,249.0,Central,Texas,Dallas,Credit Card
ORD-2023-15105,2022-08-05,CUST-1124,Andrew Walker,PROD-OFF-127,Professional Acrylic Paint Set,Office Supplies,Art & Craft,4,42.0,126.0,0.25,21.56,South,Florida,Miami,Credit Card
ORD-2022-15106,2022-12-19,CUST-1137,Steven Lewis,PROD-OFF-122,Executive Hardcover Notebook 3-Pack,Office Supplies,Paper & Stationary,2,24.0,40.8,0.15,11.8,Central,Ohio,Columbus,Debit Card
ORD-2023-15107,2023-09-02,CUST-1377,Kenneth Davis,PROD-TEC-107,USB-C Multi-Port Hub,Technology,Accessories,5,45.0,213.75,0.05,82.0,West,Oregon,Portland,Credit Card
ORD-2022-15108,2022-08-29,CUST-1195,William Taylor,PROD-FUR-119,5-Shelf Ladder Bookcase,Furniture,Bookcases,1,140.0,140.0,0.0,31.0,North,Michigan,Detroit,Debit Card
ORD-2023-15109,2023-08-11,CUST-1155,Elizabeth Gonzalez,PROD-HOM-135,100% Organic Cotton Sheet Set Queen,Home & Kitchen,Bedding & Decor,2,85.0,144.5,0.15,34.1,Central,Texas,Houston,Debit Card
ORD-2022-15110,2023-03-07,CUST-1423,Ashley Scott,PROD-HOM-134,Insulated Stainless Steel Tumbler 30oz,Home & Kitchen,Cookware & Dining,1,25.0,21.25,0.15,4.75,East,New York,New York City,Credit Card
ORD-2024-15111,2023-03-03,CUST-1010,Paul Hill,PROD-OFF-125,3-Drawer Mobile File Cabinet,Office Supplies,Storage & Organization,1,145.0,145.0,0.0,36.6,West,California,San Diego,PayPal
ORD-2024-15112,2023-05-20,CUST-1107, Betty White ,PROD-TEC-109,Noise Canceling Headphones,Technology,Phones & Audio,1,199.0,179.1,0.1,35.8,East,New York,New York City,Credit Card
ORD-2022-15113,2024-04-03,CUST-1323,Steven Garcia,PROD-TEC-102,UltraSlim 14 Inch Notebook,Technology,Laptops & Monitors,2,1100.0,1650.0,0.25,-5.0,South,Georgia,Atlanta,Cash on Delivery
ORD-2023-15114,2023-11-25,CUST-1288,Joseph Gonzalez,PROD-HOM-135,100% Organic Cotton Sheet Set Queen,Home & Kitchen,Bedding & Decor,3,85.0,229.5,0.1,65.4,Central,Ohio,Columbus,Debit Card
ORD-2024-15115,2023-05-23,CUST-1023,Daniel Thompson,PROD-FUR-117,Compact Computer Desk,Furniture,Desks & Tables,1,130.0,123.5,0.05,18.1,West,Washington,Seattle,Debit Card
ORD-2024-15116,2023-02-19,CUST-1292,Deborah Jones,PROD-FUR-114,High-Back Leather Gaming Chair,Furniture,Chairs & Stools,2,290.0,580.0,0.0,99.4,West,California,San Francisco,Credit Card
ORD-2024-15117,2024-03-11,CUST-1149,Patricia Hernandez,PROD-TEC-107,USB-C Multi-Port Hub,Technology,Accessories,8,45.0,360.0,0.0,151.0,West,California,Los Angeles,UPI / Net Banking
ORD-2022-15118,2023-06-10,CUST-1330,Steven Robinson,PROD-TEC-105,Wireless Ergonomic Mouse,Technology,Accessories,2,35.0,70.0,0.0,23.0,West,Washington,Seattle,Credit Card
ORD-2023-15119,2022-06-08,CUST-1038,David White,PROD-HOM-133,Stainless Steel Chef Knife 8-Inch,Home & Kitchen,Cookware & Dining,1,45.0,45.0,0.0,16.25,West,California,San Diego,PayPal
ORD-2024-15120,2022-07-13,CUST-1311,Margaret Scott,PROD-FUR-117,Compact Computer Desk,Furniture,Desks & Tables,2,130.0,234.0,0.1,26.2,East,New York,Buffalo,Credit Card
ORD-2022-15121,2022-12-01,CUST-1397,Joshua Robinson,PROD-HOM-135,100% Organic Cotton Sheet Set Queen,Home & Kitchen,Bedding & Decor,4,85.0,340.0,0.0,122.2,South,Georgia,Atlanta,Debit Card
ORD-2022-15122,2023-05-05,CUST-1013,Anthony Anderson,PROD-FUR-114,High-Back Leather Gaming Chair,Furniture,Chairs & Stools,4,290.0,1160.0,0.0,201.8,West,Washington,Seattle,PayPal
ORD-2024-15123,2023-02-24,CUST-1291,Mark Flores,PROD-FUR-120,Modern Modular Bookshelf,Furniture,Bookcases,4,210.0,840.0,0.0,177.8,North,Wisconsin,Milwaukee,Credit Card
ORD-2022-15124,2024-04-03,CUST-1097,George Young,PROD-FUR-117,Compact Computer Desk,Furniture,Desks & Tables,1,130.0,123.5,0.05,18.1,Central,Illinois,Chicago,Cash on Delivery
ORD-2022-15125,2024-02-01,CUST-1037,Joshua White,PROD-HOM-136,Weighted Cooling Blanket 15lbs,Home & Kitchen,Bedding & Decor,2,95.0,190.0,0.0,61.5,Central,Illinois,Chicago,Credit Card
ORD-2022-15126,2022-10-10,CUST-1264,Kevin Clark,PROD-OFF-123,Gel Ink Pens Box of 24,Office Supplies,Paper & Stationary,2,15.0,28.5,0.05,10.0,East,Pennsylvania,Philadelphia,Debit Card
ORD-2022-15127,2023-11-13,CUST-1129, Daniel Ramirez ,PROD-HOM-133,Stainless Steel Chef Knife 8-Inch,Home & Kitchen,Cookware & Dining,2,45.0,81.0,0.1,26.5,Central,Illinois,Chicago,Credit Card
ORD-2022-15128,2023-12-18,CUST-1293,Sandra Clark,PROD-OFF-125,3-Drawer Mobile File Cabinet,Office Supplies,Storage & Organization,1,145.0,145.0,0.0,36.6,East,New York,Buffalo,PayPal
ORD-2024-15129,2024-01-04,CUST-1391,Kevin White,PROD-HOM-135,100% Organic Cotton Sheet Set Queen,Home & Kitchen,Bedding & Decor,10,85.0,765.0,0.1,225.0,Central,Texas,Dallas,Debit Card
ORD-2023-15130,2022-05-30,CUST-1302,Brian King,PROD-FUR-117,Compact Computer Desk,Furniture,Desks & Tables,1,130.0,97.5,0.25,-7.9,North,Michigan,Detroit,Debit Card
ORD-2022-15131,2022-06-11,CUST-1129,Daniel Ramirez,PROD-TEC-103,27-Inch 4K UHD Monitor,Technology,Laptops & Monitors,1,350.0,297.5,0.15,41.5,East,Massachusetts,Boston,PayPal
ORD-2022-15132,2022-05-07,CUST-1199,Charles Hill,PROD-OFF-127,Professional Acrylic Paint Set,Office Supplies,Art & Craft,4,42.0,168.0,0.0,63.56,North,Wisconsin,Milwaukee,Cash on Delivery
ORD-2022-15133,2022-03-07,CUST-1085,Joshua Allen,PROD-FUR-114,High-Back Leather Gaming Chair,Furniture,Chairs & Stools,6,290.0,1653.0,0.05,217.2,East,New York,Buffalo,Debit Card
ORD-2023-15134,2023-10-03,CUST-1200,Susan Perez,PROD-HOM-130,Programmable Drip Coffee Maker,Home & Kitchen,Appliances,2,75.0,150.0,0.0,47.5,West,California,San Francisco,PayPal
ORD-2024-15135,2022-11-11,CUST-1051,Sarah Jones,PROD-FUR-119,5-Shelf Ladder Bookcase,Furniture,Bookcases,1,140.0,140.0,0.0,31.0,East,New York,Buffalo,PayPal
ORD-2023-15136,2022-09-28,CUST-1340,Melissa Wright,PROD-TEC-104,24-Inch IPS FHD Monitor,Technology,Laptops & Monitors,3,180.0,540.0,0.0,156.0,North,Minnesota,Minneapolis,Credit Card
ORD-2022-15137,2022-12-17,CUST-1374,Sandra Taylor,PROD-OFF-124,Heavy-Duty Plastic Storage Bins 4-Pack,Office Supplies,Storage & Organization,2,55.0,93.5,0.15,22.5,South,Florida,Miami,Credit Card
ORD-2022-15138,2023-03-23,CUST-1279,Donald Wilson,PROD-FUR-115,Adjustable Drafting Stool,Furniture,Chairs & Stools,5,110.0,412.5,0.25,-8.0,Central,Texas,Dallas,Debit Card
ORD-2023-15139,2022-07-09,CUST-1240,Sarah Jones,PROD-FUR-119,5-Shelf Ladder Bookcase,Furniture,Bookcases,1,140.0,133.0,0.05,24.0,West,California,Los Angeles,PayPal
ORD-2023-15140,2024-01-29,CUST-1236,Daniel Martin,PROD-HOM-133,Stainless Steel Chef Knife 8-Inch,Home & Kitchen,Cookware & Dining,2,45.0,81.0,0.1,26.5,East,New York,New York City,Credit Card
ORD-2023-15141,2022-06-21,CUST-1319,Sarah Lewis,PROD-OFF-128,Precision Cutting Mat & Knife Set,Office Supplies,Art & Craft,1,22.0,22.0,0.0,6.56,Central,Texas,Austin,PayPal
ORD-2023-15142,2022-05-25,CUST-1136,Richard Gonzalez,PROD-HOM-134,Insulated Stainless Steel Tumbler 30oz,Home & Kitchen,Cookware & Dining,3,25.0,71.25,0.05,27.75,Central,Texas,Dallas,Credit Card
ORD-2022-15143,2023-09-25,CUST-1039,Daniel Wilson,PROD-HOM-130,Programmable Drip Coffee Maker,Home & Kitchen,Appliances,2,75.0,150.0,0.0,47.5,Central,Texas,Houston,Credit Card
ORD-2022-15144,2022-11-16,CUST-1321,Jessica Moore,PROD-OFF-122,Executive Hardcover Notebook 3-Pack,Office Supplies,Paper & Stationary,1,24.0,22.8,0.05,6.8,North,Minnesota,Minneapolis,Debit Card
ORD-2023-15145,2022-05-21,CUST-1370,Elizabeth Thomas,PROD-OFF-124,Heavy-Duty Plastic Storage Bins 4-Pack,Office Supplies,Storage & Organization,4,55.0,198.0,0.1,59.0,West,California,San Francisco,PayPal
ORD-2022-15146,2022-04-29,CUST-1058,Melissa Scott,PROD-FUR-114,High-Back Leather Gaming Chair,Furniture,Chairs & Stools,4,290.0,1160.0,0.0,201.8,West,California,Los Angeles,Credit Card
ORD-2024-15147,2023-05-05,CUST-1258,Lisa Ramirez,PROD-TEC-102,UltraSlim 14 Inch Notebook,Technology,Laptops & Monitors,2,1100.0,1760.0,0.2,105.0,West,California,San Diego,Credit Card
ORD-2023-15148,2022-01-25,CUST-1339,Anthony Wright,PROD-TEC-109,Noise Canceling Headphones,Technology,Phones & Audio,4,199.0,756.2,0.05,192.0,Central,Texas,Dallas,UPI / Net Banking
ORD-2024-15149,2023-08-21,CUST-1377,Kenneth Davis,PROD-HOM-134,Insulated Stainless Steel Tumbler 30oz,Home & Kitchen,Cookware & Dining,2,25.0,45.0,0.1,15.0,East,Massachusetts,Boston,Credit Card
ORD-2022-15150,2022-03-07,CUST-1109,Donald Davis,PROD-OFF-123,Gel Ink Pens Box of 24,Office Supplies,Paper & Stationary,2,15.0,28.5,0.05,10.0,North,Michigan,Detroit,Cash on Delivery
ORD-2022-15151,2023-12-19,CUST-1229,Melissa Perez,PROD-OFF-126,Desktop Document Organizer,Office Supplies,Storage & Organization,4,28.0,112.0,0.0,43.4,North,Michigan,Detroit,PayPal
ORD-2022-15152,2023-09-23,CUST-1443,Edward Lopez,PROD-FUR-119,5-Shelf Ladder Bookcase,Furniture,Bookcases,2,140.0,252.0,0.1,37.0,East,Massachusetts,Boston,Credit Card
ORD-2022-15153,2022-03-09,CUST-1074,Amanda Davis,PROD-HOM-131,Compact HEPA Air Purifier,Home & Kitchen,Appliances,4,130.0,468.0,0.1,86.6,West,California,Los Angeles,Debit Card
ORD-2022-15154,2022-08-30,CUST-1333,Matthew Nguyen,PROD-TEC-109,Noise Canceling Headphones,Technology,Phones & Audio,5,199.0,895.5,0.1,191.0,West,California,San Francisco,Credit Card
ORD-2022-15155,2023-03-18,CUST-1208,Joshua Taylor,PROD-HOM-131,Compact HEPA Air Purifier,Home & Kitchen,Appliances,1,130.0,78.0,0.4,-19.6,West,California,San Diego,Debit Card
ORD-2022-15156,2023-09-11,CUST-1270,Amanda Lopez,PROD-OFF-122,Executive Hardcover Notebook 3-Pack,Office Supplies,Paper & Stationary,2,24.0,38.4,0.2,9.4,Central,Illinois,Chicago,PayPal
ORD-2024-15157,2022-03-03,CUST-1101,Emily Hernandez,PROD-HOM-132,Non-Stick Ceramic Cookware 10-Piece,Home & Kitchen,Cookware & Dining,2,180.0,360.0,0.0,110.2,North,Michigan,Detroit,UPI / Net Banking
ORD-2023-15158,2022-05-14,CUST-1108,Donald King,PROD-OFF-126,Desktop Document Organizer,Office Supplies,Storage & Organization,6,28.0,126.0,0.25,24.6,South,Florida,Orlando,PayPal
ORD-2024-15159,2023-01-21,CUST-1380,Donna Johnson,PROD-FUR-114,High-Back Leather Gaming Chair,Furniture,Chairs & Stools,4,290.0,1044.0,0.1,85.8,East,Massachusetts,Boston,Credit Card
ORD-2024-15160,2023-11-18,CUST-1012,Richard Wright,PROD-OFF-123,Gel Ink Pens Box of 24,Office Supplies,Paper & Stationary,8,15.0,120.0,0.0,55.0,South,North Carolina,Charlotte,Credit Card
ORD-2024-15161,2022-11-11,CUST-1143,Patricia Wright,PROD-TEC-104,24-Inch IPS FHD Monitor,Technology,Laptops & Monitors,1,180.0,180.0,0.0,50.0,East,New York,New York City,Credit Card
ORD-2023-15162,2022-11-11,CUST-1119,Robert Allen,PROD-HOM-129,Digital Touchscreen Air Fryer 5.8Qt,Home & Kitchen,Appliances,1,110.0,93.5,0.15,12.5,East,New York,Buffalo,Credit Card
ORD-2024-15163,2023-04-15,CUST-1060,Melissa Nguyen,PROD-TEC-108,HD Pro Webcam 1080p,Technology,Accessories,1,65.0,58.5,0.1,14.2,Central,Ohio,Columbus,Debit Card
ORD-2024-15164,2022-08-14,CUST-1152,Sandra Jackson,PROD-HOM-129,Digital Touchscreen Air Fryer 5.8Qt,Home & Kitchen,Appliances,2,110.0,220.0,0.0,61.0,Central,Texas,Dallas,PayPal
ORD-2022-15165,2023-04-19,CUST-1121,Kevin Young,PROD-FUR-116,Electric Dual-Motor Standing Desk,Furniture,Desks & Tables,1,450.0,427.5,0.05,54.5,East,New York,New York City,Credit Card
ORD-2023-15166,2024-05-25,CUST-1146,David Clark,PROD-TEC-108,HD Pro Webcam 1080p,Technology,Accessories,3,65.0,185.25,0.05,58.35,East,New York,Buffalo,Credit Card
ORD-2023-15167,2023-09-04,CUST-1234,Mark Anderson,PROD-TEC-102,UltraSlim 14 Inch Notebook,Technology,Laptops & Monitors,6,1100.0,5610.0,0.15,651.0,South,North Carolina,Charlotte,Debit Card
ORD-2023-15168,2023-10-09,CUST-1328,Robert Clark,PROD-OFF-124,Heavy-Duty Plastic Storage Bins 4-Pack,Office Supplies,Storage & Organization,3,55.0,165.0,0.0,60.0,East,Pennsylvania,Philadelphia,Debit Card
ORD-2023-15169,2022-04-17,CUST-1078,Linda Jackson,PROD-HOM-131,Compact HEPA Air Purifier,Home & Kitchen,Appliances,2,130.0,260.0,0.0,67.8,South,Florida,Orlando,Credit Card
ORD-2023-15170,2023-01-27,CUST-1230,Anthony Thomas,PROD-TEC-109,Noise Canceling Headphones,Technology,Phones & Audio,2,199.0,398.0,0.0,114.4,West,California,San Diego,Credit Card
ORD-2022-15171,2023-05-26,CUST-1241,Deborah Moore,PROD-FUR-119,5-Shelf Ladder Bookcase,Furniture,Bookcases,1,140.0,133.0,0.05,24.0,West,Oregon,Portland,Debit Card
ORD-2024-15172,2022-10-04,CUST-1111,Robert Perez,PROD-HOM-129,Digital Touchscreen Air Fryer 5.8Qt,Home & Kitchen,Appliances,1,110.0,104.5,0.05,23.5,West,California,San Diego,Credit Card
ORD-2023-15173,2022-03-16,CUST-1002,Mary Moore,PROD-OFF-127,Professional Acrylic Paint Set,Office Supplies,Art & Craft,4,42.0,159.6,0.05,55.16,West,California,San Diego,UPI / Net Banking
ORD-2022-15174,2024-04-28,CUST-1449,Michael Gonzalez,PROD-TEC-107,USB-C Multi-Port Hub,Technology,Accessories,4,45.0,108.0,0.4,2.0,Central,Texas,Austin,Credit Card
ORD-2022-15175,2023-01-18,CUST-1018,Nancy Moore,PROD-TEC-104,24-Inch IPS FHD Monitor,Technology,Laptops & Monitors,1,180.0,162.0,0.1,32.0,North,Wisconsin,Milwaukee,Debit Card
ORD-2024-15176,2022-07-19,CUST-1405,George Nguyen,PROD-TEC-112,Smart Fitness Watch,Technology,Phones & Audio,5,149.0,745.0,0.0,200.6,West,California,Los Angeles  ,UPI / Net Banking
ORD-2023-15177,2023-10-06,CUST-1059,Steven Taylor,PROD-OFF-122,Executive Hardcover Notebook 3-Pack,Office Supplies,Paper & Stationary,3,24.0,43.2,0.4,1.2,South,Georgia,Atlanta,Debit Card
ORD-2022-15178,2022-04-16,CUST-1381,Karen Torres,PROD-TEC-102,UltraSlim 14 Inch Notebook,Technology,Laptops & Monitors,2,1100.0,1760.0,0.2,105.0,Central,Illinois,Chicago,Credit Card
ORD-2024-15179,2022-02-04,CUST-1153,Margaret Scott,PROD-TEC-104,24-Inch IPS FHD Monitor,Technology,Laptops & Monitors,2,180.0,342.0,0.05,85.0,East,Massachusetts,Boston,PayPal
ORD-2023-15180,2022-11-19,CUST-1064,Paul Young,PROD-OFF-125,3-Drawer Mobile File Cabinet,Office Supplies,Storage & Organization,1,145.0,137.75,0.05,29.35,South,North Carolina,Charlotte,Debit Card
ORD-2023-15181,2022-08-28,CUST-1042,Kenneth Hernandez,PROD-FUR-118,Solid Wood Conference Table,Furniture,Desks & Tables,4,850.0,3400.0,0.0,503.0,North,Wisconsin,Milwaukee,Credit Card
ORD-2023-15182,2022-08-11,CUST-1041,Brian Jones,PROD-TEC-103,27-Inch 4K UHD Monitor,Technology,Laptops & Monitors,1,350.0,280.0,0.2,24.0,South,North Carolina,Charlotte,Credit Card
ORD-2024-15183,2024-06-10,CUST-1171,John Flores,PROD-HOM-133,Stainless Steel Chef Knife 8-Inch,Home & Kitchen,Cookware & Dining,8,45.0,342.0,0.05,133.0,North,Wisconsin,Milwaukee,Debit Card
ORD-2022-15184,2022-03-26,CUST-1249,Margaret Thompson,PROD-OFF-126,Desktop Document Organizer,Office Supplies,Storage & Organization,2,28.0,53.2,0.05,17.4,West,Washington,Seattle,Debit Card
ORD-2024-15185,2022-02-28,CUST-1061,Margaret Nguyen,PROD-TEC-107,USB-C Multi-Port Hub,Technology,Accessories,2,45.0,90.0,0.0,35.5,West,California,Los Angeles,Credit Card
ORD-2022-15186,2023-06-27,CUST-1114,Donna Anderson,PROD-OFF-124,Heavy-Duty Plastic Storage Bins 4-Pack,Office Supplies,Storage & Organization,4,55.0,209.0,0.05,70.0,South,Florida,Orlando,Cash on Delivery
ORD-2022-15187,2023-02-12,CUST-1335,Edward Torres,PROD-FUR-116,Electric Dual-Motor Standing Desk,Furniture,Desks & Tables,3,450.0,810.0,0.4,-303.0,West,California,San Francisco,Credit Card
ORD-2023-15188,2024-05-14,CUST-1057,William Thomas,PROD-TEC-111,Bluetooth Conference Speaker,Technology,Phones & Audio,2,120.0,228.0,0.05,59.8,South,North Carolina,Charlotte,Debit Card
ORD-2024-15189,2022-09-11,CUST-1101,Emily Hernandez,PROD-HOM-131,Compact HEPA Air Purifier,Home & Kitchen,Appliances,1,130.0,117.0,0.1,19.4,West,California,Los Angeles,Credit Card
ORD-2024-15190,2024-04-29,CUST-1382,Amanda Harris,PROD-TEC-103,27-Inch 4K UHD Monitor,Technology,Laptops & Monitors,2,350.0,525.0,0.25,16.0,South,Georgia,Atlanta,Debit Card
ORD-2024-15191,2024-02-16,CUST-1333,Matthew Nguyen,PROD-OFF-124,Heavy-Duty Plastic Storage Bins 4-Pack,Office Supplies,Storage & Organization,2,55.0,110.0,0.0,39.0,West,California,San Diego,PayPal
ORD-2023-15192,2024-06-06,CUST-1017,Brian Ramirez,PROD-TEC-111,Bluetooth Conference Speaker,Technology,Phones & Audio,2,120.0,240.0,0.0,71.8,North,Wisconsin,Milwaukee,PayPal
ORD-2023-15193,2024-03-08,CUST-1424,Edward Thomas,PROD-TEC-111,Bluetooth Conference Speaker,Technology,Phones & Audio,3,120.0,360.0,0.0,109.2,East,New York,Buffalo,Credit Card
ORD-2023-15194,2024-04-07,CUST-1204,Jennifer Ramirez,PROD-TEC-101,ProBook 15.6 Inch Laptop,Technology,Laptops & Monitors,3,850.0,2550.0,0.0,555.0,South,Georgia,Atlanta,Cash on Delivery
ORD-2022-15195,2023-02-19,CUST-1164,Paul Garcia,PROD-OFF-126,Desktop Document Organizer,Office Supplies,Storage & Organization,2,28.0,53.2,0.05,17.4,Central,Texas,Houston,UPI / Net Banking
ORD-2022-15196,2024-04-13,CUST-1252,Paul Davis,PROD-HOM-133,Stainless Steel Chef Knife 8-Inch,Home & Kitchen,Cookware & Dining,5,45.0,225.0,0.0,93.25,East,Pennsylvania,Philadelphia,PayPal
ORD-2024-15197,2022-03-21,CUST-1208,Joshua Taylor,PROD-FUR-119,5-Shelf Ladder Bookcase,Furniture,Bookcases,3,140.0,420.0,0.0,99.0,West,California,San Francisco,PayPal
ORD-2024-15198,2022-09-21,CUST-1037,Joshua White,PROD-HOM-136,Weighted Cooling Blanket 15lbs,Home & Kitchen,Bedding & Decor,1,95.0,76.0,0.2,10.25,East,Massachusetts,Boston,PayPal
ORD-2023-15199,2023-11-27,CUST-1249,Margaret Thompson,PROD-TEC-111,Bluetooth Conference Speaker,Technology,Phones & Audio,3,120.0,360.0,0.0,109.2,Central,Texas,Houston,PayPal
ORD-2024-15200,2024-06-02,CUST-1449,Michael Gonzalez,PROD-FUR-116,Electric Dual-Motor Standing Desk,Furniture,Desks & Tables,6,450.0,2700.0,0.0,477.0,Central,Texas,Dallas,Debit Card
ORD-2022-15201,2023-06-11,CUST-1103,Kenneth Ramirez,PROD-FUR-113,Ergonomic Executive Mesh Chair,Furniture,Chairs & Stools,2,240.0,384.0,0.2,-5.0,East,Massachusetts,Boston,Credit Card
ORD-2022-15202,2024-05-22,CUST-1200,Susan Perez,PROD-OFF-127,Professional Acrylic Paint Set,Office Supplies,Art & Craft,2,42.0,84.0,0.0,30.28,North,Wisconsin,Milwaukee,Debit Card
ORD-2023-15203,2023-03-04,CUST-1172,Jennifer Clark,PROD-FUR-116,Electric Dual-Motor Standing Desk,Furniture,Desks & Tables,2,450.0,765.0,0.15,22.0,West,California,Los Angeles,Debit Card
ORD-2022-15204,2023-12-10,CUST-1210,Emily Ramirez,PROD-TEC-102,UltraSlim 14 Inch Notebook,Technology,Laptops & Monitors,1,1100.0,1100.0,0.0,271.0,East,Pennsylvania,Philadelphia  ,PayPal
ORD-2023-15205,2024-03-31,CUST-1045,Matthew Moore,PROD-FUR-117,Compact Computer Desk,Furniture,Desks & Tables,2,130.0,260.0,0.0,52.2,West,California,San Francisco,Credit Card
ORD-2024-15206,2022-08-22,CUST-1297,Jessica Martinez,PROD-TEC-112,Smart Fitness Watch,Technology,Phones & Audio,5,149.0,745.0,0.0,200.6,South,Florida,Orlando,Debit Card
ORD-2023-15207,2022-09-24,CUST-1081,George Taylor,PROD-HOM-132,Non-Stick Ceramic Cookware 10-Piece,Home & Kitchen,Cookware & Dining,3,180.0,540.0,0.0,166.8,North,Minnesota,Minneapolis,Credit Card
ORD-2023-15208,2024-01-19,CUST-1294,Joshua Torres,PROD-HOM-133,Stainless Steel Chef Knife 8-Inch,Home & Kitchen,Cookware & Dining,2,45.0,45.0,0.5,-9.5,South,Florida,Orlando,Debit Card
ORD-2022-15209,2024-03-11,CUST-1316,Joshua Moore,PROD-OFF-123,Gel Ink Pens Box of 24,Office Supplies,Paper & Stationary,10,15.0,135.0,0.1,54.5,East,New York,New York City,Debit Card
ORD-2024-15210,2024-04-18,CUST-1385,Brian Thomas,PROD-TEC-102,UltraSlim 14 Inch Notebook,Technology,Laptops & Monitors,1,1100.0,1100.0,0.0,271.0,South,Florida,Miami,Debit Card
ORD-2023-15211,2024-03-07,CUST-1155,Elizabeth Gonzalez,PROD-OFF-122,Executive Hardcover Notebook 3-Pack,Office Supplies,Paper & Stationary,1,24.0,19.2,0.2,3.2,West,California,San Francisco,Cash on Delivery
ORD-2022-15212,2023-12-08,CUST-1361,Thomas Garcia,PROD-HOM-131,Compact HEPA Air Purifier,Home & Kitchen,Appliances,6,130.0,585.0,0.25,14.4,South,Florida,Orlando,Credit Card
ORD-2023-15213,2022-02-21,CUST-1398,Dorothy Martinez,PROD-TEC-107,USB-C Multi-Port Hub,Technology,Accessories,2,45.0,90.0,0.0,35.5,West,Washington,Seattle,Debit Card
ORD-2023-15214,2022-09-17,CUST-1186,Paul Taylor,PROD-TEC-107,USB-C Multi-Port Hub,Technology,Accessories,1,45.0,31.5,0.3,2.75,North,Michigan,Detroit,Credit Card
ORD-2023-15215,2022-01-05,CUST-1280,Paul Walker,PROD-OFF-126,Desktop Document Organizer,Office Supplies,Storage & Organization,2,28.0,53.2,0.05,17.4,South,Florida,Orlando,PayPal
ORD-2022-15216,2023-08-19,CUST-1218,John Martin,PROD-OFF-128,Precision Cutting Mat & Knife Set,Office Supplies,Art & Craft,1,22.0,20.9,0.05,5.46,West,California,Los Angeles,Cash on Delivery
ORD-2024-15217,2023-02-20,CUST-1203,Thomas Brown,PROD-FUR-120,Modern Modular Bookshelf,Furniture,Bookcases,1,210.0,210.0,0.0,42.2,South,North Carolina,Charlotte,UPI / Net Banking
ORD-2024-15218,2022-01-04,CUST-1233,Matthew Williams,PROD-TEC-110,True Wireless Earbuds,Technology,Phones & Audio,4,89.0,338.2,0.05,99.8,Central,Texas,Houston,Debit Card
ORD-2023-15219,2023-01-09,CUST-1441,Christopher Davis,PROD-TEC-104,24-Inch IPS FHD Monitor,Technology,Laptops & Monitors,1,180.0,171.0,0.05,41.0,East,Massachusetts,Boston,Credit Card
ORD-2022-15220,2023-01-23,CUST-1235,Richard Robinson,PROD-OFF-127,Professional Acrylic Paint Set,Office Supplies,Art & Craft,6,42.0,252.0,0.0,96.84,North,Wisconsin,Milwaukee,Credit Card
ORD-2024-15221,2023-01-24,CUST-1423,Ashley Scott,PROD-OFF-127,Professional Acrylic Paint Set,Office Supplies,Art & Craft,1,42.0,37.8,0.1,9.44,South,North Carolina,Charlotte,Debit Card
ORD-2024-15222,2023-12-28,CUST-1294,Joshua Torres,PROD-OFF-123,Gel Ink Pens Box of 24,Office Supplies,Paper & Stationary,5,15.0,75.0,0.0,33.25,North,Wisconsin,Milwaukee,
ORD-2024-15223,2022-09-15,CUST-1080,Sandra Smith,PROD-FUR-119,5-Shelf Ladder Bookcase,Furniture,Bookcases,5,140.0,665.0,0.05,132.0,South,Florida,Miami,PayPal
ORD-2023-15224,2023-12-27,CUST-1140,Sandra Thomas,PROD-TEC-110,True Wireless Earbuds,Technology,Phones & Audio,1,89.0,66.75,0.25,4.9,East,New York,Buffalo,Credit Card
ORD-2024-15225,2024-03-24,CUST-1303,Sandra Brown,PROD-HOM-131,Compact HEPA Air Purifier,Home & Kitchen,Appliances,4,130.0,520.0,0.0,138.6,East,New York,Buffalo,Debit Card
ORD-2022-15226,2022-09-21,CUST-1228,Mary Lopez,PROD-FUR-114,High-Back Leather Gaming Chair,Furniture,Chairs & Stools,4,290.0,1160.0,0.0,201.8,Central,Illinois,Chicago,PayPal
ORD-2022-15227,2024-01-17,CUST-1287,Amanda Martin,PROD-OFF-121,Premium Multipurpose Copy Paper 5 Reams,Office Supplies,Paper & Stationary,4,38.0,114.0,0.25,23.4,South,Florida,Miami,PayPal
ORD-2022-15228,2024-01-24,CUST-1166,Kenneth Jones,PROD-TEC-106,Mechanical RGB Keyboard,Technology,Accessories,2,75.0,150.0,0.0,47.5,Central,Texas,Houston,Cash on Delivery
ORD-2022-15229,2022-03-09,CUST-1357,Christopher Wilson,PROD-HOM-129,Digital Touchscreen Air Fryer 5.8Qt,Home & Kitchen,Appliances,3,110.0,330.0,0.0,93.0,West,California,Los Angeles,Debit Card
ORD-2022-15230,2024-02-17,CUST-1179,Kevin Martin,PROD-FUR-117,Compact Computer Desk,Furniture,Desks & Tables,3,130.0,351.0,0.1,40.8,Central,Texas,Dallas,Credit Card
ORD-2024-15231,2023-10-11,CUST-1260,Michelle Lee,PROD-TEC-111,Bluetooth Conference Speaker,Technology,Phones & Audio,6,120.0,648.0,0.1,149.4,East,Pennsylvania,Philadelphia,Credit Card
ORD-2024-15232,2022-05-31,CUST-1017,Brian Ramirez,PROD-OFF-126,Desktop Document Organizer,Office Supplies,Storage & Organization,5,28.0,112.0,0.2,27.0,West,Oregon,Portland,Credit Card
ORD-2024-15233,2023-12-06,CUST-1022,Matthew Miller,PROD-TEC-112,Smart Fitness Watch,Technology,Phones & Audio,1,149.0,149.0,0.0,37.72,Central,Ohio,Columbus,Debit Card
ORD-2024-15234,2022-04-13,CUST-1388,Linda Torres,PROD-HOM-133,Stainless Steel Chef Knife 8-Inch,Home & Kitchen,Cookware & Dining,3,45.0,121.5,0.1,41.25,East,New York,New York City,Credit Card
ORD-2023-15235,2022-11-26,CUST-1128,Kevin Ramirez,PROD-OFF-127,Professional Acrylic Paint Set,Office Supplies,Art & Craft,2,42.0,84.0,0.0,30.28,East,Pennsylvania,Philadelphia,Debit Card
ORD-2023-15236,2023-04-23,CUST-1355,Barbara Brown,PROD-FUR-119,5-Shelf Ladder Bookcase,Furniture,Bookcases,4,140.0,476.0,0.15,49.0,South,North Carolina,Charlotte,PayPal
ORD-2023-15237,2023-11-30,CUST-1011,Mary Scott,PROD-HOM-131,Compact HEPA Air Purifier,Home & Kitchen,Appliances,3,130.0,390.0,0.0,103.2,North,Wisconsin,Milwaukee,Credit Card
ORD-2023-15238,2023-05-11,CUST-1003,Jessica Anderson,PROD-OFF-127,Professional Acrylic Paint Set,Office Supplies,Art & Craft,1,42.0,42.0,0.0,13.64,North,Wisconsin,Milwaukee,Cash on Delivery
ORD-2023-15239,2024-03-19,CUST-1271,Michelle Torres,PROD-FUR-120,Modern Modular Bookshelf,Furniture,Bookcases,4,210.0,756.0,0.1,93.8,West,California,Los Angeles,Cash on Delivery
ORD-2023-15240,2022-05-25,CUST-1438,Sarah Martin,PROD-TEC-104,24-Inch IPS FHD Monitor,Technology,Laptops & Monitors,3,180.0,405.0,0.25,21.0,West,California,San Diego,Credit Card
ORD-2022-15241,2023-10-23,CUST-1194,Karen Miller,PROD-HOM-129,Digital Touchscreen Air Fryer 5.8Qt,Home & Kitchen,Appliances,4,110.0,440.0,0.0,125.0,North,Wisconsin,Milwaukee,Debit Card
ORD-2024-15242,2022-09-22,CUST-1252,Paul Davis,PROD-FUR-117,Compact Computer Desk,Furniture,Desks & Tables,5,130.0,650.0,0.0,135.0,Central,Illinois,Chicago,Debit Card
ORD-2022-15243,2024-06-17,CUST-1062,Betty White,PROD-HOM-129,Digital Touchscreen Air Fryer 5.8Qt,Home & Kitchen,Appliances,3,110.0,313.5,0.05,76.5,North,Minnesota,Minneapolis  ,PayPal
ORD-2024-15244,2022-08-28,CUST-1278,Sandra Lewis,PROD-FUR-118,Solid Wood Conference Table,Furniture,Desks & Tables,1,850.0,680.0,0.2,-46.5,West,California,Los Angeles,Credit Card
ORD-2023-15245,2023-03-27,CUST-1215,Lisa Nguyen,PROD-TEC-104,24-Inch IPS FHD Monitor,Technology,Laptops & Monitors,1,180.0,144.0,0.2,14.0,West,Oregon,Portland,Credit Card
ORD-2023-15246,2023-02-06,CUST-1101,Emily Hernandez,PROD-OFF-127,Professional Acrylic Paint Set,Office Supplies,Art & Craft,5,42.0,178.5,0.15,48.7,East,New York,New York City,PayPal
ORD-2022-15247,2022-04-29,CUST-1108,Donald King,PROD-TEC-110,True Wireless Earbuds,Technology,Phones & Audio,5,89.0,445.0,0.0,147.75,South,North Carolina,Charlotte,Debit Card
ORD-2024-15248,2023-12-18,CUST-1350,Mary Sanchez,PROD-OFF-124,Heavy-Duty Plastic Storage Bins 4-Pack,Office Supplies,Storage & Organization,3,55.0,156.75,0.05,51.75,Central,Ohio,Columbus,Credit Card
ORD-2024-15249,2023-01-06,CUST-1263,Paul Martin,PROD-OFF-126,Desktop Document Organizer,Office Supplies,Storage & Organization,3,28.0,84.0,0.0,31.8,West,Oregon,Portland,Credit Card
ORD-2024-15250,2023-02-21,CUST-1101,Emily Hernandez,PROD-OFF-127,Professional Acrylic Paint Set,Office Supplies,Art & Craft,4,42.0,168.0,0.0,63.56,West,Washington,Seattle,Debit Card
